Province/State,Country/Region,Lat,Long,1/22/20,1/23/20,1/24/20,1/25/20,1/26/20,1/27/20,1/28/20,1/29/20,1/30/20,1/31/20,2/1/20,2/2/20,2/3/20,2/4/20,2/5/20,2/6/20,2/7/20,2/8/20,2/9/20,2/10/20,2/11/20,2/12/20,2/13/20,2/14/20,2/15/20,2/16/20,2/17/20,2/18/20,2/19/20,2/20/20,2/21/20,2/22/20,2/23/20,2/24/20,2/25/20,2/26/20,2/27/20,2/28/20,2/29/20,3/1/20,3/2/20,3/3/20,3/4/20,3/5/20,3/6/20,3/7/20,3/8/20
Anhui,Mainland China,31.8257,117.2264,96,0,0,0,0,0,0,0,0,0,0,0,0,0,0,0,0,0,0,0,0,0,0,0,0,0,0,0,0,0,0,0,0,0,0,0,0,0,0,0,0,0,0,0,0,0,0
Beijing,Mainland China,40.1824,116.4142,26,0,0,0,0,0,0,0,0,0,0,0,0,0,0,0,0,0,0,0,0,0,0,0,0,0,0,0,0,0,0,0,0,0,0,0,0,0,0,0,0,0,0,0,0,0,0
Chongqing,Mainland China,30.0572,107.874,83,0,0,0,0,0,0,0,0,0,0,0,0,0,0,0,0,0,0,0,0,0,0,0,0,0,0,0,0,0,0,0,0,0,0,0,0,0,0,0,0,0,0,0,0,0,0
Fujian,Mainland China,26.0789,117.9874,74,0,0,0,0,0,0,0,0,0,0,0,0,0,0,0,0,0,0,0,0,0,0,0,0,0,0,0,0,0,0,0,0,0,0,0,0,0,0,0,0,0,0,0,0,0,0
Gansu,Mainland China,36.0611,103.8343,67,0,0,0,0,0,0,0,0,0,0,0,0,0,0,0,0,0,0,0,0,0,0,0,0,0,0,0,0,0,0,0,0,0,0,0,0,0,0,0,0,0,0,0,0,0,0
Guangdong,Mainland China,23.3417,113.4244,73,0,0,0,0,0,0,0,0,0,0,0,0,0,0,0,0,0,0,0,0,0,0,0,0,0,0,0,0,0,0,0,0,0,0,0,0,0,0,0,0,0,0,0,0,0,0
Guangxi,Mainland China,23.8298,108.7881,96,0,0,0,0,0,0,0,0,0,0,0,0,0,0,0,0,0,0,0,0,0,0,0,0,0,0,0,0,0,0,0,0,0,0,0,0,0,0,0,0,0,0,0,0,0,0
Guizhou,Mainland China,26.8154,106.8748,96,0,0,0,0,0,0,0,0,0,0,0,0,0,0,0,0,0,0,0,0,0,0,0,0,0,0,0,0,0,0,0,0,0,0,0,0,0,0,0,0,0,0,0,0,0,0
Hainan,Mainland China,19.1959,109.7453,48,0,0,0,0,0,0,0,0,0,0,0,0,0,0,0,0,0,0,0,0,0,0,0,0,0,0,0,0,0,0,0,0,0,0,0,0,0,0,0,0,0,0,0,0,0,0
Hebei,Mainland China,38.0428,114.5149,44,0,0,0,0,0,0,0,0,0,0,0,0,0,0,0,0,0,0,0,0,0,0,0,0,0,0,0,0,0,0,0,0,0,0,0,0,0,0,0,0,0,0,0,0,0,0
Heilongjiang,Mainland China,47.861999999999995,127.7615,81,0,0,0,0,0,0,0,0,0,0,0,0,0,0,0,0,0,0,0,0,0,0,0,0,0,0,0,0,0,0,0,0,0,0,0,0,0,0,0,0,0,0,0,0,0,0
Henan,Mainland China,33.882020000000004,113.61399999999999,68,68,68,68,68,68,68,68,68,66,68,68,68,68,68,70,68,68,57,56,55,55,55,56,57,56,55,39,56,56,48,39,31,39,34,39,48,62,48,39,48,62,62,48,48,34,53
Hubei,Mainland China,30.9756,112.2707,69,69,69,69,83,83,69,65,54,54,65,79,79,79,65,65,56,54,49,49,49,37,45,54,56,46,45,45,45,45,45,45,46,62,60,60,62,63,62,60,62,63,62,62,62,61,62
Hunan,Mainland China,27.6104,111.7088,95,96,96,96,96,96,96,95,94,90,90,90,91,90,86,86,86,86,62,62,86,86,86,86,86,86,85,77,77,77,77,77,68,68,59,59,68,68,68,59,68,72,77,84,88,88,93
Inner Mongolia,Mainland China,44.0935,113.9448,32,32,32,32,30,32,34,36,36,32,32,32,32,32,32,32,32,32,32,32,32,32,32,38,38,38,32,32,38,42,51,51,51,55,65,65,65,52,52,52,52,53,52,52,52,47,52
Jiangsu,Mainland China,32.9711,119.455,79,79,79,79,79,79,79,79,78,67,54,51,54,54,54,54,54,54,49,46,46,32,46,49,55,55,55,49,55,55,55,39,32,39,55,55,55,55,55,55,65,65,65,60,60,56,56
Jiangxi,Mainland China,27.614,115.7221,87,88,92,92,92,92,92,88,87,87,87,87,87,88,87,95,92,87,85,78,78,74,75,75,79,79,75,74,73,73,73,71,70,69,69,56,56,56,56,56,56,69,70,75,87,88,88
Jilin,Mainland China,43.6661,126.1923,65,56,50,50,33,26,26,33,50,50,65,65,50,50,56,50,56,56,56,56,56,56,56,56,56,56,56,56,56,56,56,56,56,56,78,78,78,78,57,57,57,57,79,79,79,79,79
Liaoning,Mainland China,41.2956,122.6085,23,23,23,24,9,9,9,27,31,31,27,27,9,22,22,7,7,7,17,17,7,7,7,7,16,17,17,17,17,22,39,22,27,39,45,45,45,50,50,50,45,50,56,56,56,56,57
Ningxia,Mainland China,37.2692,106.1655,53,53,53,44,44,44,44,36,33,31,36,31,31,31,31,20,17,17,17,15,15,15,17,17,17,15,14,17,17,17,22,22,22,31,31,33,34,33,33,34,44,44,41,41,41,41,44
Qinghai,Mainland China,35.7452,95.9956,79,82,79,74,74,74,74,72,71,72,71,67,67,66,67,66,66,66,67,66,47,47,55,47,47,37,47,55,73,68,68,55,55,37,37,55,59,59,59,55,59,59,55,55,51,55,56
Shaanxi,Mainland China,35.1917,108.8701,62,62,62,62,73,79,79,79,73,62,73,79,79,62,62,88,59,59,38,38,38,38,38,55,38,37,35,37,38,53,38,35,35,35,26,26,35,36,35,36,40,45,40,36,36,36,36
Shandong,Mainland China,36.3427,118.1498,55,57,57,57,57,62,62,73,73,62,62,73,73,73,62,79,80,79,53,42,42,38,30,38,42,38,30,30,30,30,30,22,22,30,39,30,39,70,39,39,60,69,69,60,63,60,60
Shanghai,Mainland China,31.201999999999998,121.4491,81,85,85,85,85,94,94,94,94,85,78,54,78,78,78,78,78,54,53,49,49,49,53,54,66,66,66,53,66,66,53,46,44,46,66,66,48,48,48,48,62,73,76,73,73,73,73
Shanxi,Mainland China,37.5777,112.2922,52,65,65,65,65,65,65,65,65,55,65,55,55,55,55,63,55,25,12,4,1,0,0,1,1,1,0,1,1,1,1,1,1,7,7,7,14,14,14,26,27,27,26,26,26,18,26
Sichuan,Mainland China,30.6171,102.7103,52,64,71,71,71,71,71,71,71,71,71,71,71,71,71,80,71,70,70,70,69,69,69,66,66,66,66,66,66,66,66,64,59,49,48,48,49,64,49,49,67,70,70,70,48,48,47
Tianjin,Mainland China,39.3054,117.323,35,35,35,35,35,35,39,44,44,39,35,35,35,35,35,44,44,34,34,25,20,15,15,15,20,15,15,15,15,15,15,15,9,15,15,26,32,36,36,36,36,36,36,36,36,32,36
Tibet,Mainland China,31.6927,88.0924,41,41,40,40,41,41,44,44,44,44,38,38,34,32,32,32,32,38,44,38,38,32,32,31,31,25,25,25,31,31,31,31,25,25,31,46,52,52,52,65,68,68,68,68,68,68,68
Xinjiang,Mainland China,41.1129,85.2401,57,57,56,57,57,46,44,41,35,41,35,17,17,17,18,18,18,18,12,18,18,21,25,26,26,37,37,37,50,50,50,37,37,50,52,52,52,60,60,60,52,52,47,40,40,47,60
Yunnan,Mainland China,24.974,101.48700000000001,2,2,2,2,2,3,7,20,20,20,27,27,27,27,27,27,27,27,27,28,28,28,28,17,17,17,23,28,32,32,32,32,39,41,32,40,40,40,40,40,28,36,36,28,28,28,26
Zhejiang,Mainland China,29.1832,120.0934,85,89,89,89,89,92,95,95,92,89,80,74,80,92,92,92,94,84,82,69,69,69,69,69,78,78,78,73,69,69,53,38,36,38,38,38,38,38,38,38,38,53,81,81,81,90,91
,Thailand,15.0,101.0,14,14,17,33,33,33,33,38,38,43,43,43,43,43,43,40,40,40,40,40,40,40,40,40,32,32,32,40,40,40,32,26,26,21,21,21,21,21,21,26,30,36,36,37,41,44,44
,Japan,36.0,138.0,55,55,57,57,59,59,67,67,67,67,60,57,57,57,57,57,51,51,47,43,37,37,37,42,42,43,51,46,46,51,51,51,46,46,51,52,56,52,57,61,61,61,72,72,61,70,70
,South Korea,36.0,128.0,62,64,65,68,71,79,88,90,90,90,79,79,79,79,79,75,75,72,69,38,34,34,34,34,34,38,38,38,49,49,55,49,49,49,55,64,64,70,71,70,64,64,64,53,53,53,53
Taiwan,Taiwan,23.7,121.0,14,16,16,16,19,22,22,35,35,35,35,35,35,39,39,39,35,28,28,28,28,28,28,28,31,35,36,36,35,32,32,32,35,35,32,32,32,32,32,32,28,28,28,33,36,36,36
"King County, WA",US,47.6062,-122.3321,83,82,84,84,82,82,80,80,80,80,81,82,81,81,82,82,82,82,82,81,81,81,81,80,73,73,72,72,72,68,66,64,64,64,64,64,64,63,61,61,61,61,63,64,64,68,69
"Cook County, IL",US,41.7377,-87.6976,72,79,83,88,88,88,91,91,95,95,95,95,94,94,94,94,94,94,87,86,85,79,79,79,76,75,52,75,75,60,52,47,47,47,47,47,52,42,28,28,28,41,28,28,28,36,36
Macau,Macau,22.1667,113.55,49,49,48,48,49,49,48,48,48,46,46,46,46,46,46,46,53,53,53,51,53,53,55,56,57,60,60,60,56,55,51,51,48,48,39,36,28,28,28,21,21,28,28,36,39,45,54
Hong Kong,Hong Kong,22.3,114.2,68,68,68,69,73,73,73,73,71,71,69,71,69,71,71,71,72,71,67,62,67,62,62,67,70,72,70,70,67,62,52,31,44,44,31,30,30,30,30,27,27,27,41,44,47,47,56
,Singapore,1.2833,103.8333,83,82,81,76,70,70,63,63,63,61,63,63,66,66,66,73,73,76,77,79,77,79,79,77,77,77,76,74,74,70,66,65,56,39,39,39,39,39,38,56,56,56,61,61,64,69,70
,Vietnam,16.0,108.0,67,66,67,67,66,66,67,68,69,76,80,80,80,80,80,80,80,76,56,56,56,55,55,52,52,36,52,52,55,55,55,56,55,52,52,40,40,37,36,36,37,37,37,37,40,37,34
,France,47.0,2.0,61,61,49,49,49,49,49,49,49,64,80,84,86,86,86,86,86,86,88,88,88,84,84,84,84,84,84,67,84,84,84,84,84,84,84,83,84,84,84,84,84,84,86,86,86,86,86
,Nepal,28.1667,84.25,20,20,20,21,26,34,34,34,34,31,26,26,26,22,14,17,13,13,7,6,5,6,6,5,5,5,6,7,11,17,24,28,28,28,28,33,28,34,34,36,34,34,36,34,34,34,34
,Malaysia,2.5,112.5,94,93,93,89,86,83,81,79,79,79,76,76,76,76,79,86,88,91,92,92,93,93,96,96,96,96,95,95,93,93,93,93,91,85,85,85,87,87,87,87,95,97,98,98,99,99,99
"Toronto, ON",Canada,43.6532,-79.3832,66,66,66,80,80,80,80,80,66,66,74,74,74,74,78,78,82,82,79,79,79,78,78,78,78,78,78,69,78,69,69,61,60,60,57,57,57,57,57,57,49,49,57,49,48,49,49
British Columbia,Canada,49.2827,-123.1207,82,82,88,88,88,88,88,88,88,83,88,88,83,79,79,79,79,79,79,75,73,73,69,69,60,60,60,60,60,48,44,43,43,44,44,48,48,48,48,44,44,56,69,69,71,71,71
"Los Angeles, CA",US,34.0522,-118.2437,26,24,24,24,24,25,25,25,25,25,24,18,19,13,11,9,8,8,8,8,8,6,6,8,7,7,8,8,8,9,9,12,15,17,15,9,9,15,15,21,27,27,27,21,21,28,31
New South Wales,Australia,-33.8688,151.2093,81,81,66,71,66,65,65,66,65,59,55,55,55,55,59,60,65,67,67,69,69,72,76,76,76,77,77,77,77,77,77,77,77,59,57,59,59,57,59,59,59,65,70,78,78,71,71
Victoria,Australia,-37.8136,144.9631,56,56,56,53,50,50,53,53,53,50,53,56,53,42,40,40,40,40,40,40,40,40,40,52,61,61,52,52,61,64,64,64,64,64,64,64,56,64,56,56,56,67,75,75,75,75,75
Queensland,Australia,-28.0167,153.4,76,78,79,87,87,78,76,70,60,60,53,51,51,53,60,60,60,60,60,60,61,73,80,80,80,80,80,80,73,66,47,47,47,47,47,42,42,42,42,42,42,42,42,54,56,56,59
,Cambodia,11.55,104.9167,24,24,24,24,24,24,24,24,31,32,32,32,32,38,44,44,52,52,52,52,52,52,52,40,40,40,40,40,40,37,34,34,32,30,28,28,28,28,27,28,28,28,28,30,36,41,42
,Sri Lanka,7.0,81.0,78,78,78,78,80,80,80,80,78,78,78,78,80,78,80,80,80,78,64,56,56,56,78,80,80,80,80,78,62,50,50,50,62,80,80,72,72,72,72,72,74,74,74,80,84,84,77
,Germany,51.0,9.0,82,59,59,57,57,57,57,57,57,82,83,83,85,85,85,86,86,86,86,86,85,85,85,85,85,85,85,85,85,85,85,86,86,88,89,89,90,90,90,90,89,89,89,90,92,92,92
,Finland,64.0,26.0,73,72,72,72,72,89,92,93,93,96,99,99,96,93,93,93,93,93,94,99,100,100,99,94,85,85,85,85,90,90,94,95,95,95,90,89,85,85,85,76,76,76,76,76,77,76,76
,United Arab Emirates,24.0,54.0,8,11,11,11,8,11,11,11,11,8,10,12,12,12,12,15,12,10,10,12,12,12,13,12,12,13,13,14,15,22,40,40,40,41,41,33,23,22,22,22,22,13,12,2,2,1,0
,Philippines,13.0,122.0,60,56,56,60,60,56,45,45,56,45,56,60,60,50,50,60,61,60,50,56,56,56,50,44,44,37,36,32,32,32,32,31,31,31,31,31,32,32,35,35,35,51,51,51,51,55,56
,India,21.0,78.0,38,38,36,36,36,36,36,36,28,27,27,27,27,28,28,28,28,28,27,28,28,28,28,28,28,25,18,1,1,1,1,1,1,1,1,1,1,1,0,0,5,5,5,1,0,0,0
"London, ON",Canada,42.9849,-81.2453,77,77,80,82,82,82,82,82,82,82,78,78,78,78,82,82,86,86,83,83,83,83,80,83,83,83,83,80,83,80,80,74,65,65,63,63,63,63,63,65,56,56,68,56,56,68,68
,Italy,43.0,12.0,30,30,44,55,57,57,69,72,72,72,72,72,75,69,69,69,69,69,68,68,68,45,38,28,28,28,28,28,28,28,28,28,28,28,28,28,28,30,32,34,47,47,34,47,47,56,56
,UK,55.0,-3.0,80,82,82,86,86,86,86,91,91,94,91,94,94,94,91,91,89,85,83,83,85,85,85,85,83,83,83,83,83,88,89,91,91,94,91,89,89,91,88,91,88,88,88,88,88,78,76
,Russia,60.0,90.0,95,95,96,97,97,97,98,99,99,99,99,99,99,99,99,100,100,100,100,100,100,100,100,99,98,98,98,98,98,99,98,98,98,98,96,95,93,91,91,89,91,93,93,91,88,88,88
,Sweden,63.0,16.0,71,71,67,74,74,79,83,91,94,98,99,98,98,94,94,94,91,91,95,95,88,88,85,83,69,69,69,69,64,64,69,69,69,69,62,60,56,60,56,56,56,69,72,78,78,72,72
,Spain,40.0,-4.0,81,81,83,87,87,87,87,90,90,90,90,90,90,83,80,75,75,67,67,67,67,67,67,62,59,48,48,59,59,59,59,33,18,18,18,18,18,18,23,23,37,37,37,51,54,55,55
South Australia,Australia,-34.9285,138.6007,23,35,45,34,34,34,34,34,34,34,45,42,42,34,34,33,23,15,15,12,11,11,11,18,18,18,11,11,18,31,31,31,31,31,31,34,31,34,34,34,48,53,53,53,53,53,53
"San Benito, CA",US,36.5761,-120.9876,42,54,42,40,40,42,42,42,42,42,40,39,37,35,34,33,32,31,28,11,7,7,6,6,6,6,7,7,7,7,7,7,9,11,14,14,14,15,16,20,21,20,20,20,27,35,35
,Belgium,50.8333,4.0,70,66,60,57,57,57,57,55,55,57,57,61,70,73,73,73,73,76,86,86,82,82,84,82,82,82,76,72,72,74,77,78,78,78,78,83,84,83,89,88,88,88,88,89,88,88,89
"Madison, WI",US,43.0731,-89.4012,72,76,80,84,84,85,87,87,93,93,95,95,95,95,95,95,95,88,85,85,69,51,51,51,46,46,44,46,51,46,44,44,44,40,40,44,56,44,37,37,37,36,36,22,36,36,36
Diamond Princess cruise ship,Others,35.4437,139.638,60,60,65,66,68,74,85,85,85,85,74,64,64,64,64,62,62,59,54,54,48,48,48,54,54,56,56,54,48,56,56,56,41,41,56,59,56,45,45,45,45,45,56,63,56,63,63
"San Diego County, CA",US,32.7157,-117.1611,46,46,42,42,46,56,56,56,46,42,40,28,34,34,28,23,17,17,17,17,17,15,15,12,12,12,16,16,16,17,20,33,34,34,34,33,33,34,37,39,45,46,46,45,46,47,47
"San Antonio, TX",US,29.4241,-98.4936,63,79,79,63,63,63,63,45,45,45,45,30,28,30,45,45,30,30,45,45,52,53,56,56,53,54,56,62,63,67,67,67,67,71,71,67,63,54,54,54,67,67,72,56,31,31,38
,Egypt,26.0,30.0,17,17,13,8,7,7,7,7,6,5,5,4,4,4,0,0,0,0,0,0,0,0,0,0,0,0,0,0,1,1,1,1,1,1,1,1,4,1,0,0,0,0,0,0,0,0,0
,Iran,32.0,53.0,30,32,32,32,32,32,11,11,20,9,5,5,5,5,5,0,0,0,0,0,0,1,0,0,1,1,1,3,7,10,10,16,16,19,23,48,48,48,48,23,19,15,10,9,6,9,9
"Omaha, NE (From Diamond Princess)",US,41.2545,-95.9758,42,46,47,52,52,56,56,56,76,84,95,84,84,84,84,84,76,76,67,64,64,52,52,48,43,21,21,48,21,21,18,18,15,15,15,18,24,24,26,26,32,32,26,26,24,24,24
"Travis, CA (From Diamond Princess)",US,38.2721,-121.9399,43,43,42,40,42,42,42,42,42,42,41,40,40,38,33,21,21,18,16,13,8,4,3,3,3,3,3,3,4,5,5,8,8,8,8,8,8,8,8,8,8,8,7,6,7,7,7
From Diamond Princess,Australia,35.4437,139.638,60,60,65,66,68,74,85,85,85,85,74,64,64,64,64,62,62,59,54,54,48,48,48,54,54,56,56,54,48,56,56,56,41,41,56,59,56,45,45,45,45,45,56,63,56,63,63
"Lackland, TX (From Diamond Princess)",US,29.3829,-98.6134,60,76,76,60,60,60,60,43,42,42,42,30,23,30,42,42,30,30,42,42,49,54,56,56,54,53,54,61,62,65,65,65,65,66,66,65,62,53,53,53,57,57,57,53,28,28,31
,Lebanon,33.8547,35.8623,76,76,75,75,75,64,64,64,64,64,64,63,63,60,60,60,60,60,64,66,66,66,66,66,66,68,68,66,68,68,68,68,66,65,62,62,61,60,56,56,52,52,52,52,52,48,44
"Humboldt County, CA",US,40.745,-123.8695,79,81,81,81,81,81,81,81,81,81,75,76,75,75,75,74,71,67,59,50,47,42,37,37,37,37,37,37,37,37,37,37,35,35,35,35,35,35,35,35,22,22,18,18,22,22,32
"Sacramento County, CA",US,38.4747,-121.3542,57,62,62,62,62,62,62,62,62,62,56,55,53,52,50,44,32,30,28,26,19,9,9,8,8,8,8,8,9,10,10,10,10,16,16,16,16,16,17,17,17,16,16,10,15,15,15
,Iraq,33.0,44.0,47,47,47,47,47,47,47,55,55,47,40,40,34,34,28,28,10,10,10,24,28,28,28,28,28,28,28,28,35,37,37,38,38,38,38,37,37,38,38,37,26,26,23,13,13,13,13
Unassigned Location (From Diamond Princess),US,35.4437,139.638,60,60,65,66,68,74,85,85,85,85,74,64,64,64,64,62,62,59,54,54,48,48,48,54,54,56,56,54,48,56,56,56,41,41,56,59,56,45,45,45,45,45,56,63,56,63,63
,Oman,21.0,57.0,11,12,12,12,12,6,6,5,5,5,5,5,6,12,13,16,16,22,22,22,23,32,33,33,33,33,33,35,33,35,35,33,35,35,35,32,22,20,20,20,20,20,14,6,0,0,0
,Afghanistan,33.0,65.0,46,69,76,73,69,46,42,38,38,38,38,38,38,17,17,12,12,9,9,12,12,17,24,24,24,24,26,26,26,24,26,26,28,26,26,26,26,28,28,28,28,31,31,32,32,31,32
,Bahrain,26.0275,50.55,16,16,10,8,10,10,7,10,10,10,16,16,6,6,6,6,6,4,20,24,24,24,20,9,9,9,9,24,24,30,24,9,30,30,30,47,47,47,47,47,47,15,8,3,2,0,0
,Kuwait,29.5,47.75,24,24,24,24,22,22,22,22,22,22,22,5,5,5,5,5,3,5,5,10,10,9,5,5,9,9,10,20,24,25,24,24,42,42,44,44,44,44,44,42,15,4,0,0,0,0,0
,Algeria,28.0339,1.6596,5,5,10,13,13,13,13,13,10,7,5,5,5,1,0,0,0,0,0,0,0,0,1,13,13,22,22,22,22,32,32,32,21,21,21,13,13,8,8,8,8,8,8,5,5,5,5
,Croatia,45.1,15.2,52,49,49,54,56,61,76,76,76,76,56,56,56,56,59,59,59,59,56,56,56,56,56,56,56,55,55,55,54,50,50,50,54,55,55,55,55,54,54,64,65,65,65,65,68,70,70
,Switzerland,46.8182,8.2275,41,41,34,34,34,34,41,41,67,68,68,68,68,82,82,82,82,82,82,89,90,90,90,82,80,89,89,81,81,81,86,86,89,89,86,86,86,81,86,86,82,82,83,83,84,84,84
,Austria,47.5162,14.5501,56,56,54,56,56,57,57,65,66,72,72,72,72,83,88,88,88,88,83,74,83,74,76,83,83,89,89,76,76,74,74,74,75,76,76,76,76,81,77,77,77,77,81,77,81,82,82
,Israel,31.0,35.0,53,53,53,53,53,53,53,43,43,42,42,37,24,22,22,20,17,17,17,20,20,17,17,20,20,14,13,13,14,33,33,33,13,13,13,13,28,28,20,28,28,28,20,17,17,17,17
,Pakistan,30.3753,69.3451,31,31,31,26,24,24,22,22,14,14,13,13,13,13,12,7,3,0,0,0,0,0,3,3,3,7,7,13,13,13,27,27,27,27,13,13,13,13,13,13,8,8,8,8,20,8,12
,Brazil,-14.235,-51.9253,77,77,77,77,79,79,91,91,91,92,92,92,92,92,92,92,91,91,91,90,89,87,87,89,80,79,79,79,79,80,89,90,89,89,89,89,89,89,87,89,89,89,89,89,87,87,87
,Georgia,42.3154,43.3569,70,70,70,53,48,43,43,48,53,70,76,78,88,89,89,89,89,89,89,89,89,89,89,90,89,89,89,79,70,70,77,77,77,77,78,78,77,77,77,77,77,77,77,77,77,78,77
,Greece,39.0742,21.8243,28,28,28,42,48,48,48,48,48,48,48,49,49,49,49,52,52,52,52,49,49,49,49,54,60,66,66,66,67,67,67,67,67,67,67,67,66,66,49,45,45,46,49,49,49,46,46
,North Macedonia,41.6086,21.7453,36,36,36,36,36,36,36,36,36,38,38,28,28,38,49,50,50,50,50,49,38,38,37,37,33,33,33,31,31,31,31,33,37,37,38,40,38,40,38,40,42,43,43,43,43,60,63
,Norway,60.472,8.4689,56,56,56,56,56,67,69,74,74,82,74,69,69,63,63,63,52,60,60,60,55,52,50,52,52,55,55,52,48,55,55,60,55,48,48,48,61,61,75,75,75,93,96,96,96,96,96
,Romania,45.9432,24.9668,46,54,46,46,49,51,56,60,66,72,79,79,80,80,80,80,84,84,84,84,84,80,76,76,76,59,59,59,59,59,59,59,74,74,74,74,81,81,75,74,74,75,75,75,74,74,74
,Denmark,56.2639,9.5018,81,90,90,90,92,92,92,92,92,92,92,92,92,92,90,90,90,89,86,86,86,86,86,86,86,86,86,86,86,86,86,90,90,90,90,90,86,86,91,81,81,81,81,78,78,78,78
,Estonia,58.5953,25.0136,76,73,76,73,76,76,84,84,84,84,88,91,91,91,91,91,91,91,96,98,96,93,92,91,85,85,85,92,93,93,93,93,93,92,89,89,89,92,92,92,89,89,89,89,89,90,90
,Netherlands,52.1326,5.2913,76,76,75,73,67,67,67,67,67,77,77,83,90,90,90,83,83,88,88,94,88,88,88,85,85,85,79,74,79,85,85,85,85,85,85,85,85,85,88,88,85,85,85,88,88,88,88
,San Marino,43.9424,12.4578,54,54,54,61,63,63,67,67,67,67,81,81,81,67,61,61,61,61,57,57,61,56,49,49,46,36,36,36,36,36,36,39,49,39,39,39,45,39,45,59,61,59,59,56,56,59,59
,Belarus,53.7098,27.9534,90,90,91,90,87,90,90,90,90,90,90,91,91,91,91,90,90,90,90,90,90,90,90,90,90,89,89,90,79,79,79,81,81,81,81,81,81,79,74,79,81,81,81,82,82,83,84
" Montreal, QC",Canada,45.5017,-73.5673,80,80,80,80,80,80,80,80,74,73,70,70,70,70,70,70,70,70,70,66,66,66,49,66,66,66,54,50,50,50,50,44,38,38,38,38,38,38,38,47,38,38,47,47,47,56,56
,Iceland,64.9631,-19.0208,85,85,88,90,90,90,90,88,88,91,91,91,88,88,89,84,84,80,79,79,80,80,80,80,76,80,83,85,85,85,86,85,85,86,86,86,89,89,86,89,89,86,86,84,84,84,77
,Lithuania,55.1694,23.8813,88,88,93,88,83,83,83,83,83,88,93,93,93,94,91,91,91,88,88,91,91,92,91,88,81,81,78,78,78,78,80,81,80,80,80,78,78,80,80,86,86,86,86,86,86,90,90
,Mexico,23.6345,-102.5528,56,56,56,55,55,56,56,55,45,45,45,45,45,45,46,46,46,46,46,46,46,51,59,59,51,51,46,46,41,18,18,18,45,45,18,18,18,15,15,13,13,13,13,13,18,33,33
,New Zealand,-40.9006,174.886,39,39,39,39,39,39,39,53,68,68,68,68,68,68,68,68,67,66,64,64,56,51,51,51,51,56,56,56,56,61,70,77,77,77,77,77,77,70,68,61,68,68,68,56,51,51,51
,Nigeria,9.082,8.6753,12,13,17,17,26,13,17,26,27,28,28,27,27,28,28,28,28,28,28,19,22,28,28,22,19,22,28,28,28,28,25,25,25,25,28,32,32,33,37,40,42,42,42,39,39,42,42
Western Australia,Australia,-31.9505,115.8605,6,8,6,11,13,14,14,13,14,14,14,13,13,17,17,17,18,19,18,17,17,19,19,19,19,22,22,25,25,31,34,34,37,56,56,56,56,56,56,46,49,49,49,49,49,49,46
,Ireland,53.1424,-7.6921,65,68,65,76,76,76,76,62,76,76,76,79,79,79,76,76,76,73,73,73,73,73,74,73,73,71,70,70,71,71,71,71,74,74,74,74,74,74,74,73,73,73,74,73,73,73,69
,Luxembourg,49.8153,6.1296,78,70,65,62,60,60,60,60,60,70,70,70,78,82,82,82,82,90,90,90,89,86,86,86,86,86,86,86,83,86,86,86,86,86,86,86,87,87,88,88,88,88,88,89,89,89,89
,Monaco,43.7333,7.4167,70,70,71,72,73,73,77,77,74,74,74,74,74,70,66,66,66,66,61,61,44,44,44,36,36,44,44,36,36,36,36,36,34,30,30,30,30,30,34,36,36,36,41,43,43,41,41
,Qatar,25.3548,51.1839,16,16,16,8,8,8,8,16,8,6,16,16,6,5,6,6,6,5,6,6,17,17,6,6,6,6,6,17,24,26,26,24,24,24,24,24,24,24,24,24,19,8,8,5,4,1,0
"Snohomish County, WA",US,48.033,-121.8339,86,86,87,87,86,85,84,83,83,83,83,84,83,83,84,84,84,84,84,83,83,83,77,77,78,78,78,78,78,77,75,66,66,66,66,67,67,67,62,62,62,62,67,72,72,76,79
,Ecuador,-1.8312,-78.1834,89,89,90,91,91,92,92,94,94,94,94,94,94,94,94,94,94,94,94,92,90,89,89,89,89,89,89,89,86,85,79,76,79,79,79,79,85,89,89,93,93,94,94,94,94,94,94
,Azerbaijan,40.1431,47.5769,63,59,59,59,59,49,42,49,42,42,42,46,42,42,39,39,39,39,42,46,51,51,51,56,56,56,57,57,57,63,63,64,64,63,57,45,45,45,45,45,45,40,40,40,40,45,40
,Czech Republic,49.8175,15.472999999999999,63,59,59,59,59,67,67,67,69,74,76,76,76,79,79,79,81,81,81,81,81,81,81,81,76,76,76,75,73,73,75,75,76,76,87,87,87,88,88,89,88,88,88,88,89,91,91
,Armenia,40.0691,45.0382,52,47,47,37,37,35,35,37,37,39,39,55,39,39,55,68,68,68,69,75,75,77,80,80,77,77,80,80,80,80,80,86,86,80,74,74,72,72,74,74,74,74,74,74,74,74,74
,Dominican Republic,18.7357,-70.1627,54,54,55,61,61,64,63,61,54,50,50,50,42,42,42,42,42,42,42,42,42,42,42,43,43,44,44,45,45,44,44,44,45,47,48,51,52,53,54,54,54,55,55,55,55,55,55
,Indonesia,-0.7893,113.9213,89,87,86,84,83,75,83,75,75,75,81,81,81,80,81,83,84,86,90,94,94,94,96,94,91,91,91,91,91,91,91,89,89,76,76,76,76,76,90,90,90,90,90,90,94,94,95
,Portugal,39.3999,-8.2245,56,61,81,81,81,81,81,81,81,82,82,82,82,82,82,74,70,70,74,74,84,88,70,69,49,41,41,41,41,41,32,24,21,19,19,19,16,16,16,16,16,16,28,57,57,57,57
,Andorra,42.5063,1.5218,56,67,67,67,67,78,78,78,85,85,85,85,85,78,73,68,68,68,67,64,64,64,67,64,62,62,62,48,48,48,48,48,40,37,37,37,37,37,37,40,45,45,51,65,65,65,65
Tasmania,Australia,-41.4545,145.9707,69,72,80,80,82,82,83,83,82,82,83,83,82,82,82,68,64,56,53,53,53,53,53,53,56,53,53,53,56,53,61,61,61,67,61,55,61,61,61,61,61,61,67,67,73,73,74
,Latvia,56.8796,24.6032,83,80,83,79,79,79,83,85,85,85,94,95,95,95,95,95,95,93,93,93,93,93,93,83,78,78,78,83,93,93,93,93,93,93,88,83,83,83,83,87,83,83,83,83,83,84,81
,Morocco,31.7917,-7.0926,14,15,19,20,19,19,19,19,20,20,21,21,20,19,19,19,19,19,19,19,19,21,21,21,22,22,22,22,24,28,24,24,24,24,24,24,18,16,16,16,16,18,18,18,18,18,18
,Saudi Arabia,24.0,45.0,10,10,8,6,6,6,6,8,10,11,19,19,19,20,20,27,20,20,20,20,20,20,18,15,12,12,15,15,15,15,14,14,14,14,21,21,21,21,21,21,14,13,8,6,5,3,0
,Senegal,14.4974,-14.4524,56,59,59,60,60,69,69,69,60,59,57,57,57,57,50,48,47,44,41,37,31,14,4,4,28,31,37,28,22,22,28,37,37,52,52,52,52,52,52,45,22,18,18,6,4,2,2
"Grafton County, NH",US,43.9088,-71.82600000000001,74,74,74,74,74,73,73,72,72,56,55,56,56,55,56,56,57,63,63,57,57,57,57,63,63,63,63,63,68,68,68,35,34,33,30,30,30,30,30,33,36,36,46,46,46,53,53
"Hillsborough, FL",US,27.9904,-82.3018,32,32,33,34,34,33,33,33,31,33,33,34,31,30,31,32,61,61,32,32,32,32,41,41,41,41,32,41,41,42,42,42,41,41,41,41,42,41,41,35,34,34,31,31,31,31,28
"Placer County, CA",US,39.0916,-120.8039,72,75,72,72,72,75,75,72,66,66,64,63,60,56,56,55,36,25,22,20,17,10,7,2,2,2,2,2,7,7,7,14,14,14,14,14,15,15,18,19,19,18,15,9,9,9,9
"San Mateo, CA",US,37.563,-122.3255,47,50,50,52,53,54,54,54,54,59,54,54,54,53,52,46,38,34,32,28,23,19,17,17,17,17,17,17,17,17,19,23,27,30,30,30,30,30,30,30,37,30,25,25,37,37,37
"Sarasota, FL",US,27.3364,-82.5307,27,27,28,28,28,27,27,27,24,27,28,40,40,28,31,40,48,48,40,40,40,38,38,38,38,38,35,38,38,38,38,38,37,37,37,37,37,37,37,36,35,35,27,27,27,27,26
"Sonoma County, CA",US,38.578,-122.9888,68,68,60,68,72,72,72,72,72,69,68,62,57,56,51,50,46,41,35,33,16,13,10,10,10,10,10,10,10,13,14,16,16,19,19,19,19,19,19,19,19,19,17,17,19,19,19
"Umatilla, OR",US,45.775,-118.7606,72,72,74,74,74,57,56,56,56,56,56,60,56,56,56,60,60,60,63,63,63,63,63,55,40,40,40,38,38,28,28,26,24,24,22,24,24,24,22,22,22,22,22,26,27,32,38
"Fulton County, GA",US,33.8034,-84.3963,47,47,57,63,57,54,57,54,54,47,47,54,47,47,54,59,67,59,57,59,59,59,67,73,73,67,67,77,81,82,82,81,81,81,82,85,82,82,64,64,64,64,64,64,64,56,56
"Washington County, OR",US,45.547,-123.1386,77,77,79,79,77,76,79,76,79,79,81,81,79,79,80,81,80,77,77,77,77,76,76,74,74,74,64,64,64,62,57,55,50,50,56,56,56,55,50,50,50,50,53,54,54,55,56
,Argentina,-38.4161,-63.6167,8,8,8,8,9,11,11,11,11,11,11,12,17,17,17,17,25,25,33,33,24,24,17,17,17,17,17,24,5,5,4,2,0,0,1,1,2,2,2,2,5,6,5,5,6,14,17
,Chile,-35.6751,-71.543,1,0,0,0,0,0,1,1,4,4,4,4,4,3,3,3,3,2,2,2,1,0,0,0,0,0,0,0,0,0,0,0,0,0,0,0,0,0,0,0,0,0,0,0,0,0,0
,Jordan,31.24,36.51,43,43,43,37,37,37,43,37,30,28,28,28,27,27,19,14,14,14,19,27,27,21,21,27,27,27,21,21,27,32,37,37,32,32,32,21,27,28,27,27,27,27,25,20,20,17,17
" Norfolk County, MA",US,42.1767,-71.1449,51,51,51,51,51,44,44,44,42,42,34,42,42,34,42,44,50,56,56,50,56,56,56,77,77,77,56,51,56,51,50,39,36,36,20,20,20,20,20,25,25,25,27,27,25,27,28
"Maricopa County, AZ",US,33.2918,-112.4291,19,19,19,19,19,19,19,19,19,15,14,14,14,14,6,6,6,6,5,5,5,5,5,5,5,5,5,5,5,7,7,10,13,16,13,10,5,10,13,12,13,16,16,16,16,17,17
"Wake County, NC",US,35.8032,-78.5661,52,52,55,55,55,55,52,50,50,43,43,50,43,37,43,50,51,51,50,50,51,51,53,64,64,53,53,53,64,71,71,64,64,64,71,79,79,71,36,36,36,36,48,48,48,45,45
"Westchester County, NY",US,41.122,-73.7949,44,40,42,42,44,40,40,37,33,32,32,37,37,32,37,40,63,68,68,49,68,75,75,80,80,80,75,56,80,56,50,49,35,35,28,28,28,28,26,26,26,26,28,26,26,26,26
,Ukraine,48.3794,31.1656,74,76,74,71,59,59,59,59,59,72,72,74,76,74,76,76,72,72,72,72,76,78,76,72,72,70,66,66,66,66,57,54,57,70,70,70,65,65,65,64,65,70,65,70,70,70,73
,Saint Barthelemy,17.9,-62.8333,38,38,38,38,38,38,34,34,31,27,27,27,23,17,17,17,17,17,17,19,17,19,19,20,24,25,25,26,26,30,26,26,25,25,24,24,24,22,21,21,19,13,13,13,12,13,13
"Orange County, CA",US,33.7879,-117.8531,34,34,34,31,34,37,37,37,37,31,28,18,24,18,15,13,10,10,10,10,10,6,5,10,6,6,6,6,6,10,6,11,16,16,16,8,8,16,16,25,28,28,28,25,25,28,40
,Hungary,47.1625,19.5033,70,70,69,69,69,69,69,69,69,81,69,69,69,69,69,69,69,69,68,68,68,66,62,62,60,62,62,62,52,51,52,52,62,62,52,52,62,63,63,65,66,66,68,68,74,79,79
Northern Territory,Australia,-12.4634,130.8456,90,90,90,90,90,90,90,90,90,90,90,95,95,95,95,95,89,89,89,89,89,95,95,95,95,95,95,92,88,88,88,88,88,88,87,87,87,88,88,91,91,91,95,95,95,95,95
,Faroe Islands,61.8926,-6.9118,84,89,89,89,89,81,80,77,80,81,81,81,81,81,84,84,84,84,84,84,84,84,84,84,84,84,84,84,77,77,77,77,71,77,77,82,82,82,82,82,83,83,83,83,82,82,87
,Gibraltar,36.1408,-5.3536,47,56,66,72,72,72,72,72,72,72,72,64,64,40,40,40,40,40,36,36,36,40,40,36,36,42,42,44,51,51,51,48,44,44,44,44,42,42,44,44,47,48,47,44,41,36,32
,Liechtenstein,47.14,9.55,44,35,35,35,37,44,44,44,56,79,79,79,79,83,83,83,83,83,83,83,83,83,83,86,86,88,88,86,86,86,86,86,87,87,86,78,78,78,78,78,78,78,78,78,84,84,84
,Poland,51.9194,19.1451,88,88,81,78,78,78,78,78,78,81,83,83,83,85,85,88,88,88,88,88,88,89,89,89,88,85,88,83,74,74,74,76,83,84,84,83,78,83,83,84,84,84,84,84,88,88,88
,Tunisia,34.0,9.0,37,35,35,35,35,27,27,27,28,35,28,27,27,21,12,6,6,6,6,1,1,6,6,6,1,0,0,0,0,1,9,15,9,4,9,15,9,4,4,9,15,17,17,17,22,22,24
"Contra Costa County, CA",US,37.8534,-121.9018,50,51,51,50,53,53,53,55,55,55,53,53,46,44,40,36,34,28,28,25,16,16,8,8,8,8,8,8,10,10,10,16,17,24,24,24,24,24,24,24,24,24,20,20,24,24,24
,Palestine,31.9522,35.2332,69,64,64,60,63,60,63,63,63,59,60,59,59,57,57,55,49,49,55,57,57,55,55,57,57,55,52,52,52,52,52,52,52,46,46,46,44,44,44,46,44,44,42,40,40,42,40
,Bosnia and Herzegovina,43.9159,17.6791,28,28,28,28,28,28,39,42,42,42,50,75,75,75,77,77,77,77,75,75,77,80,54,82,82,82,64,64,64,64,64,64,67,74,67,65,65,66,65,66,67,74,76,74,76,80,82
,Slovenia,46.1512,14.9955,53,53,47,47,75,75,75,75,75,76,65,59,59,59,59,59,59,59,47,47,59,46,46,59,59,61,64,64,64,64,64,64,65,73,65,65,71,65,68,71,76,79,79,71,79,85,85
"Bergen County, NJ",US,40.9263,-74.077,43,41,42,42,42,42,41,34,34,31,31,34,34,34,37,42,66,73,73,50,73,75,75,79,79,79,75,60,79,60,55,50,38,38,28,28,28,28,27,27,27,27,28,26,26,26,26
"Harris County, TX",US,29.7752,-95.3103,83,85,85,83,59,59,64,64,64,64,64,59,50,59,64,64,64,64,64,64,65,65,70,70,64,57,70,76,85,85,85,85,85,86,86,86,85,57,57,57,84,84,84,84,49,38,38
"San Francisco County, CA",US,37.7749,-122.4194,50,50,51,51,54,54,54,60,60,60,57,57,50,48,47,44,40,34,32,32,20,15,13,13,13,13,13,13,13,13,13,20,24,27,27,27,27,27,27,27,33,24,22,22,33,33,33
,South Africa,-30.5595,22.9375,9,9,9,9,9,9,9,9,9,9,9,9,9,15,28,30,39,39,39,39,39,39,28,28,39,39,39,39,28,28,28,22,21,18,18,22,22,22,22,22,22,22,20,20,18,6,6
"Clark County, NV",US,36.0796,-115.094,23,25,17,17,23,23,21,21,21,21,21,20,17,12,8,8,8,8,7,7,7,7,6,6,4,4,6,6,10,10,4,4,11,15,11,4,4,11,15,16,16,19,16,11,16,20,21
"Fort Bend County, TX",US,29.5693,-95.8143,82,83,83,82,56,56,56,56,55,55,55,51,50,51,55,56,55,51,51,55,59,60,72,72,60,52,72,78,81,81,81,81,81,87,87,86,81,52,52,52,81,81,86,86,43,36,37
"Grant County, WA",US,47.1981,-119.3732,73,73,73,74,73,73,73,74,74,74,74,74,74,74,74,74,74,74,74,74,74,61,53,33,30,30,30,30,30,23,23,21,21,21,15,21,23,24,23,23,19,19,19,24,26,28,28
"Santa Rosa County, FL",US,30.769000000000002,-86.9824,62,62,74,74,62,62,62,62,62,54,54,62,54,48,54,62,67,62,62,62,62,69,71,73,73,71,73,77,84,84,84,74,74,74,84,86,84,74,67,67,67,64,64,64,64,43,36
"Williamson County, TN",US,35.9179,-86.8622,72,72,76,82,82,80,80,76,75,71,75,75,73,73,73,75,75,73,69,68,69,73,75,84,84,73,69,69,87,75,75,69,55,75,77,75,75,73,63,63,63,73,73,63,63,54,54
"New York County, NY",US,40.7128,-74.006,43,43,42,42,42,42,43,43,42,42,42,43,43,43,51,64,82,90,90,82,90,92,92,92,92,91,74,64,74,74,43,41,35,35,28,28,28,28,28,35,35,28,35,28,24,28,36
"Unassigned Location, WA",US,47.7511,-120.7401,75,74,75,75,75,75,75,75,76,75,74,74,74,72,72,72,72,72,71,69,69,68,48,45,43,43,43,43,43,40,39,34,34,34,39,40,40,39,34,32,32,33,34,42,47,47,52
"Montgomery County, MD",US,39.1547,-77.2405,40,38,40,50,56,40,45,41,40,34,40,41,40,34,41,45,59,59,45,41,45,59,67,72,72,67,67,67,70,67,66,56,55,55,55,55,55,49,41,41,41,41,42,41,41,41,41
"Suffolk County, MA",US,42.3601,-71.0589,52,52,52,53,53,52,46,45,44,44,40,44,44,40,44,45,46,60,45,44,45,63,63,68,68,68,63,57,63,57,48,42,35,35,19,19,19,19,19,24,24,24,28,28,24,28,32
"Denver County, CO",US,39.7392,-104.9903,28,30,31,27,27,27,31,31,32,35,32,31,27,35,39,27,27,39,39,45,51,45,50,45,43,43,43,43,40,40,40,39,39,40,39,39,39,39,23,39,39,39,36,18,16,16,18
"Summit County, CO",US,39.5912,-106.064,44,57,60,60,60,60,60,57,60,63,63,60,60,60,63,60,60,60,53,53,63,53,63,64,53,51,64,72,72,64,64,51,51,51,51,51,51,51,44,44,46,46,44,43,36,37,37
,Bhutan,27.5142,90.4336,39,39,37,37,37,39,42,43,43,50,56,49,49,56,65,65,56,56,56,56,56,49,44,44,44,44,44,51,51,51,51,57,57,57,57,62,62,62,57,51,51,51,57,57,57,59,59
,Cameroon,3.8480000000000003,11.5021,50,50,49,45,45,43,43,45,50,50,50,50,52,53,59,61,70,72,73,73,73,73,72,70,59,59,56,56,56,56,56,56,48,48,48,52,56,56,57,61,63,69,70,71,71,72,72
"Calgary, Alberta",Canada,51.0447,-114.0719,59,57,57,59,57,56,51,45,44,44,44,44,42,42,39,39,39,38,38,38,38,39,39,39,43,43,43,47,47,47,45,45,45,45,47,47,45,45,45,45,45,37,37,37,37,40,44
,Colombia,4.5709,-74.2973,41,41,45,51,52,60,74,80,92,92,92,92,92,92,92,89,82,82,80,80,76,61,53,53,53,60,60,57,53,57,60,61,69,69,69,72,77,78,84,84,84,84,84,84,84,84,84
,Costa Rica,9.7489,-83.7534,85,85,90,90,93,93,93,93,95,95,95,95,95,96,95,95,95,93,90,87,83,83,83,83,83,89,93,89,89,92,92,92,92,92,92,93,92,90,89,89,84,83,80,80,79,69,69
,Peru,-9.19,-75.0152,74,74,74,77,77,85,85,86,90,86,86,90,89,91,91,93,93,89,89,86,85,86,85,81,81,81,80,76,74,71,71,71,71,71,68,63,63,68,66,68,68,68,68,73,75,78,75
,Serbia,44.0165,21.0059,25,27,27,30,30,32,32,49,49,53,53,56,56,56,56,62,65,65,65,65,65,65,65,65,65,65,65,65,65,65,64,62,64,65,64,64,64,73,64,70,73,74,78,74,74,74,78
,Slovakia,48.669,19.699,53,53,52,43,43,43,43,43,43,53,53,53,53,65,70,70,70,70,70,74,74,70,70,70,70,70,70,70,65,63,65,63,65,65,65,65,72,72,72,84,79,79,84,84,87,87,87
,Togo,8.6195,0.8248,21,21,28,16,16,16,16,20,26,27,27,28,28,28,28,27,26,26,27,30,33,33,30,30,28,30,30,30,30,28,28,28,24,24,17,17,17,22,22,22,22,22,24,27,28,30,36
"Chatham County, NC",US,35.7211,-79.1781,55,55,56,60,60,55,55,54,49,43,43,49,43,35,43,49,51,49,46,46,49,49,51,67,67,51,51,51,68,78,78,68,68,68,78,81,81,78,33,30,30,30,52,52,52,42,42
"Delaware County, PA",US,39.9078,-75.3879,38,38,38,42,41,38,38,38,37,35,35,38,38,35,47,48,60,60,60,48,60,72,72,76,76,72,72,72,72,61,61,51,43,43,43,43,43,39,37,37,37,35,37,35,35,35,35
"Douglas County, NE",US,41.3148,-96.1951,42,43,47,50,50,50,50,50,75,85,94,85,85,85,85,85,75,75,62,60,60,53,53,41,40,21,21,40,21,21,18,18,14,14,14,18,23,23,26,26,30,30,26,26,23,23,23
"Fayette County, KY",US,38.0606,-84.4803,72,72,77,78,79,78,77,77,77,72,77,85,72,72,85,88,89,88,88,82,88,89,89,92,92,89,82,82,88,82,68,68,67,50,67,67,67,50,50,46,46,46,50,46,46,46,46
"Marion County, IN",US,39.8362,-86.1752,78,78,80,86,86,82,82,86,87,87,87,87,87,87,87,88,94,94,88,87,88,88,88,88,88,86,76,76,86,76,69,67,63,48,48,48,48,47,47,47,47,48,48,47,47,47,47
"Middlesex County, MA",US,42.4672,-71.2874,57,57,53,53,53,53,66,66,53,37,37,40,40,40,48,63,67,72,72,67,72,72,63,72,72,72,70,63,70,63,56,48,42,42,30,30,30,42,42,33,33,33,44,44,33,40,40
"Nassau County, NY",US,40.6546,-73.5594,46,44,46,46,46,44,40,28,27,28,28,31,31,31,33,40,62,75,75,33,75,77,77,78,78,77,75,67,77,67,53,49,38,38,38,38,38,38,28,28,28,28,28,27,26,26,27
"Ramsey County, MN",US,44.9964,-93.0616,67,69,71,74,79,81,81,85,89,89,91,91,91,91,91,91,89,89,60,60,59,56,52,52,45,41,39,41,39,39,39,39,35,35,26,26,26,26,26,33,33,33,33,28,33,33,33
"Washoe County, NV",US,40.5608,-119.6035,43,46,46,46,46,52,52,52,52,52,52,52,52,52,52,44,40,36,28,28,19,17,10,4,4,4,4,4,8,4,4,4,6,8,8,12,12,12,12,12,12,12,12,12,12,12,12
"Wayne County, PA",US,41.6739,-75.2479,60,56,75,75,75,74,75,75,74,74,65,74,74,65,74,75,80,82,82,80,82,82,82,87,87,87,82,77,82,77,70,63,62,28,28,28,28,28,28,28,30,30,44,44,44,45,45
"Yolo County, CA",US,38.7646,-121.9018,54,54,54,54,56,56,56,56,56,54,50,46,46,44,41,40,37,33,31,30,15,14,12,11,11,11,11,11,12,11,11,15,15,15,15,15,15,15,18,18,18,15,15,8,15,15,15
,Vatican City,41.9029,12.4534,41,41,41,46,50,50,53,60,60,60,60,60,60,60,50,46,46,46,46,46,62,62,62,62,46,42,42,44,35,35,35,35,42,35,35,35,35,32,32,38,42,42,38,40,42,42,42
"Santa Clara County, CA",US,37.3541,-121.9552,52,54,54,52,54,57,57,60,60,60,57,57,57,55,49,44,43,41,32,30,25,17,12,12,12,12,17,17,17,13,13,25,30,30,30,30,30,37,39,39,41,41,37,37,41,41,41
Grand Princess Cruise Ship,US,37.6489,-122.6655,50,51,52,55,57,57,57,59,59,60,59,59,59,51,50,50,49,43,35,34,27,20,14,14,14,14,14,14,14,20,22,27,28,35,35,35,35,35,35,35,35,33,30,30,33,33,33
,French Guiana,3.9339,-53.1258,76,73,73,73,76,77,77,77,76,76,77,73,73,73,64,64,64,64,65,65,64,64,64,64,64,64,64,64,65,65,65,65,67,69,71,71,71,70,69,69,70,70,70,70,64,62,62
,Malta,35.9375,14.3754,63,59,63,65,65,65,59,59,59,65,71,71,71,59,51,31,22,22,18,12,18,18,18,20,18,12,9,9,9,9,8,9,9,9,9,9,9,9,9,9,12,14,14,12,22,24,24
"Douglas County, CO",US,39.2587,-104.9389,26,28,28,24,24,24,27,27,28,30,28,27,24,27,27,24,24,27,27,38,60,38,38,36,32,32,32,36,36,36,36,32,32,36,32,32,32,31,22,31,42,42,37,22,16,16,22
"Providence County, RI",US,41.8882,-71.4774,52,52,52,52,52,47,40,40,39,39,38,39,39,38,39,40,47,55,55,47,55,62,62,75,75,75,62,53,62,53,44,43,34,34,19,19,19,19,19,21,21,21,22,22,21,22,25
,Martinique,14.6415,-61.0242,35,41,41,38,38,34,34,30,28,28,28,28,28,28,28,27,27,27,28,28,27,28,32,32,33,34,36,42,36,36,36,36,36,36,36,36,34,30,30,30,30,24,24,24,20,20,20
"Alameda County, CA",US,37.6017,-121.7195,51,57,57,51,52,52,52,57,57,57,52,52,51,45,40,40,39,35,24,22,15,12,7,7,7,7,7,7,8,8,8,12,16,24,24,24,24,24,26,26,26,26,23,23,23,23,23
"Broward County, FL",US,26.1901,-80.3659,31,28,31,31,28,26,26,26,26,27,34,34,27,27,21,27,34,34,34,34,34,30,30,30,30,30,30,30,30,30,30,30,30,28,28,28,28,28,28,28,27,27,27,27,27,27,27
"Fairfield County, CT",US,41.256,-73.3709,44,40,46,44,44,42,40,40,34,33,33,40,40,33,42,45,60,60,60,45,60,71,71,79,79,79,71,54,79,54,45,42,34,34,32,32,32,32,24,24,24,24,32,24,24,24,24
"Lee County, FL",US,26.663,-81.9535,30,30,31,33,31,30,31,31,31,31,34,36,36,36,34,36,43,43,36,36,36,36,36,36,36,36,34,36,36,36,34,34,30,28,28,28,28,28,28,28,24,23,23,24,24,24,21
"Pinal County, AZ",US,32.8162,-111.2845,14,14,14,14,14,14,15,15,14,10,8,8,8,8,8,8,5,5,5,5,5,5,7,5,5,5,5,5,5,6,6,6,7,22,7,6,6,6,6,6,15,15,15,15,15,15,15
"Rockland County, NY",US,41.1489,-73.983,41,39,41,42,43,41,39,36,35,31,31,35,35,33,35,42,67,67,67,53,67,75,75,80,80,80,75,56,80,56,53,52,36,36,28,28,28,28,25,28,28,28,28,28,25,25,28
"Saratoga County, NY",US,43.0324,-73.936,66,66,66,66,66,66,65,62,60,54,52,54,54,54,60,60,62,65,65,62,62,65,65,72,72,72,72,65,73,55,55,49,38,38,32,32,32,32,32,38,38,38,47,40,40,47,47
"Edmonton, Alberta",Canada,53.5461,-113.4938,56,56,56,56,56,52,52,52,56,56,52,52,52,52,52,56,56,52,52,55,55,55,52,52,52,55,55,57,57,57,55,50,55,50,49,49,49,47,47,47,47,38,38,47,47,53,55
"Charleston County, SC",US,32.7957,-79.7848,49,49,51,68,68,51,51,39,39,39,46,52,46,39,39,46,52,46,39,39,46,46,52,59,59,48,48,59,63,68,70,63,63,63,70,72,76,76,72,72,72,43,43,43,43,43,43
"Clark County, WA",US,45.7466,-122.5194,85,85,85,85,85,84,85,78,85,78,85,85,78,78,85,85,85,83,83,83,83,78,72,72,75,75,72,72,72,72,69,61,61,61,61,61,61,50,50,50,50,50,50,62,62,62,64
"Cobb County, GA",US,33.8999,-84.5641,46,46,60,63,60,56,60,56,56,52,52,56,52,52,56,64,69,64,64,64,64,64,70,75,75,70,70,78,80,84,84,80,80,80,84,85,84,80,66,66,66,66,66,66,66,55,55
"Davis County, UT",US,40.9629,-112.0953,62,67,67,65,67,67,67,65,60,65,65,65,67,69,67,67,67,70,70,60,52,52,46,37,28,28,37,26,26,26,22,21,21,20,21,21,21,15,15,15,15,15,15,15,15,15,18
"El Paso County, CO",US,38.9108,-104.4723,28,28,28,20,24,21,24,24,28,28,24,24,24,24,24,24,24,24,24,26,52,48,48,48,48,48,48,59,59,59,59,48,48,59,48,44,37,37,31,37,44,51,44,31,15,13,15
"Honolulu County, HI",US,21.307,-157.8584,47,47,47,47,37,33,30,30,30,30,30,30,19,18,16,16,18,22,28,28,30,30,28,28,22,22,22,26,26,26,26,26,26,22,22,20,19,20,20,20,20,20,19,20,19,19,19
"Jackson County, OR ",US,42.3345,-122.7647,74,79,79,79,80,79,79,74,74,74,68,68,68,68,68,68,66,65,66,65,64,63,56,53,53,53,53,45,28,22,22,21,18,18,21,21,21,18,21,21,21,20,20,23,24,24,25
"Jefferson County, WA",US,47.7425,-123.304,75,75,80,80,80,80,80,80,80,79,79,79,79,79,79,79,79,79,76,75,73,73,69,68,68,68,60,60,59,57,56,56,56,56,56,59,61,61,56,56,56,56,59,61,61,66,66
"Kershaw County, SC",US,34.3672,-80.5883,61,61,63,63,63,61,61,53,44,43,44,53,44,39,44,46,53,46,44,40,44,44,46,67,67,46,46,57,67,70,70,67,67,67,70,80,80,80,57,57,57,56,56,56,56,36,36
"Klamath County, OR",US,42.6953,-121.6142,72,72,72,72,74,72,72,74,74,74,72,69,69,69,66,60,57,56,53,48,45,44,40,37,37,37,37,27,27,15,15,15,14,14,14,15,14,10,14,14,10,10,14,16,24,24,28
"Madera County, CA",US,37.2519,-119.6963,46,53,53,53,53,55,55,55,55,55,53,46,42,34,32,28,22,19,18,17,12,6,6,3,3,3,3,3,8,8,3,8,8,12,14,14,14,16,16,18,21,18,18,16,21,22,22
"Pierce County, WA",US,47.0676,-122.1295,78,78,81,83,78,77,76,76,76,75,77,77,75,75,77,77,77,77,83,83,83,83,83,69,81,81,70,70,70,69,69,66,66,66,66,66,66,64,60,60,59,59,60,64,64,68,69
"Plymouth County, MA",US,42.1615,-70.7928,48,48,48,52,52,48,42,40,36,28,28,36,36,28,36,38,42,52,38,36,38,59,59,66,66,66,59,54,59,54,45,34,26,26,20,20,20,20,17,17,17,17,19,19,17,19,26
"Tulsa County, OK",US,36.1593,-95.941,53,81,84,81,63,54,54,63,63,63,53,40,40,53,60,63,60,40,40,40,60,81,81,60,42,47,60,70,70,47,47,47,47,66,66,60,55,47,47,47,51,51,51,53,53,51,51
"Montgomery County, TX",US,30.3213,-95.4778,87,89,89,87,64,64,66,66,66,66,65,64,54,64,65,66,65,65,65,66,71,73,73,73,65,53,73,78,84,84,84,84,84,86,86,84,82,53,53,53,82,82,82,82,42,41,42
,Republic of Ireland,53.1424,-7.6921,65,65,65,76,76,76,76,62,76,76,76,79,79,79,76,76,76,73,73,73,73,73,74,73,73,71,70,70,71,71,71,71,74,74,74,74,74,74,74,73,73,73,74,73,73,73,69
,Bulgaria,42.7339,25.4858,28,28,23,23,23,23,28,31,41,43,52,52,52,52,54,56,67,67,67,67,67,64,56,64,69,69,69,64,64,64,64,64,56,56,56,56,69,69,69,56,59,69,72,72,69,59,59
,Maldives,3.2028,73.2207,66,67,68,69,72,73,72,72,72,72,72,72,67,62,62,51,48,47,42,41,37,41,41,42,37,37,36,37,37,37,36,36,36,37,46,57,57,59,59,59,59,59,70,74,74,74,70
"Montgomery County, PA",US,40.229,-75.3879,41,40,41,41,41,41,41,41,41,41,41,48,48,48,48,50,63,63,63,48,63,74,74,74,74,74,72,72,73,72,52,51,42,42,31,31,31,31,31,31,31,31,33,31,31,31,31
,Bangladesh,23.685,90.3563,11,11,8,8,8,8,8,8,11,15,15,15,15,6,6,6,6,6,26,26,26,26,12,4,4,4,4,4,6,6,6,6,6,6,12,12,15,15,15,15,15,22,27,27,27,27,27
"Fairfax County, VA",US,38.9085,-77.2405,40,35,37,56,56,37,38,35,30,30,35,36,35,30,36,38,50,50,38,36,38,50,62,70,70,62,62,62,68,63,63,62,51,51,52,52,52,51,40,40,40,40,41,40,40,40,40
"Rockingham County, NH",US,42.9931,-71.0498,54,54,51,56,56,51,50,49,45,45,44,45,45,44,45,49,50,53,49,45,45,53,53,54,54,54,53,49,54,49,44,33,25,25,14,14,14,14,14,16,16,16,25,25,16,27,28
"Washington, D.C.",US,38.9072,-77.0369,40,37,42,55,55,40,43,37,37,37,37,37,37,37,37,43,55,55,43,37,43,55,62,68,68,62,62,62,68,62,62,62,52,52,52,52,52,52,43,43,43,42,43,42,42,42,42
,Moldova,47.4116,28.3699,55,57,55,53,52,52,52,52,51,51,52,53,59,59,59,59,59,59,59,59,59,61,59,61,61,59,59,59,56,56,56,56,61,66,66,61,66,66,64,64,66,71,71,78,78,71,78
,Paraguay,-23.4425,-58.4438,73,73,73,73,69,68,61,57,57,61,57,52,52,50,45,45,39,39,39,45,45,43,39,37,37,39,43,47,43,47,53,56,56,56,53,43,53,53,53,41,37,37,37,16,6,4,4
"Berkshire County, MA",US,42.3118,-73.1822,56,55,56,56,56,56,69,69,56,56,48,56,56,56,61,71,72,73,73,72,72,73,71,73,73,73,71,65,71,65,56,50,42,36,31,31,31,31,31,36,36,36,36,36,36,47,47
"Davidson County, TN",US,36.1343,-86.822,73,75,77,79,81,79,79,77,77,77,77,77,77,77,77,77,78,77,73,69,73,77,78,88,88,73,69,69,88,69,69,67,59,67,75,75,75,67,65,65,65,67,67,65,56,53,53
"Douglas County, OR",US,43.1261,-123.2492,74,80,73,73,80,73,73,72,72,72,71,71,69,69,69,71,71,68,71,68,68,64,64,59,59,64,64,64,59,52,45,45,41,41,37,36,32,28,28,28,28,28,32,37,41,41,46
"Fresno County, CA",US,36.9859,-119.2321,42,47,47,47,47,52,52,52,52,52,47,40,35,33,28,24,23,23,19,19,14,6,6,5,5,5,6,6,6,6,3,6,8,11,11,11,11,14,17,20,23,20,17,15,24,25,25
"Harford County, MD",US,39.5839,-76.3637,37,36,37,51,51,37,45,37,34,32,34,37,37,34,44,45,60,60,45,44,45,71,73,74,74,73,71,71,71,68,64,52,48,48,48,48,48,43,39,39,39,39,41,39,39,39,39
"Hendricks County, IN",US,39.8065,-86.5401,76,76,79,87,87,79,79,87,88,87,88,88,87,87,88,88,92,92,89,88,89,89,89,89,89,84,79,79,84,79,67,64,64,43,43,43,43,42,42,42,43,45,43,43,43,43,43
"Hudson County, NJ",US,40.7453,-74.0535,51,43,43,43,43,43,43,43,32,32,32,43,43,43,43,55,56,72,72,56,72,82,82,84,84,82,72,56,72,56,55,53,35,35,33,33,33,33,33,33,33,28,33,28,28,28,28
"Johnson County, KS",US,38.8454,-94.8521,56,71,83,84,83,81,59,81,81,81,81,59,59,59,81,81,81,59,57,57,57,56,56,54,50,50,50,50,50,42,35,35,35,38,38,38,38,37,37,37,37,37,35,35,35,34,34
"Kittitas County, WA",US,47.175,-120.9319,76,76,77,80,80,80,80,82,83,83,83,83,82,80,79,78,78,76,73,69,69,66,60,59,57,57,54,54,54,49,49,47,47,47,47,47,47,45,40,39,39,39,42,45,47,52,54
"Manatee County, FL",US,27.4799,-82.3452,28,28,30,31,30,28,28,28,24,28,30,40,40,30,34,40,43,43,40,40,40,37,37,37,37,37,34,37,39,42,39,39,37,37,37,37,39,39,39,37,32,28,27,26,26,26,26
"Marion County, OR",US,44.8446,-122.5927,82,82,82,84,80,75,75,75,80,80,80,80,77,77,78,78,77,77,77,77,77,74,73,70,70,70,68,68,68,64,51,50,45,45,50,50,45,45,39,39,39,39,39,45,45,56,57
"Okaloosa County, FL",US,30.5773,-86.6611,63,63,68,68,63,60,60,56,56,48,48,56,48,45,48,56,60,56,56,56,56,61,65,68,68,65,68,79,79,79,79,73,73,73,79,79,79,73,65,65,65,56,56,56,56,50,36
"Polk County, GA",US,34.0132,-85.1479,48,48,56,65,65,56,65,56,56,48,48,65,46,46,65,67,67,67,65,64,67,67,68,74,74,68,69,74,80,80,80,80,80,80,80,83,80,69,69,69,69,69,69,69,69,60,60
"Riverside County, CA",US,33.9533,-117.3961,33,34,34,33,33,34,34,34,34,18,14,13,12,12,11,11,10,10,4,4,4,3,3,3,3,3,3,3,3,3,3,3,6,8,6,4,4,6,8,13,15,15,15,15,15,28,31
"Shelby County, TN",US,35.1269,-89.9253,77,82,85,85,85,85,85,82,81,81,81,73,52,52,81,88,88,81,52,50,50,81,96,96,72,50,60,72,72,72,72,68,68,72,72,72,72,72,68,68,68,72,74,74,68,50,50
"Spokane County, WA",US,47.6587,-117.4225,83,82,83,83,83,83,81,83,83,83,83,83,81,81,81,81,81,81,81,78,74,70,60,57,47,47,47,47,47,44,44,36,33,33,33,36,42,42,33,32,25,25,32,32,32,33,42
"St. Louis County, MO",US,38.6103,-90.4125,67,70,79,79,79,70,70,79,84,87,90,87,87,87,90,91,94,91,90,90,91,90,90,80,70,67,67,70,70,67,64,51,51,49,49,49,49,47,40,40,40,40,40,40,40,34,34
"Suffolk County, NY",US,40.9849,-72.6151,47,37,47,47,47,40,37,37,28,24,24,37,37,31,37,40,55,61,61,37,61,65,65,75,75,75,65,55,75,55,54,39,37,37,37,37,37,37,28,28,28,24,28,24,21,21,24
"Ulster County, NY",US,41.8586,-74.3118,51,36,51,51,51,45,51,45,44,44,44,45,45,44,45,55,60,60,60,60,67,76,76,80,80,80,76,67,80,67,56,46,44,28,28,28,28,28,28,28,28,28,37,28,28,37,37
"Unassigned Location, VT",US,44.3378,-72.7563,86,86,86,86,86,86,86,87,86,62,51,62,62,62,64,64,68,71,71,68,68,68,68,70,70,70,70,68,70,70,70,46,44,41,41,41,41,41,41,44,53,53,71,70,70,70,70
"Unknown Location, MA",US,42.4072,-71.3824,47,47,49,50,50,50,47,43,43,41,37,41,41,37,41,43,50,56,43,43,43,60,60,65,65,65,60,48,60,48,44,43,28,28,16,16,16,16,16,21,21,21,26,23,21,23,26
"Volusia County, FL",US,29.028000000000002,-81.0755,34,36,40,41,41,41,41,41,40,41,44,46,46,41,41,46,46,46,41,41,41,41,41,41,41,41,39,41,44,48,48,48,44,44,44,48,53,53,53,48,41,41,30,30,30,30,28
