Province/State,Country/Region,Lat,Long,1/22/20,1/23/20,1/24/20,1/25/20,1/26/20,1/27/20,1/28/20,1/29/20,1/30/20,1/31/20,2/1/20,2/2/20,2/3/20,2/4/20,2/5/20,2/6/20,2/7/20,2/8/20,2/9/20,2/10/20,2/11/20,2/12/20,2/13/20,2/14/20,2/15/20,2/16/20,2/17/20,2/18/20,2/19/20,2/20/20,2/21/20,2/22/20,2/23/20,2/24/20,2/25/20,2/26/20,2/27/20,2/28/20,2/29/20,3/1/20,3/2/20,3/3/20,3/4/20,3/5/20,3/6/20,3/7/20,3/8/20,3/9/20,3/10/20,1/1/20,1/2/20,1/3/20,1/4/20,1/5/20,1/6/20,1/7/20,1/8/20,1/9/20,1/10/20,1/11/20,1/12/20,1/13/20,1/14/20,1/15/20,1/16/20,1/17/20,1/18/20,1/19/20,1/20/20,1/21/20
Anhui,Mainland China,31.8257,117.2264,4,5,4,2,1,0,0,0,0,0,0,1,2,3,2,1,2,2,1,4,7,7,11,13,0,-4,-4,-2,1,3,5,1,5,13,12,7,4,6,6,6,1,3,3,1,6,8,9,9,6,-1,3,4,6,7,7,2,0,0,3,2,0,0,-1,-1,1,0,0,0,0,2
Beijing,Mainland China,40.1824,116.4142,-11,-8,-10,-9,-8,-6,-6,-5,-8,-10,-17,-9,-16,-16,-13,-9,-8,-9,-6,-5,-3,0,1,-1,-16,-16,-11,-6,-3,-3,-8,-14,-10,-3,-3,-5,-5,-5,-1,-10,-9,-13,-18,-12,-2,-2,1,2,-17,-21,-14,-10,-9,-6,-3,-10,-13,-10,-10,-13,-12,-18,-17,-15,-15,-13,-9,-14,-16,-14
Chongqing,Mainland China,30.0572,107.874,6,7,6,5,4,2,2,3,3,4,4,5,5,3,4,7,5,6,7,7,7,7,9,10,4,2,2,4,5,5,7,6,8,8,9,11,12,12,10,10,8,7,7,5,7,8,10,10,7,4,5,6,6,7,7,6,6,5,4,4,3,3,3,3,4,3,3,5,4,5
Fujian,Mainland China,26.0789,117.9874,11,13,15,12,9,1,0,0,-2,-2,0,4,6,8,8,6,8,6,4,4,8,14,14,13,15,2,-2,-2,1,3,7,9,7,9,12,13,12,12,13,14,11,11,12,7,9,14,15,16,9,7,8,10,12,12,12,12,5,7,9,8,3,4,5,7,8,4,3,5,4,7
Gansu,Mainland China,36.0611,103.8343,-9,-8,-7,-9,-9,-9,-10,-10,-11,-9,-7,-11,-14,-14,-9,-9,-9,-8,-9,-9,-14,-19,-15,-16,-21,-23,-21,-18,-15,-13,-13,-13,-8,-10,-13,-5,-3,-7,-8,-6,-9,-10,-7,-2,-6,-3,-6,-11,-11,-11,-9,-9,-9,-7,-10,-8,-8,-7,-7,-11,-10,-9,-9,-8,-11,-11,-10,-11,-10,-9
Guangdong,Mainland China,23.3417,113.4244,16,18,18,13,8,4,3,2,0,-2,3,9,12,11,13,13,13,10,8,9,14,17,17,19,18,5,2,2,6,11,12,14,15,15,17,18,18,16,17,18,16,17,14,12,15,19,20,21,14,11,14,14,14,14,16,17,12,13,15,13,6,8,10,12,14,7,7,8,9,12
Guangxi,Mainland China,23.8298,108.7881,17,18,12,6,4,3,2,3,2,3,6,10,8,8,9,13,9,7,6,8,14,18,19,19,15,3,2,3,8,12,14,13,14,15,17,18,18,18,19,19,16,14,8,9,15,20,21,19,11,11,16,16,14,14,17,17,15,17,16,5,5,7,7,8,7,4,5,4,7,12
Guizhou,Mainland China,26.8154,106.8748,7,3,2,0,-1,-2,-2,-1,-1,0,3,3,2,2,4,4,2,2,2,4,8,9,10,10,4,-1,0,-1,2,5,3,6,10,10,11,13,13,12,12,10,8,4,4,4,10,10,11,8,5,9,7,3,6,12,12,4,11,4,0,0,0,2,0,0,0,0,-1,0,3,8
Hainan,Mainland China,19.1959,109.7453,16,15,17,15,12,11,10,9,7,8,11,13,14,14,15,15,16,16,13,13,16,16,19,18,19,13,9,9,14,15,15,13,13,15,15,17,16,17,17,17,17,17,17,16,18,18,17,17,19,16,16,16,16,15,16,16,15,16,16,16,15,14,14,13,14,16,15,16,15,14
Hebei,Mainland China,38.0428,114.5149,-5,-4,-6,-6,-6,-4,-3,-3,-4,-5,-10,-6,-5,-9,-10,-7,-5,-3,-6,-5,-4,-2,1,1,-13,-17,-16,-13,-6,-1,-9,-16,-8,-1,0,-1,-4,0,1,-5,-4,-16,-17,-9,-2,0,2,5,-10,-24,-18,-11,-7,-4,-3,-4,-6,-5,-4,-7,-7,-7,-9,-7,-6,-6,-5,-7,-7,-6
Heilongjiang,Mainland China,47.861999999999995,127.7615,-23,-22,-26,-26,-24,-18,-17,-20,-20,-23,-22,-24,-28,-29,-30,-28,-27,-26,-19,-20,-10,-6,-15,-22,-22,-23,-22,-19,-17,-18,-16,-16,-16,-11,-14,-13,-13,-12,-11,-11,-10,-11,-12,-14,-12,-7,-6,-12,-12,-30,-27,-27,-25,-24,-17,-14,-18,-20,-20,-21,-25,-23,-25,-25,-26,-27,-23,-19,-22,-20
Henan,Mainland China,33.882020000000004,113.61399999999999,0,0,0,0,0,-3,-2,-1,-2,0,1,0,-1,0,-2,-1,-1,0,0,4,4,6,8,4,-5,-12,-10,-5,0,1,0,-4,4,10,5,4,2,1,3,2,1,0,-2,0,5,5,8,7,-2,-11,-3,0,0,2,0,0,-2,-2,-2,0,-2,-2,-4,-5,-4,-3,-2,-4,-3,-2
Hubei,Mainland China,30.9756,112.2707,3,3,3,1,0,-1,0,0,0,1,2,4,1,2,3,0,0,1,2,4,6,9,11,9,-1,-2,-2,-1,2,3,5,5,8,12,12,9,6,3,5,6,3,3,3,4,8,8,11,9,4,-4,0,1,1,4,1,2,1,0,0,1,1,2,0,0,-2,-2,0,0,1,3
Hunan,Mainland China,27.6104,111.7088,6,4,4,1,0,0,0,0,1,1,3,5,5,5,6,5,1,2,4,5,8,11,14,16,1,-1,0,1,4,6,8,7,10,14,15,14,11,9,7,8,7,5,4,6,9,10,12,11,6,3,4,3,4,8,9,4,3,2,0,0,0,1,1,2,0,0,0,0,2,5
Inner Mongolia,Mainland China,44.0935,113.9448,-16,-20,-21,-18,-17,-16,-15,-16,-16,-18,-22,-22,-25,-30,-29,-24,-21,-17,-13,-10,-9,-10,-13,-18,-20,-19,-16,-14,-15,-12,-14,-15,-10,-10,-11,-15,-9,-15,-11,-13,-10,-17,-17,-12,-11,-10,-8,-14,-16,-24,-23,-20,-20,-16,-16,-20,-22,-23,-22,-23,-24,-25,-23,-23,-24,-21,-16,-18,-18,-13
Jiangsu,Mainland China,32.9711,119.455,5,3,2,0,2,0,0,-1,-3,-4,-1,0,0,0,0,0,1,1,1,3,6,6,8,12,1,-7,-6,-5,0,2,4,0,2,10,10,4,1,5,5,5,0,2,0,-1,3,7,6,9,4,-2,3,5,2,4,8,6,-2,0,2,0,-1,0,-1,-2,1,-1,-2,0,-1,1
Jiangxi,Mainland China,27.614,115.7221,9,8,8,5,3,2,2,0,0,0,3,6,6,7,7,8,5,4,4,5,9,13,15,16,9,0,-2,0,2,5,8,9,10,14,15,15,11,14,11,10,8,8,7,7,11,13,17,16,8,4,8,8,8,11,15,11,3,4,4,3,2,2,3,5,2,2,2,2,2,7
Jilin,Mainland China,43.6661,126.1923,-9,-13,-22,-21,-19,-16,-14,-17,-21,-21,-18,-21,-23,-26,-30,-26,-18,-22,-15,-15,-4,-1,-2,-14,-15,-17,-21,-16,-12,-12,-3,-9,-9,-9,-11,-12,-12,-7,-11,-11,-11,-10,-8,-11,-5,-2,0,-4,-8,-24,-20,-18,-17,-16,-11,-11,-14,-15,-16,-20,-21,-20,-24,-22,-21,-20,-17,-12,-16,-14
Liaoning,Mainland China,41.2956,122.6085,-6,-9,-18,-16,-15,-13,-10,-13,-16,-17,-14,-15,-17,-22,-27,-22,-12,-14,-9,-6,0,3,2,-9,-11,-14,-16,-10,-9,-6,0,-8,-5,-4,-6,-9,-11,-5,-5,-7,-10,-5,-9,-9,-1,2,2,0,-8,-18,-18,-14,-13,-12,-5,-11,-11,-13,-14,-16,-18,-19,-19,-18,-17,-17,-13,-11,-14,-11
Ningxia,Mainland China,37.2692,106.1655,-12,-11,-7,-8,-8,-8,-10,-13,-16,-16,-10,-14,-13,-16,-9,-10,-9,-14,-16,-11,-10,-14,-12,-19,-23,-24,-20,-17,-12,-14,-13,-11,-4,-12,-14,-1,-1,-4,-8,-14,-15,-18,-15,-3,-11,-6,-6,-16,-16,-9,-11,-11,-7,-9,-9,-11,-10,-10,-10,-11,-11,-14,-10,-10,-13,-12,-12,-13,-12,-10
Qinghai,Mainland China,35.7452,95.9956,-28,-26,-29,-32,-29,-27,-29,-31,-25,-23,-27,-33,-33,-32,-28,-27,-27,-25,-27,-29,-28,-26,-24,-27,-32,-26,-25,-27,-25,-23,-27,-25,-19,-20,-22,-16,-19,-26,-22,-19,-17,-22,-25,-20,-23,-16,-17,-21,-23,-27,-25,-27,-22,-23,-28,-27,-22,-22,-25,-32,-29,-25,-21,-22,-26,-22,-22,-24,-26,-29
Shaanxi,Mainland China,35.1917,108.8701,-5,-5,-6,-3,-4,-5,-8,-9,-8,-8,-3,-10,-9,-6,-4,-3,-4,-6,-10,-9,-6,-2,-1,-13,-20,-20,-14,-11,-10,-5,-10,-8,-3,0,-3,2,1,1,0,-5,0,-6,-4,-1,0,-1,2,-6,-11,-9,-6,-4,-4,-2,-4,-5,-7,-4,-6,-7,-6,-9,-11,-7,-5,-7,-7,-11,-10,-7
Shandong,Mainland China,36.3427,118.1498,-3,-2,-7,-9,-7,-8,-8,-6,-9,-7,-6,-4,-9,-5,-13,-9,-4,-4,-3,-2,0,0,4,5,-9,-14,-12,-9,-5,-4,-2,-12,-5,4,3,-3,-9,0,0,0,-7,-7,-13,-9,-2,1,1,1,-4,-12,-7,-6,-5,-2,0,-3,-9,-9,-7,-7,-8,-7,-12,-11,-9,-8,-6,-7,-9,-6
Shanghai,Mainland China,31.201999999999998,121.4491,7,7,5,5,7,4,1,-1,-2,-5,-4,1,3,1,1,1,3,2,0,1,8,9,9,12,8,-6,-8,-6,0,4,6,3,2,9,13,6,3,8,7,7,2,3,1,-1,3,8,7,11,6,0,6,8,6,7,13,10,0,3,5,4,0,0,0,1,4,1,-1,0,0,4
Shanxi,Mainland China,37.5777,112.2922,-7,-6,-6,-6,-6,-4,-5,-7,-10,-9,-8,-10,-14,-10,-9,-7,-5,-6,-10,-12,-11,-7,-2,-13,-23,-21,-18,-15,-13,-8,-13,-16,-6,0,0,0,0,0,0,-14,-7,-19,-15,-5,-4,-10,-1,-4,-20,-16,-10,-6,-7,-4,-5,-4,-7,-6,-7,-8,-10,-12,-14,-12,-8,-9,-10,-11,-10,-8
Sichuan,Mainland China,30.6171,102.7103,-9,-6,-8,-9,-12,-11,-10,-11,-9,-9,-8,-8,-10,-12,-7,-7,-8,-8,-8,-6,-9,-12,-13,-7,-7,-12,-10,-9,-8,-6,-5,-5,-4,-6,-2,-2,0,0,-4,0,-2,-4,-4,-4,-3,-1,-2,-2,-5,-13,-12,-7,-6,-8,-8,-16,-9,-9,-8,-14,-20,-13,-7,-9,-9,-8,-9,-12,-9,-8
Tianjin,Mainland China,39.3054,117.323,-4,-7,-9,-7,-7,-5,-5,-5,-11,-8,-12,-4,-13,-13,-11,-8,-7,-8,-5,-4,0,1,4,-3,-13,-13,-9,-6,-3,-2,-2,-11,-6,0,-6,-6,-6,-2,0,-6,-8,-9,-17,-10,1,2,3,3,-8,-23,-16,-12,-9,-5,-2,-8,-14,-8,-9,-13,-11,-18,-18,-13,-11,-10,-7,-14,-16,-9
Tibet,Mainland China,31.6927,88.0924,-21,-24,-29,-27,-23,-25,-22,-23,-23,-25,-25,-24,-30,-29,-26,-27,-25,-24,-27,-28,-26,-21,-18,-19,-20,-21,-19,-24,-22,-16,-16,-15,-19,-20,-21,-17,-23,-24,-20,-18,-16,-19,-17,-20,-19,-18,-21,-22,-22,-23,-20,-20,-18,-22,-23,-17,-17,-18,-24,-26,-22,-18,-18,-20,-19,-13,-17,-21,-24,-21
Xinjiang,Mainland China,41.1129,85.2401,-11,-8,-9,-10,-10,-11,-11,-12,-11,-11,-11,-11,-11,-10,-9,-10,-10,-10,-10,-10,-11,-11,-9,-17,-17,-15,-9,-10,-8,-10,-12,-13,-12,-8,-6,-5,-8,-7,-5,-6,-6,-9,-9,-6,-7,-4,-9,-17,-14,-13,-13,-14,-13,-12,-12,-12,-12,-12,-13,-12,-12,-11,-10,-8,-9,-7,-6,-8,-10,-10
Yunnan,Mainland China,24.974,101.48700000000001,-1,-3,0,2,0,-1,0,0,2,2,3,0,0,-2,-3,-1,0,3,8,8,1,0,0,2,4,5,4,6,6,2,4,8,9,7,5,4,9,8,5,2,1,4,5,3,4,4,2,2,2,5,7,7,9,9,7,3,5,4,6,1,-1,2,3,1,1,0,-1,-1,0,0
Zhejiang,Mainland China,29.1832,120.0934,7,7,7,5,5,2,0,-1,-1,-2,-2,1,4,4,2,2,3,2,0,1,8,12,12,13,10,-3,-5,-5,0,2,6,5,5,9,13,10,7,10,10,8,5,6,5,2,5,10,11,13,7,-1,5,7,8,10,13,11,1,1,5,5,1,0,1,1,3,1,0,0,0,3
,Thailand,15.0,101.0,21,22,21,22,19,17,16,17,17,16,16,16,19,21,20,21,20,17,17,18,19,21,23,22,13,17,18,16,17,16,16,16,16,13,10,15,14,19,23,23,24,23,23,23,23,23,21,19,20,21,21,19,20,19,18,17,18,19,18,21,20,20,20,19,20,20,18,18,19,20
,Japan,36.0,138.0,-6,1,0,-5,-5,-5,0,1,-2,-8,-9,-9,-6,-9,-8,-16,-15,-8,-12,-12,-10,-8,3,-1,-3,3,-1,-10,-9,-6,-4,0,-8,-7,-2,0,-7,-9,-2,0,0,-4,-2,-7,-8,-5,0,0,6,-10,-7,-6,-6,-8,-8,-3,3,-3,-4,-7,-5,-4,-6,-4,-9,-7,-5,-7,-5,-7
"King County, WA",US,47.6062,-122.3321,4,5,9,7,6,6,4,6,6,5,10,5,0,0,0,6,6,6,3,1,1,2,4,3,2,4,2,0,0,-1,0,0,3,3,0,1,4,3,2,2,1,4,6,1,3,2,2,0,0,6,7,3,6,3,3,7,8,2,0,2,3,1,-2,-3,-3,0,0,3,4,4
"Cook County, IL",US,41.7377,-87.6976,-9,-6,-2,1,0,-2,-2,-2,-3,-3,-1,-1,1,0,-3,-6,-4,-6,-4,-3,-4,-5,-4,-10,-20,-9,-6,-2,-2,-12,-16,-11,-4,0,0,0,-4,-8,-11,-11,0,0,-1,-2,-1,-4,-4,-1,6,-6,-3,1,0,-3,-3,-5,-4,-12,0,4,0,-4,-2,0,-1,-11,-8,-5,-15,-8
,Singapore,1.2833,103.8333,24,24,23,23,24,24,25,24,24,24,24,24,23,23,23,24,23,23,24,24,25,25,25,25,24,24,24,24,24,24,24,24,24,24,24,24,24,24,23,24,24,24,24,25,24,25,25,25,25,24,24,25,24,24,24,24,24,24,24,24,23,23,23,24,24,24,24,24,24,25
,France,47.0,2.0,-3,-1,2,3,4,5,5,5,7,11,10,12,11,4,1,-1,0,4,6,7,4,2,5,5,4,7,6,3,5,5,0,2,6,7,5,1,4,2,6,4,4,2,3,8,2,2,5,3,8,3,5,6,2,0,0,5,8,8,4,0,1,5,2,5,5,5,1,0,-1,-3
,Nepal,28.1667,84.25,3,4,5,5,6,7,6,5,4,4,5,5,4,5,4,4,2,3,1,2,4,7,9,9,8,10,10,9,9,9,8,7,7,6,9,9,8,7,7,8,9,9,9,8,8,9,6,7,9,0,4,6,6,4,3,6,7,7,4,5,6,7,5,4,7,9,7,3,2,4
,Malaysia,2.5,112.5,24,24,23,23,24,24,24,24,23,22,22,23,23,23,23,23,22,22,23,22,22,23,24,23,24,23,22,22,23,23,24,23,23,23,24,23,23,23,24,24,24,23,23,22,23,23,23,24,24,23,23,24,23,23,23,23,24,24,23,23,22,23,23,24,24,23,24,24,24,24
British Columbia,Canada,49.2827,-123.1207,4,4,7,6,5,5,4,4,5,3,7,2,0,-1,-1,1,2,2,1,-1,0,2,2,2,1,3,1,0,-1,-1,0,0,3,3,0,0,3,4,3,1,0,2,4,0,2,0,0,0,-1,5,5,0,5,2,2,2,6,0,-1,0,0,0,-10,-12,-8,-3,-3,1,4,5
"Los Angeles, CA",US,34.0522,-118.2437,9,8,7,7,8,10,7,2,-4,-5,0,0,6,-13,-18,-8,1,5,7,7,-1,-3,4,5,6,6,8,8,10,10,6,5,9,9,9,0,-8,-5,-5,8,7,-1,-4,9,10,10,8,7,5,0,2,8,4,6,4,-4,-2,6,5,4,6,6,6,6,6,6,6,0,0,8
New South Wales,Australia,-33.8688,151.2093,20,20,21,22,23,22,23,20,20,23,24,24,20,12,15,18,19,19,20,21,21,22,21,18,18,19,20,21,15,14,15,17,16,18,19,20,15,14,16,20,17,17,19,21,20,17,15,15,14,17,17,21,21,17,17,21,20,20,21,17,15,16,18,19,21,20,19,19,21,17
Victoria,Australia,-37.8136,144.9631,12,12,9,13,15,13,13,14,8,12,20,12,7,7,10,15,18,17,15,16,19,18,19,21,17,16,16,16,12,10,10,10,15,17,17,9,7,11,13,14,10,10,13,17,13,12,11,10,11,10,11,12,9,9,12,15,14,17,15,10,11,13,16,17,12,12,15,17,16,12
Queensland,Australia,-28.0167,153.4,24,25,25,24,22,21,22,23,22,22,22,22,23,21,19,21,22,23,23,23,23,23,23,22,23,23,23,23,24,22,20,19,19,21,22,23,23,22,21,20,21,22,22,21,24,22,19,19,19,20,21,20,20,20,21,21,20,21,21,23,21,18,20,21,21,21,22,23,24,24
,Cambodia,11.55,104.9167,21,21,20,21,22,21,20,22,22,21,20,17,17,19,18,18,17,19,19,19,21,22,22,22,23,22,23,20,17,17,19,18,16,16,18,20,21,20,20,22,23,22,23,23,23,23,24,24,24,20,21,21,20,18,19,21,23,21,22,23,23,21,18,20,20,20,22,21,21,21
,Sri Lanka,7.0,81.0,20,21,20,19,18,15,14,14,13,13,15,17,18,19,19,19,18,16,15,15,18,20,20,20,20,19,18,14,15,18,21,20,20,20,20,19,17,17,18,18,19,16,14,16,19,20,19,18,18,19,20,20,19,18,19,19,19,16,15,18,19,17,15,14,17,19,19,19,20,20
,Germany,51.0,9.0,-4,-2,-5,-5,-1,1,0,0,1,7,7,4,5,0,-2,-1,-2,-2,1,2,-1,-1,0,1,1,5,3,1,0,2,0,1,6,1,3,0,0,-1,3,2,2,0,0,1,2,0,1,2,4,-4,-4,1,0,0,-1,0,2,6,4,0,0,2,2,4,4,2,0,0,-2,-4
,Finland,64.0,26.0,-6,-5,-2,-5,-10,-14,-9,-7,-7,-9,-8,-4,-8,-13,-9,-11,-10,-3,-1,1,0,-1,0,-5,-3,0,0,0,-3,-10,-1,1,-1,-3,-6,-10,-12,-13,-13,-7,-9,-10,-9,-2,-5,-4,-4,1,1,-2,1,0,-4,-9,-3,0,1,-2,-4,-4,0,-3,-2,0,-1,0,0,-2,-1,-1
,United Arab Emirates,24.0,54.0,10,14,15,13,9,11,12,11,10,9,8,10,12,12,12,14,13,11,10,16,14,11,11,12,13,14,11,9,10,7,17,18,19,18,14,13,13,15,15,14,14,15,12,14,14,14,13,14,14,12,17,13,9,15,16,14,12,11,17,15,11,13,8,10,9,11,9,8,12,13
,Philippines,13.0,122.0,22,22,25,25,25,24,24,24,23,22,22,21,20,21,23,24,25,25,24,22,22,22,23,24,24,24,24,23,23,22,23,23,24,24,23,23,24,23,23,23,23,24,24,24,25,25,25,26,25,25,25,24,24,24,24,25,25,24,24,23,23,24,24,24,25,25,25,24,23,22
,India,21.0,78.0,18,17,15,15,12,12,12,14,11,9,11,10,14,18,17,16,17,14,10,12,13,13,10,10,10,8,3,-1,0,13,17,17,17,14,7,3,6,8,9,15,16,9,5,7,7,12,11,14,18,16,16,16,16,11,10,13,18,14,8,6,8,7,9,15,16,12,15,16,14,16
,Italy,43.0,12.0,1,1,2,6,5,4,7,4,3,7,8,9,9,5,-4,-6,-5,-1,1,8,7,4,3,5,0,0,2,4,4,0,0,0,3,5,7,3,-2,-1,0,8,7,4,2,0,6,3,0,0,1,-1,0,1,4,0,-1,-1,0,-1,0,1,1,0,1,1,1,1,4,2,0,1
,UK,55.0,-3.0,6,5,5,4,3,1,1,3,6,7,4,4,3,2,1,1,0,4,6,1,0,0,0,1,5,3,2,1,3,3,5,2,2,1,1,0,0,2,3,1,1,2,0,0,0,4,4,4,6,0,5,2,5,6,5,7,3,1,0,8,3,3,2,2,4,2,0,0,2,4
,Sweden,63.0,16.0,-4,-2,-4,-5,-1,-2,-1,-3,-2,-2,-1,-3,-8,-11,-3,-9,-2,-3,-1,0,-5,-8,-8,-9,-4,0,-1,-2,-6,-6,-1,0,-4,-7,-10,-13,-13,-11,-10,-11,-10,-9,-6,-8,-7,-7,-1,0,-3,0,0,-3,-6,-6,-2,-1,-1,-5,-9,-4,-3,-6,-3,-3,-4,-1,0,-3,1,-3
,Spain,40.0,-4.0,3,2,4,5,4,3,9,8,7,9,11,9,7,6,1,3,4,5,5,7,7,8,7,5,4,5,7,5,2,1,-1,-2,0,0,3,2,2,2,6,7,5,6,9,7,1,1,2,2,3,0,0,0,0,0,-1,-1,-1,1,0,-2,-3,-2,-2,2,3,5,6,0,-6,0
South Australia,Australia,-34.9285,138.6007,12,10,12,15,15,14,13,10,3,21,18,13,11,8,11,14,17,18,17,17,16,16,19,17,15,14,13,13,9,10,11,11,11,14,15,12,9,13,13,14,11,9,12,12,13,11,11,10,12,10,12,3,14,9,10,12,11,10,16,11,12,12,14,15,11,8,12,13,14,12
"San Benito, CA",US,36.5761,-120.9876,4,7,6,6,7,8,3,4,3,5,6,5,1,-8,-12,-5,1,0,2,-5,-8,-3,0,2,3,2,1,-1,-7,-2,-2,0,4,4,1,-1,-1,2,0,2,0,-5,0,3,4,3,4,2,3,3,4,3,1,4,2,0,0,3,2,0,1,0,2,1,0,1,0,0,1,1
,Belgium,50.8333,4.0,-2,-1,-2,-2,2,6,2,1,5,8,9,8,7,3,1,0,0,5,6,4,0,0,4,4,6,9,4,3,3,5,2,4,8,6,4,1,0,0,5,2,4,1,2,5,4,2,6,4,9,0,2,6,2,2,1,4,9,10,5,1,4,4,6,6,4,5,1,1,0,-2
Diamond Princess cruise ship,Others,35.4437,139.638,-1,2,5,-2,0,0,4,9,5,-1,-4,-3,1,0,-2,-10,-6,-3,-9,-5,-4,2,8,8,7,7,5,-6,-3,1,3,8,-1,-1,3,5,-2,-4,2,4,4,3,6,1,-3,2,4,8,13,-2,0,0,0,-3,-3,1,4,1,1,2,2,2,3,3,-1,0,0,0,0,-2
"San Diego County, CA",US,32.7157,-117.1611,11,10,11,11,11,10,10,9,6,3,3,1,8,1,-7,-5,3,7,10,9,9,8,7,7,9,8,9,11,11,11,11,11,11,10,11,8,-1,0,4,8,8,8,7,10,12,12,10,10,8,4,7,9,7,9,9,4,3,7,9,8,7,7,8,8,8,8,9,7,7,10
,Egypt,26.0,30.0,1,1,2,0,-1,-3,-2,1,2,1,3,1,2,4,3,0,1,0,1,0,1,1,2,2,3,4,6,5,3,1,2,1,0,3,3,2,0,-4,1,2,1,-1,-8,-12,0,4,0,-3,2,1,0,2,0,0,1,1,0,0,2,3,2,4,0,4,3,6,3,2,2,3
From Diamond Princess,Australia,35.4437,139.638,-1,2,5,-2,0,0,4,9,5,-1,-4,-3,1,0,-2,-10,-6,-3,-9,-5,-4,2,8,8,7,7,5,-6,-3,1,3,8,-1,-1,3,5,-2,-4,2,4,4,3,6,1,-3,2,4,8,13,-2,0,0,0,-3,-3,1,4,1,1,2,2,2,3,3,-1,0,0,0,0,-2
,Lebanon,33.8547,35.8623,-3,-1,-3,-7,-5,-2,-2,2,3,0,0,0,0,1,1,0,2,0,-6,-7,-4,4,3,1,0,0,1,1,3,2,1,3,1,2,2,2,0,0,1,0,1,0,-1,-2,3,4,0,1,3,1,1,0,0,2,0,0,1,1,-1,-1,1,2,0,0,3,0,1,2,1,-1
"Humboldt County, CA",US,40.745,-123.8695,4,5,7,7,10,6,6,6,5,7,8,7,0,-1,-3,2,5,4,2,-1,0,1,2,2,3,2,5,2,0,0,2,2,3,4,2,3,4,4,4,1,-2,0,4,5,4,5,2,1,2,2,7,3,0,3,2,0,2,4,3,1,2,3,3,1,0,1,0,2,4,2
"Sacramento County, CA",US,38.4747,-121.3542,7,10,8,9,10,11,8,8,6,7,9,8,2,-4,-4,0,2,4,4,-3,-1,1,4,5,5,6,6,0,0,2,3,3,5,7,2,2,7,6,7,6,1,-4,4,6,8,7,7,6,6,4,6,5,6,7,5,3,4,6,6,3,6,3,5,5,2,4,4,4,4,5
,Iraq,33.0,44.0,7,5,5,5,4,4,6,6,5,5,0,3,2,2,3,4,7,5,0,-14,-8,-7,-6,0,-3,0,9,10,11,10,8,6,9,10,15,7,7,8,7,6,5,5,5,5,3,9,8,6,4,6,5,6,6,5,5,5,5,4,6,5,2,5,3,2,1,3,6,6,7,8
,Oman,21.0,57.0,14,15,15,16,9,7,7,4,4,-1,8,12,9,2,5,12,14,11,13,13,15,11,5,7,5,4,10,12,11,12,17,18,16,15,15,15,10,5,8,9,15,13,2,4,11,12,12,11,5,7,8,13,15,16,16,8,10,15,17,18,4,6,7,5,7,7,8,12,13,10
,Afghanistan,33.0,65.0,-5,-4,0,-3,-6,-6,-10,-12,-11,-8,-7,-7,-1,-9,-9,-8,-9,-6,-4,0,3,4,-2,-7,-5,-7,-6,-3,-6,-8,-3,0,0,1,0,0,3,2,1,0,-1,1,2,1,-1,-3,-5,-1,0,-4,0,-2,-3,0,1,-7,-10,-12,-11,-2,-1,-6,-10,-9,-10,-12,-11,-6,-4,-3
,Bahrain,26.0275,50.55,13,10,8,9,6,8,10,10,9,10,12,10,9,10,12,13,13,15,15,11,7,4,8,10,12,13,14,15,15,15,13,14,16,17,18,14,11,13,14,15,14,12,12,13,13,14,14,13,14,15,14,17,17,15,12,12,12,14,15,9,7,6,7,10,11,13,14,13,14,12
,Kuwait,29.5,47.75,6,3,4,2,3,3,5,6,9,9,3,0,1,1,5,8,12,5,2,0,-10,-12,-6,0,1,3,10,13,12,11,9,10,12,15,16,5,8,7,8,9,4,3,5,5,6,4,8,6,3,5,8,14,11,5,5,6,8,2,2,5,1,1,3,2,3,8,9,7,7,7
,Algeria,28.0339,1.6596,-3,-1,-2,-2,2,-1,0,-5,-14,-11,-9,0,1,1,-1,-2,-12,-14,-13,-12,-11,-6,6,-1,-3,-4,-4,0,-4,-4,-8,-7,-7,0,-5,-11,-11,-6,-9,-13,-18,-11,-5,-5,-10,-4,-7,-10,-8,-2,-4,-4,-6,-5,-6,1,-1,-3,0,0,2,0,0,1,4,3,0,-3,-6,-5
,Croatia,45.1,15.2,-5,-4,-3,2,2,0,2,0,-2,3,5,5,6,1,-7,-11,-8,-3,0,3,3,-1,-2,1,-1,-1,2,2,-1,-5,-5,-4,0,2,3,1,-5,-5,-4,2,2,2,-1,-3,1,0,-4,-4,0,-4,-6,-5,-3,-6,-10,-12,-5,-4,0,-1,-3,-2,0,0,0,-1,-3,-3,-4,-5
,Switzerland,46.8182,8.2275,-8,-8,-6,-4,-4,-4,-4,-4,-4,2,0,1,1,-4,-9,-9,-7,-6,-5,-1,-4,-8,-6,-3,-4,-3,0,-4,-6,-4,-3,-3,0,0,-3,-7,-7,-7,-3,-2,-4,-7,-7,-3,-4,-6,-6,-3,-2,-7,-6,-3,-2,-7,-6,-5,-7,-3,-4,-6,-8,-9,-7,-4,-4,-5,-6,-10,-13,-8
,Austria,47.5162,14.5501,-9,-8,-6,-4,-2,-3,-3,-7,-6,1,0,1,0,-3,-7,-11,-11,-7,-6,-3,-3,-7,-6,-3,-4,-4,-1,-3,-4,-5,-7,-7,0,0,0,-4,-8,-7,-8,-2,-1,-1,-5,-7,-1,-3,-6,-4,-2,-9,-7,-5,-2,-6,-11,-6,-7,-1,-2,-4,-8,-11,-9,-8,-3,-2,-4,-6,-7,-9
,Israel,31.0,35.0,3,3,3,0,1,2,4,6,5,3,3,6,6,7,6,4,4,2,3,1,2,4,5,7,6,7,7,5,7,8,4,4,4,6,7,7,6,5,6,6,6,5,4,2,7,8,7,5,10,4,5,1,3,0,0,0,1,3,3,3,4,6,5,6,4,5,8,4,5,3
,Pakistan,30.3753,69.3451,0,-5,0,2,0,1,-3,-7,-5,-6,-9,-4,0,-6,-3,-11,-13,-8,-2,0,1,1,-2,-16,-14,-18,-17,-13,-8,-5,1,3,3,2,-3,-3,4,6,3,4,3,5,6,4,4,1,-2,2,2,-4,-3,-2,-3,1,3,0,-8,-9,-6,-2,0,-1,-4,-4,-7,-9,-9,-7,-2,0
,Brazil,-14.235,-51.9253,24,24,24,24,24,23,24,23,23,23,24,24,24,24,23,23,23,23,22,22,22,22,24,23,24,24,23,23,25,24,24,23,23,23,23,24,24,24,24,23,23,24,24,24,24,24,23,23,24,24,23,23,23,23,23,23,23,23,24,23,24,24,23,23,24,24,23,22,23,24
,Georgia,42.3154,43.3569,-3,-3,-6,-9,-7,-4,-3,0,0,1,-2,-3,0,0,-3,2,0,-4,-12,-14,-12,-7,-3,-4,-7,-5,-4,-2,0,0,1,3,2,1,0,-3,-1,1,2,2,1,0,1,0,2,2,1,0,-2,1,0,-4,-3,-3,-3,-2,-1,0,0,-2,-2,-2,-4,-3,-4,-4,-4,-5,-6,-3
,Greece,39.0742,21.8243,-12,-9,-2,1,2,4,2,4,1,-1,2,2,2,4,0,-4,-9,-6,-5,0,4,6,3,4,3,0,-1,-2,1,2,-2,-4,-6,0,1,4,1,0,-6,-3,3,2,3,0,1,5,4,2,1,-8,-8,-11,-8,-3,-8,-10,-13,-13,-10,-4,-1,1,0,-1,-3,-3,-3,-4,-3,-8
,North Macedonia,41.6086,21.7453,-6,-5,-6,-2,0,2,1,2,-1,-2,0,2,3,4,-1,-6,-5,-3,-4,-2,2,0,-1,1,1,0,0,2,2,0,-2,-2,-2,0,2,3,0,-1,-3,-2,3,5,7,0,0,6,4,2,2,-4,-5,-6,-6,-2,-6,-7,-9,-8,-5,-1,0,-1,-1,-2,-3,-3,-3,-3,-5,-7
,Norway,60.472,8.4689,-8,-2,-6,-5,-4,-3,-10,-7,-12,-9,-3,-11,-15,-14,-7,-2,-6,-7,-3,-5,-9,-9,-12,-12,-5,-3,-3,-5,-10,-7,-5,-4,-9,-11,-12,-14,-14,-13,-11,-8,-7,-6,-7,-11,-13,-11,-2,-5,-5,-5,-3,-6,-12,-6,0,-4,-3,-8,-14,-4,-6,-8,-5,-5,-5,-1,-5,-8,0,-4
,Romania,45.9432,24.9668,-8,-6,-8,-6,-1,-2,0,-2,-3,-1,3,2,3,1,-1,-9,-5,-13,-9,-4,-1,-3,-4,-5,-1,-4,-2,0,0,-1,-2,-3,-2,0,-3,0,0,-3,-3,-3,0,2,4,0,0,0,3,3,3,-5,-6,-8,-8,-5,-9,-12,-12,-10,-5,-5,-4,-6,-7,-7,-7,-6,-7,-9,-8,-7
,Denmark,56.2639,9.5018,2,4,5,3,3,4,3,1,4,5,6,1,2,0,0,4,2,1,4,2,1,2,1,1,5,7,3,2,2,3,2,3,1,1,2,0,-2,1,2,2,2,2,1,0,0,0,4,4,4,1,2,3,0,1,4,4,5,4,3,2,6,3,5,6,3,4,3,1,3,4
,Estonia,58.5953,25.0136,-1,-2,2,-1,1,3,0,0,0,0,1,3,-1,-6,-5,-6,-7,0,0,2,1,0,0,-1,-1,1,3,2,1,0,0,1,1,-1,-2,0,-4,-5,-5,0,0,0,0,1,0,0,-1,0,1,0,1,2,0,-5,0,2,2,0,1,-4,3,0,0,4,4,1,0,2,0,2
,Netherlands,52.1326,5.2913,2,2,-1,-2,1,5,3,2,5,7,7,5,6,2,0,2,0,3,6,3,0,0,3,3,6,8,3,3,2,5,2,5,5,4,3,1,0,1,5,2,3,1,2,3,3,2,5,4,8,-1,0,5,4,4,2,4,8,10,5,1,4,4,7,6,4,5,1,1,0,0
,San Marino,43.9424,12.4578,1,1,1,4,4,3,4,3,3,6,7,7,8,3,-5,-7,-6,0,1,6,6,1,1,4,1,1,4,6,4,0,0,2,4,7,6,2,-1,-2,-2,6,5,3,2,1,3,3,0,0,2,0,0,0,3,0,-1,0,-1,-1,1,1,1,0,0,1,1,2,4,1,0,0
,Belarus,53.7098,27.9534,0,-3,-2,0,-1,-2,-2,0,-1,0,1,4,0,-3,-9,-5,-11,-5,-4,-2,0,0,0,-1,-3,-2,2,2,0,0,-1,0,0,-1,-2,2,0,-3,-1,0,2,3,4,3,0,2,2,1,2,-3,0,-3,-1,-3,-5,-2,-3,0,0,0,-2,0,0,-1,0,-2,-4,-3,-2,-1
,Iceland,64.9631,-19.0208,-2,-10,-11,-10,-10,-12,-14,-12,-9,-8,-14,-16,-14,-6,0,-1,0,-8,-14,-7,-13,-17,-20,-9,-10,-7,-7,-8,-10,-8,-9,-12,-11,-8,-13,-14,-16,-12,-10,-8,-11,-9,-13,-16,-16,-16,-14,-17,-9,-5,-15,-20,-9,-5,-5,-9,-11,-11,-6,-9,-19,-13,-7,-6,-8,-10,-11,-2,-7,-7
,Lithuania,55.1694,23.8813,1,-2,3,1,0,-1,-1,0,1,2,4,3,0,-2,-6,-2,-8,-1,-3,1,0,1,0,-1,-3,0,3,1,1,1,0,0,1,0,0,0,-1,-1,0,2,3,3,4,0,0,2,3,1,1,-1,1,-1,0,-3,-1,0,-1,1,4,1,0,2,0,1,2,0,-1,0,0,3
,Mexico,23.6345,-102.5528,7,6,2,1,8,8,3,0,-1,0,0,-1,5,8,6,2,-8,-5,-5,0,8,5,0,-7,2,6,4,4,4,4,1,8,5,5,0,-2,-3,-1,-4,0,1,-1,2,2,-2,6,5,9,9,5,9,4,0,-5,-4,-6,-1,0,3,1,-7,-2,1,5,4,7,10,9,10,9
,New Zealand,-40.9006,174.886,15,16,16,16,17,17,18,17,16,16,15,17,18,18,13,12,12,13,9,12,13,13,14,14,14,16,18,18,17,15,16,16,11,10,13,14,15,15,15,13,15,17,14,8,10,11,12,15,14,14,15,14,10,11,9,8,7,11,12,12,15,14,9,8,10,11,11,15,15,15
,Nigeria,9.082,8.6753,0,-4,-12,-12,-8,-3,-4,-6,-10,-9,-5,-5,-1,-1,-1,0,0,0,4,3,-3,-1,1,1,-1,-1,0,9,3,2,3,2,-2,-4,0,0,2,4,2,11,19,15,6,0,-3,4,7,0,10,2,0,2,5,7,9,10,9,6,6,9,8,6,6,1,-2,0,4,7,7,5
Western Australia,Australia,-31.9505,115.8605,13,16,15,17,18,17,17,17,13,9,11,11,12,13,17,20,19,18,11,10,15,18,19,19,20,16,14,13,17,17,13,18,19,20,20,20,20,21,19,16,12,13,11,13,18,18,18,18,14,15,14,8,4,8,13,14,16,13,8,10,16,16,19,18,19,19,14,13,15,15
,Ireland,53.1424,-7.6921,6,4,4,4,3,0,0,3,6,8,4,5,2,1,0,1,4,3,6,0,0,1,2,4,6,1,1,1,4,2,6,3,3,4,0,0,0,6,0,0,0,1,0,0,1,7,3,5,6,3,7,2,4,7,5,8,3,0,2,8,3,3,1,1,5,0,-2,-2,0,3
,Luxembourg,49.8153,6.1296,-4,-2,-3,-1,0,3,1,0,3,8,8,7,6,1,0,-1,-2,0,4,4,0,0,1,3,3,6,4,1,1,3,0,1,7,5,4,0,0,-1,4,3,3,0,1,3,3,0,3,3,6,-3,-1,3,0,0,-1,1,4,8,5,0,0,3,3,5,5,4,0,0,-1,-3
,Monaco,43.7333,7.4167,2,6,4,5,6,5,4,3,3,6,7,7,9,3,-2,0,-1,3,3,6,4,1,3,5,5,6,8,7,5,3,5,5,6,8,6,-2,-2,1,4,7,7,3,1,4,5,2,1,4,2,3,5,5,4,4,4,5,2,2,2,4,2,4,3,6,5,5,5,0,-2,-1
,Qatar,25.3548,51.1839,11,12,8,6,5,8,9,7,5,6,7,10,8,9,9,7,4,11,14,10,7,4,7,9,9,10,12,10,9,11,12,11,16,15,16,12,8,11,10,10,13,10,9,10,7,5,7,11,11,14,13,14,9,15,11,11,10,13,17,9,6,4,4,8,10,10,12,8,12,10
"Snohomish County, WA",US,48.033,-121.8339,3,3,7,6,4,4,3,4,4,1,9,3,-2,-2,-3,2,3,4,2,0,0,0,2,0,1,2,1,0,-3,-2,-1,0,1,2,0,0,3,3,2,1,0,1,4,0,2,1,1,0,-4,5,5,1,4,2,1,4,6,0,-2,0,1,0,-4,-6,-5,-2,-2,0,3,3
,Ecuador,-1.8312,-78.1834,14,16,15,16,16,15,14,13,14,15,14,15,16,15,15,12,12,14,15,16,13,12,14,14,15,16,15,15,14,15,14,15,16,16,16,16,16,16,16,15,16,16,16,15,16,16,15,15,15,16,17,16,15,13,14,14,13,11,10,14,14,15,14,15,15,14,15,15,16,15
,Azerbaijan,40.1431,47.5769,-2,-2,-5,-5,-7,-3,-4,-3,-2,0,2,0,-1,-2,0,0,0,3,-5,-7,-7,-10,-4,-3,-1,-2,1,-1,-1,2,4,5,6,5,-1,0,-1,-2,3,3,4,5,6,7,7,5,5,4,5,1,1,3,3,0,0,0,-1,0,0,0,-1,1,-2,0,2,0,-2,0,0,-1
,Czech Republic,49.8175,15.472999999999999,-6,-3,-4,-5,-3,-1,-1,-2,-1,5,7,5,5,1,-2,-3,-1,-3,-1,2,0,-2,-1,1,0,1,4,1,0,0,0,0,5,0,4,0,-2,-1,-2,2,1,2,0,-1,2,0,-1,0,1,-2,-5,-3,0,-4,-4,-4,-1,1,1,0,-2,-1,-3,-3,-1,-2,-1,-1,-2,-6
,Armenia,40.0691,45.0382,-16,-14,-17,-20,-16,-15,-14,-12,-11,-9,-9,-15,-13,-10,-8,-6,-5,-7,-20,-23,-23,-18,-14,-18,-18,-12,-10,-9,-7,-5,-6,-7,-5,-6,-8,-19,-14,-11,-6,-4,-7,-8,-11,-12,-11,-5,-4,-9,-14,-12,-12,-10,-10,-12,-14,-13,-13,-11,-13,-15,-13,-13,-16,-15,-14,-14,-18,-12,-12,-15
,Dominican Republic,18.7357,-70.1627,19,17,18,18,18,18,18,18,18,18,18,19,19,19,19,18,18,18,18,18,18,19,18,18,18,19,19,19,19,19,18,17,19,18,17,18,19,20,19,18,18,18,19,19,18,18,18,18,17,20,20,19,18,19,18,17,19,19,19,19,18,19,18,18,18,18,17,17,18,19
,Indonesia,-0.7893,113.9213,23,24,24,24,25,24,25,24,24,23,23,24,24,24,25,24,23,24,24,23,23,23,24,25,25,24,24,23,23,24,24,22,23,25,25,24,24,24,24,24,24,24,24,23,23,24,24,24,24,24,24,24,24,24,24,24,24,24,24,23,23,23,24,24,24,24,25,25,24,24
,Portugal,39.3999,-8.2245,5,7,7,7,5,9,11,11,10,13,13,12,12,9,8,7,8,10,8,9,9,9,10,8,8,8,9,4,4,5,6,5,5,6,8,5,6,5,9,12,8,9,12,9,5,5,6,6,8,4,4,6,5,3,3,3,2,7,2,1,1,2,7,11,10,8,11,4,-2,1
,Andorra,42.5063,1.5218,0,0,-3,-1,-1,-3,-1,-4,2,2,0,1,0,-1,-15,-15,-14,-7,-1,1,1,0,2,-1,-1,-4,0,-4,-8,-11,-9,-14,-10,-10,-8,-6,-3,1,1,0,-2,-4,0,1,-7,-6,-4,-3,1,-7,-6,-6,-4,-11,-6,-6,0,-1,-2,-13,-16,-14,-12,-10,-4,-2,-9,-8,-9,-3
Tasmania,Australia,-41.4545,145.9707,9,6,6,10,8,5,8,10,6,8,12,4,0,2,6,8,11,10,8,9,14,14,12,13,13,5,4,7,5,4,2,4,8,8,8,3,4,3,8,9,3,5,7,11,7,4,4,4,5,4,5,6,5,1,4,7,5,9,11,3,5,7,10,13,8,3,4,8,11,8
,Latvia,56.8796,24.6032,0,-1,3,0,0,2,-1,0,0,0,2,3,0,-4,-6,-4,-8,0,-1,1,1,1,0,0,-2,0,3,2,2,1,0,1,1,0,-1,0,0,-2,-2,1,2,3,3,1,0,0,0,0,1,-1,0,0,0,-3,0,0,0,0,1,-1,2,1,0,2,3,0,-1,1,0,3
,Morocco,31.7917,-7.0926,1,1,1,2,3,0,-3,-2,-1,0,-2,-6,-6,-5,-5,-2,3,3,0,-2,-5,0,1,-2,-2,-2,-2,0,6,3,-1,-6,-10,-9,-5,-6,-3,-3,3,5,7,5,0,4,6,-2,-8,-7,-7,0,0,1,2,2,1,-4,-4,0,0,1,-2,-3,-2,-5,-7,-8,-10,0,3,0
,Saudi Arabia,24.0,45.0,0,-1,-3,-1,-4,-5,-11,-5,-1,-2,3,-6,-10,0,4,3,3,9,0,0,0,-7,-11,-12,-16,-15,-13,-15,-8,1,0,4,10,6,3,-3,0,-2,1,-6,-4,-11,-12,-7,-2,-10,-3,0,-5,8,8,9,11,6,1,5,8,0,-3,-1,-1,-6,-3,-8,-5,0,-3,6,3,4
,Senegal,14.4974,-14.4524,-4,0,8,-1,-5,-7,-10,-12,-9,-10,-10,4,1,-13,-18,-16,-15,-15,-11,-11,-11,-1,-2,-8,-6,-8,-8,-11,-8,-8,-6,-2,6,0,-10,-8,-9,-14,-18,-20,-18,-16,-16,-17,-14,-13,-6,-12,-10,-12,-14,-13,-14,-13,-11,-12,-11,-13,-13,-10,-13,-13,-8,-14,-18,-16,-12,-9,-7,-4
"Grafton County, NH",US,43.9088,-71.82600000000001,-18,-11,-10,-6,-2,-1,-3,-6,-12,-14,-11,-5,-7,-5,-4,-10,-7,-5,-17,-16,-3,-4,-6,-4,-21,-20,-8,-10,-10,-10,-18,-18,-10,-6,-4,-1,0,-3,-12,-13,-15,-7,1,-3,-5,-5,-12,-8,-1,-3,-5,-5,-1,0,-9,-11,-8,-7,-17,-7,5,2,-8,-4,-3,-5,-22,-19,-11,-18
"Hillsborough, FL",US,27.9904,-82.3018,0,0,13,16,9,6,10,9,10,13,14,14,7,9,12,17,21,10,5,12,16,19,20,21,20,14,18,19,19,20,21,9,6,11,13,18,18,6,4,3,4,11,16,19,22,13,2,8,12,10,7,15,21,19,4,5,9,5,12,17,20,20,19,19,19,18,16,14,17,3
"Placer County, CA",US,39.0916,-120.8039,2,5,4,6,5,6,4,3,0,4,4,1,-1,-15,-13,-2,1,-1,-1,-9,-9,-6,-2,-1,0,0,1,-6,-4,-1,-3,-2,0,2,-5,-4,0,-1,0,0,-3,-8,0,0,1,3,3,3,3,0,2,0,0,2,1,-1,0,1,0,-3,1,-1,1,0,-3,0,0,-1,0,0
"San Mateo, CA",US,37.563,-122.3255,8,9,8,10,11,10,8,9,7,10,9,9,4,-2,-3,1,6,7,6,0,0,1,4,6,6,6,7,4,0,5,5,5,7,7,6,4,5,8,8,5,1,-2,6,7,8,7,6,5,6,6,9,7,6,8,5,4,5,7,7,5,6,5,6,5,4,5,4,4,3,6
"Sonoma County, CA",US,38.578,-122.9888,8,7,7,9,11,8,8,8,5,9,9,9,1,-2,-3,1,6,5,2,-5,-3,0,3,5,6,3,6,4,1,1,4,3,4,5,2,3,4,6,6,1,-3,-3,4,5,7,7,5,3,4,5,8,4,4,6,3,1,3,6,5,4,5,3,5,4,3,4,3,3,3,4
"Umatilla, OR",US,45.775,-118.7606,0,1,4,4,2,3,1,3,2,1,5,2,-4,-5,-4,2,6,4,0,-2,-2,-1,0,-1,-2,1,0,-3,-5,-5,-6,-4,-2,-1,-3,-3,0,0,0,-2,-5,0,2,-1,0,1,0,-1,-2,1,3,0,1,-1,-2,0,0,0,-2,-1,0,0,-3,-8,-6,-3,-5,-1,-1,-1
"Fulton County, GA",US,33.8034,-84.3963,-8,-9,-3,6,0,0,5,1,1,2,2,3,0,2,11,15,15,0,0,2,6,15,13,11,-4,-3,4,7,12,9,4,-1,-3,-2,5,9,5,-5,-2,-3,-2,6,15,11,8,0,-3,-1,4,0,-3,4,12,6,-2,2,2,-3,1,9,16,10,15,15,15,8,-3,1,-1,-8
"Washington County, OR",US,45.547,-123.1386,5,6,10,8,8,7,6,8,7,7,11,7,1,0,0,6,8,7,3,1,2,2,3,2,3,4,3,2,0,0,0,1,3,4,2,2,5,4,5,3,2,4,7,3,4,4,2,1,1,6,8,6,5,4,5,8,8,4,1,4,4,3,1,0,0,1,1,4,5,4
,Argentina,-38.4161,-63.6167,11,11,16,9,4,4,1,9,4,0,5,12,7,17,18,12,19,14,14,8,7,6,12,16,6,0,3,12,1,0,-1,5,4,9,5,3,3,2,7,12,11,9,10,7,11,15,12,-1,5,17,15,11,13,16,12,3,2,10,0,1,2,8,14,8,-9,-7,-2,9,10,13
,Chile,-35.6751,-71.543,9,13,16,9,7,14,11,14,9,7,6,13,8,7,9,6,6,5,6,9,12,14,12,5,4,10,11,11,3,7,7,11,12,12,8,5,5,8,10,11,14,14,12,8,8,9,13,8,5,9,10,13,13,11,7,7,9,9,8,6,7,10,11,12,5,4,9,11,13,11
,Jordan,31.24,36.51,2,1,1,-3,-2,-2,-2,4,2,2,2,4,1,4,2,1,3,1,1,-1,0,2,3,4,1,4,3,4,5,5,2,3,3,4,6,6,4,3,4,5,3,4,-1,-5,0,6,6,2,5,0,2,1,1,0,-3,0,0,2,2,2,1,4,3,2,-7,2,6,3,3,2
"Norfolk County, MA",US,42.1767,-71.1449,-17,-12,-9,-3,3,1,-2,-4,-10,-13,-6,0,-3,-3,0,-2,0,0,-11,-9,2,3,-5,0,-12,-17,-6,-7,-2,-6,-14,-18,-12,-7,-3,3,4,0,-13,-12,-13,-3,5,-2,-6,-3,-14,-11,-5,2,-4,-4,1,4,-4,-5,-5,-5,-15,-1,9,8,0,0,0,-2,-19,-16,-5,-16
"Maricopa County, AZ",US,33.2918,-112.4291,9,8,7,5,5,6,3,-2,0,-3,-4,-3,0,-9,-17,-17,-10,-4,0,2,8,5,2,2,2,0,0,1,3,2,0,4,11,7,7,-8,-13,-5,-1,0,0,5,3,6,4,0,1,4,6,0,2,1,0,1,2,0,-3,0,2,0,0,0,0,0,2,4,5,0,-2,2
"Wake County, NC",US,35.8032,-78.5661,-10,-6,-1,7,7,0,2,0,0,-1,0,3,2,6,9,14,16,6,-2,0,7,17,9,15,0,-5,0,5,7,6,0,-4,-4,0,4,12,13,-3,-3,-4,-6,3,13,5,5,2,-2,-2,4,2,0,2,10,12,0,0,1,-1,-1,7,16,17,18,17,14,6,-7,0,3,-8
"Wetchester County, NY",US,41.122,-73.7949,-12,-9,-5,-3,2,0,-1,-3,-7,-9,-3,0,0,0,3,-2,0,0,-6,-3,2,3,-2,0,-11,-14,-4,-3,0,-4,-11,-14,-10,-6,-2,3,4,-2,-11,-12,-10,0,7,0,-2,0,-8,-5,-1,0,-3,-2,3,5,-4,-2,-3,-5,-12,0,9,9,0,1,1,0,-16,-11,-3,-13
,Ukraine,48.3794,31.1656,-2,-4,-4,-4,-3,-3,-1,1,-1,-2,2,4,1,-1,0,-7,-8,-11,-9,-4,1,0,-1,-2,0,-2,-1,1,0,-1,-3,-4,0,1,-1,2,2,-1,-2,-1,1,4,6,6,7,5,6,7,7,-1,-4,-3,-3,-1,-3,-8,-7,-5,-2,0,-3,-3,-2,-1,-1,-3,-4,-5,-6,-3
,Saint Barthelemy,17.9,-62.8333,21,21,22,22,22,22,22,22,22,22,22,22,21,21,21,22,22,22,21,22,22,21,22,21,21,22,22,22,21,21,20,20,21,20,20,21,21,21,21,22,21,20,21,21,21,21,21,20,20,23,23,23,22,22,21,21,22,22,22,22,22,22,21,21,21,21,21,21,22,22
"Orange County, CA",US,33.7879,-117.8531,10,9,8,9,10,10,9,7,0,0,1,2,7,-6,-15,-5,1,5,8,7,3,-1,4,5,6,6,7,8,10,10,7,7,9,9,10,-1,-5,-1,-1,6,7,1,-2,9,11,11,9,8,6,0,4,8,5,7,6,-5,-2,7,7,7,7,7,7,7,7,7,8,3,2,9
,Hungary,47.1625,19.5033,-4,-4,-4,-4,-3,-2,0,0,0,3,6,6,5,3,-2,-4,0,-8,-5,3,1,-1,0,3,1,1,3,3,0,0,-1,-1,3,1,3,4,-1,0,-1,3,6,7,3,0,2,2,1,-1,0,-2,-3,-4,-1,-3,-7,-6,-6,-3,-4,-2,-3,-3,-3,-3,-3,-3,-4,-3,-2,-2
Northern Territory,Australia,-12.4634,130.8456,26,27,27,27,26,27,28,27,27,26,26,26,26,26,26,26,26,26,27,27,27,27,27,27,27,27,28,27,27,27,25,27,27,27,27,27,27,27,26,26,27,27,26,25,26,26,26,25,25,26,26,26,25,26,26,25,26,26,26,26,26,26,27,27,27,26,27,27,26,26
,Faroe Islands,61.8926,-6.9118,4,0,-1,3,0,-1,-1,-1,0,-1,-3,-3,0,-1,3,5,2,0,-2,-2,-2,-5,-5,0,0,-1,0,0,0,-2,-1,-2,-3,-3,-1,-2,-3,-3,0,0,-3,-2,-2,-1,-1,0,0,-1,0,4,0,-5,-1,3,2,2,-2,-1,0,0,-2,1,0,1,1,1,-1,3,4,0
,Gibraltar,36.1408,-5.3536,8,9,11,10,9,8,10,10,10,9,12,12,12,12,12,10,11,12,11,12,11,12,12,11,12,11,12,13,12,11,11,11,11,11,11,10,10,11,11,12,12,10,12,12,8,6,9,8,10,10,10,9,8,10,10,10,10,9,8,8,9,9,8,8,9,10,11,8,5,7
,Liechtenstein,47.14,9.55,-7,-8,-7,-5,-3,-3,-3,-4,-4,1,0,0,2,-3,-7,-12,-8,-6,-5,-1,-3,-6,-7,-2,-4,-2,-1,-3,-5,-5,-3,-4,0,2,0,-6,-7,-8,-4,-1,-3,-5,-7,-4,-2,-5,-6,-3,-3,-6,-6,-5,-1,-7,-8,-6,-10,-4,-5,-3,-10,-10,-8,-5,-4,-5,-4,-8,-14,-9
,Poland,51.9194,19.1451,0,-2,-3,-3,-3,-1,0,0,1,4,7,4,2,3,-3,0,-4,-6,-1,2,0,-1,-1,1,-1,2,3,2,1,0,0,0,3,1,5,2,0,0,-1,2,3,3,1,0,0,2,0,0,2,-1,-3,-3,1,-3,-2,-3,0,3,4,2,-1,0,-1,0,0,-1,0,0,-2,-2
,Tunisia,34.0,9.0,8,7,8,4,4,7,6,4,3,4,5,8,9,7,3,2,0,-1,-2,-2,-4,-8,0,1,9,9,9,6,7,5,5,5,6,6,2,0,5,3,2,-2,5,2,-2,2,5,3,1,1,4,1,2,1,0,3,4,4,4,4,7,6,6,5,5,5,4,3,3,3,5,5
"Contra Costa County, CA",US,37.8534,-121.9018,6,7,7,8,10,8,5,7,5,7,6,7,1,-8,-8,-3,2,3,3,-5,-5,-3,0,2,3,4,4,-3,-6,0,0,-1,2,4,2,-2,2,3,4,3,-2,-7,2,3,5,5,5,4,4,1,6,3,2,5,2,-1,2,5,4,0,4,2,4,3,0,2,1,2,2,2
,Bosnia and Herzegovina,43.9159,17.6791,-13,-10,-11,-1,-1,-2,-1,-2,-8,-4,0,1,2,0,-8,-14,-9,-7,-6,-1,0,-2,-8,-1,-4,-5,-7,-3,-2,-7,-10,-13,-9,-1,-1,0,-7,-6,-8,-2,0,1,-2,-6,-1,-1,-4,-3,-4,-9,-11,-10,-9,-9,-13,-13,-9,-11,-8,-4,-7,-5,-4,-6,-7,-8,-10,-8,-10,-11
,Slovenia,46.1512,14.9955,-5,-5,-4,0,1,1,4,0,-1,2,4,4,5,2,-5,-7,-6,-4,-2,4,3,0,0,1,0,0,3,4,1,-3,-4,-3,2,3,3,2,-2,-4,-3,4,4,5,0,-1,1,0,-2,-1,0,-4,-4,-4,-2,-4,-7,-7,-5,-4,-1,-1,-3,-3,-2,0,-1,-2,-2,-2,-3,-3
"Bergen County, NJ",US,40.9263,-74.077,-11,-8,-5,-3,2,0,-1,-2,-6,-8,-2,1,0,1,4,-1,1,0,-6,-2,2,4,-2,1,-10,-13,-4,-2,0,-3,-10,-13,-10,-6,-2,4,5,-2,-10,-12,-9,0,7,0,-1,0,-7,-5,-1,1,-3,-2,4,6,-3,-1,-3,-5,-11,0,10,9,0,1,2,0,-14,-10,-2,-13
"Harris County, TX",US,29.7752,-95.3103,2,9,12,5,9,15,11,13,5,8,8,3,6,16,20,8,-1,4,11,18,21,11,11,5,3,9,15,19,20,12,6,2,4,13,15,10,0,-1,2,8,16,19,20,18,9,0,6,12,17,0,8,15,11,4,8,12,1,7,18,20,8,5,13,21,21,20,17,18,0,0
"San Francisco County, CA",US,37.7749,-122.4194,8,9,8,10,12,10,9,9,7,10,9,10,4,-4,-5,3,6,7,6,-4,-2,-1,5,6,6,6,7,5,0,6,5,4,7,7,6,3,5,6,7,5,0,-5,5,7,8,7,6,4,5,6,10,7,7,8,5,3,5,7,6,5,6,4,6,5,4,5,4,3,3,5
,South Africa,-30.5595,22.9375,4,4,5,5,3,-4,-10,-11,0,-2,9,11,8,10,11,14,15,15,15,7,6,9,7,-5,5,17,16,17,17,18,16,4,7,3,8,14,17,12,12,15,14,12,10,10,10,6,7,12,14,3,-2,3,0,-5,0,14,17,8,7,6,7,10,10,5,3,7,13,11,3,-2
"Clark County, NV",US,36.0796,-115.094,1,3,2,0,0,1,-3,-1,-3,-4,-3,-2,-4,-17,-19,-13,-3,-3,-5,-2,-7,-16,-12,-7,-6,-7,-3,-6,-10,-10,-12,-12,2,5,0,-10,-10,-7,-6,-4,0,-1,-4,-1,-1,-1,0,-1,-1,-2,-2,-2,-1,0,0,-5,-5,-5,-4,-9,-7,-4,-2,-1,-1,-1,-4,-10,-7,-5
"Fort Bend County, TX",US,29.5693,-95.8143,2,10,12,5,9,15,11,13,5,7,7,3,6,16,20,6,-1,5,12,18,20,10,10,5,3,10,16,19,20,12,7,2,4,13,15,10,0,-1,2,8,16,19,20,19,9,1,7,12,17,0,8,15,11,4,7,12,1,7,18,21,7,6,14,21,21,20,18,18,0,0
"Grant County, WA",US,47.1981,-119.3732,-1,0,1,2,0,1,0,1,0,-1,4,2,-7,-8,-7,-2,0,0,-1,-3,-4,-1,-2,-2,-3,0,-3,-6,-8,-7,-6,-6,-3,-2,-5,-5,-2,0,0,-4,-6,0,0,-5,-4,0,1,-4,-5,0,2,-1,0,-1,-2,0,3,-2,-6,-3,-1,-2,-14,-15,-10,-6,-8,-4,-2,-1
"Santa Rosa County, FL",US,30.769000000000002,-86.9824,-5,-4,6,8,3,5,8,4,6,6,9,7,4,10,16,20,17,0,7,8,16,21,20,14,1,0,9,14,19,17,12,1,-1,3,15,16,7,0,0,0,6,15,19,18,13,3,0,4,10,2,2,17,19,8,2,6,5,0,7,16,19,15,20,20,19,18,6,14,4,-4
"Williamson County, TN",US,35.9179,-86.8622,-9,-6,0,4,0,1,4,0,2,2,5,3,3,7,14,9,2,-3,-2,2,10,4,6,2,-9,-4,3,6,9,0,-1,-8,-5,1,6,8,1,-4,0,-2,2,11,10,5,4,-1,-3,0,7,0,-1,6,12,1,0,0,0,0,1,12,14,4,5,13,16,2,-2,5,-7,-10
"New York County, NY",US,40.7128,-74.006,-11,-7,-4,-2,4,0,-1,-3,-7,-7,0,2,0,1,5,0,3,2,-7,-1,3,6,-3,2,-10,-12,-3,-3,1,-4,-10,-13,-11,-7,0,5,6,-2,-9,-11,-9,0,7,0,-2,2,-6,-6,-2,2,-4,-2,5,7,-4,-2,-3,-5,-11,1,9,7,1,3,2,0,-13,-8,-2,-13
"Montgomery County, MD",US,39.1547,-77.2405,-10,-8,-5,1,4,-1,-1,-1,-3,-6,-2,0,0,4,8,2,3,2,-5,-3,3,7,0,5,-7,-10,-3,-1,3,-2,-7,-11,-11,-8,-2,6,7,-5,-6,-10,-8,0,7,0,-1,0,-4,-6,-1,2,-3,-1,7,8,-3,-2,-3,-4,-7,2,12,10,3,4,5,0,-9,-5,-3,-11
"Suffolk County, MA",US,42.3601,-71.0589,-15,-10,-7,-2,3,1,-1,-3,-9,-11,-5,0,-3,-2,0,-3,0,0,-10,-8,2,2,-3,0,-11,-16,-5,-6,-2,-5,-12,-15,-10,-5,-2,4,4,0,-11,-12,-12,-2,5,0,-4,-1,-13,-10,-3,1,-2,-3,1,4,-3,-5,-4,-4,-14,0,10,9,0,0,0,-2,-18,-15,-4,-15
"Denver County, CO",US,39.7392,-104.9903,-8,-8,-11,-8,-7,-8,-4,-10,-5,-5,-10,-11,-13,-7,-12,-16,-9,-4,-4,-5,-8,-8,-7,-8,-7,-6,-5,-6,-8,-8,-12,-12,-7,-2,-11,-13,-14,-11,-11,-11,-5,-6,-9,-13,-6,-9,-7,-3,0,-14,-7,-9,-10,-7,-9,-14,-10,-11,-10,-9,-11,-14,-13,-13,-9,-11,-10,-14,-11,-13
"Summit County, CO",US,39.5912,-106.064,-7,-7,-10,-9,-8,-9,-9,-14,-13,-13,-15,-10,-14,-12,-19,-24,-13,-7,-8,-10,-12,-18,-16,-14,-13,-12,-6,-10,-16,-15,-20,-18,-11,-6,-14,-20,-20,-13,-14,-15,-9,-9,-12,-15,-12,-11,-9,-6,-7,-21,-11,-12,-12,-11,-13,-15,-12,-15,-13,-17,-16,-15,-14,-15,-16,-14,-12,-16,-15,-16
,Bhutan,27.5142,90.4336,-5,-6,-9,-17,-8,-5,-4,-4,-3,-4,-4,-6,-6,-4,-4,-6,-6,-6,-8,-9,-3,-1,-2,0,0,0,1,1,1,2,0,0,-1,-1,-2,-1,-4,-6,-3,0,1,0,0,0,-1,0,-1,-1,1,-12,-4,-2,-2,-6,-13,-6,-2,-3,-7,-9,-9,-4,-3,-3,-3,-1,-1,-6,-7,-7
,Cameroon,3.8480000000000003,11.5021,15,14,8,6,6,15,18,18,19,21,19,19,21,21,21,20,17,19,21,18,15,19,17,17,18,20,22,21,17,19,21,20,21,20,20,21,21,22,21,22,22,21,22,23,23,22,21,22,22,20,18,14,13,14,17,17,19,20,20,21,19,19,20,22,20,20,20,20,18,17
,Colombia,4.5709,-74.2973,13,13,13,13,14,14,14,13,13,13,10,11,12,9,6,2,1,6,12,13,9,6,7,9,11,11,10,9,8,11,12,13,14,14,14,15,14,14,14,13,13,13,14,13,9,11,12,14,13,13,13,14,12,11,11,10,10,5,7,4,6,8,8,9,9,9,10,10,11,12
,Costa Rica,9.7489,-83.7534,15,15,16,16,15,15,16,17,17,16,12,15,16,15,14,16,14,13,14,13,11,14,16,16,15,13,15,15,15,15,16,15,11,7,11,16,17,14,13,14,11,8,14,14,11,12,13,13,12,13,12,15,17,16,13,14,12,14,14,12,15,15,15,14,14,14,16,16,16,16
,Peru,-9.19,-75.0152,23,24,23,23,23,23,24,25,23,23,24,23,23,24,24,24,25,24,22,24,23,23,23,23,23,24,24,23,23,24,23,24,23,22,23,24,24,24,23,24,23,22,23,24,23,24,23,23,23,24,24,23,23,24,24,23,24,23,22,23,23,22,22,21,23,23,23,23,23,23
,Serbia,44.0165,21.0059,-5,-5,-5,-2,0,1,1,1,-1,-1,3,4,4,4,-1,-7,-2,-4,-3,0,2,0,-1,1,1,0,0,2,0,0,-2,-2,-1,0,1,3,0,-1,-2,0,4,5,4,-1,1,4,1,0,2,-3,-4,-6,-5,-2,-6,-7,-8,-6,-3,-2,-2,-3,-2,-1,-2,-2,-4,-4,-4,-5
,Slovakia,48.669,19.699,-8,-7,-8,-8,-8,-4,-5,-5,-5,0,2,0,1,-1,-8,-9,-5,-8,-7,-2,-4,-6,-6,-2,-3,-2,0,-1,-4,-5,-5,-5,0,-3,0,0,-6,-5,-6,-1,0,1,-1,-5,-2,-2,-4,-4,-3,-6,-11,-9,-4,-9,-12,-11,-9,-5,-5,-3,-5,-4,-6,-6,-4,-4,-6,-7,-7,-8
,Togo,8.6195,0.8248,10,3,-3,-9,-9,-2,0,-1,-12,-9,-5,-8,-10,-7,-3,-2,-2,-2,1,10,0,-6,-2,-1,-4,-3,5,15,7,13,8,6,8,-2,-4,4,15,15,10,16,22,22,21,17,20,19,20,22,22,-2,-3,-4,0,5,10,10,9,9,12,20,19,15,6,3,5,5,5,5,8,11
"Chatham County, NC",US,35.7211,-79.1781,-10,-7,-2,7,6,0,2,0,0,0,0,2,2,6,10,14,16,5,-2,0,6,17,9,15,0,-5,1,4,7,7,0,-5,-4,0,4,12,12,-3,-3,-4,-5,4,13,5,5,1,-2,-2,4,2,0,2,10,11,0,0,1,-1,-1,7,16,17,18,17,13,6,-6,0,2,-8
"Delaware County, PA",US,39.9078,-75.3879,-11,-8,-5,0,5,0,-1,-2,-5,-7,-1,1,0,2,7,0,3,3,-5,-3,3,6,-2,3,-9,-14,-3,-2,3,-3,-9,-12,-10,-7,0,6,6,-4,-7,-10,-8,0,8,0,-2,0,-4,-5,0,2,-3,-1,5,8,-3,-2,-3,-4,-10,1,11,10,2,3,3,0,-12,-8,-3,-12
"Douglas County, NE",US,41.3148,-96.1951,-14,0,-1,-3,-5,-2,-2,-5,-4,-2,-1,-1,2,-4,-10,-10,-7,-7,-8,-4,-6,-5,-7,-23,-15,-5,-2,0,-5,-9,-14,-5,0,0,-3,-3,-9,-6,-1,0,0,-2,-1,-1,-2,-6,-2,4,0,-5,-2,-1,-3,-5,-2,-4,-3,-8,0,-8,-16,-10,-4,-6,-10,-19,-6,-13,-20,-20
"Fayette County, KY",US,38.0606,-84.4803,-10,-8,-2,4,0,0,0,-2,-2,-2,0,1,2,5,11,1,1,-3,-2,-2,7,1,0,0,-12,-8,0,1,7,-3,-6,-11,-8,-4,3,8,2,-6,-4,-8,-1,8,8,1,0,-1,-3,-4,0,-1,-1,3,10,2,-1,-3,-2,-6,-2,9,14,3,2,7,9,0,-6,3,-9,-11
"Marion County, IN",US,39.8362,-86.1752,-7,-7,-3,2,0,-1,-3,-2,-2,-2,-1,0,2,4,5,-2,-4,-4,-2,-3,0,-2,-2,-5,-17,-8,-1,0,1,-5,-9,-12,-7,-1,2,2,-2,-6,-6,-9,0,7,3,0,-1,-2,-4,-2,5,-2,-2,2,6,0,-2,-3,-3,-7,-2,9,10,0,0,1,2,-5,-7,0,-15,-10
"Middlesex County, MA",US,42.4672,-71.2874,-18,-12,-9,-4,2,0,-3,-5,-12,-15,-8,-1,-4,-4,-1,-4,-1,-1,-12,-10,1,1,-6,0,-13,-18,-7,-7,-3,-7,-15,-19,-12,-7,-6,2,3,-1,-14,-13,-14,-4,4,-2,-6,-4,-15,-11,-6,0,-4,-5,0,2,-5,-6,-7,-7,-16,-2,8,7,-2,0,0,-3,-21,-16,-7,-18
"Nassau County, NY",US,40.6546,-73.5594,-11,-7,-3,0,4,0,0,-2,-6,-6,0,1,0,2,5,-1,2,2,-6,-1,3,4,-2,2,-9,-12,-2,-1,2,-2,-9,-12,-7,-3,1,5,5,-2,-8,-10,-8,1,6,1,-1,1,-6,-3,2,2,-3,0,5,6,-3,-1,-2,-4,-10,2,8,8,2,3,2,0,-13,-8,-1,-12
"Ramsey County, MN",US,44.9964,-93.0616,-15,-2,-2,-2,-4,-6,-7,-11,-11,-9,-3,-3,0,-7,-15,-12,-12,-8,-17,-11,-12,-8,-10,-27,-22,-8,-13,-6,-13,-21,-21,-8,-4,-3,-5,-6,-9,-12,-14,-7,-1,-4,-2,-5,-1,-7,-1,3,-1,-10,-6,-2,-3,-7,-4,-5,-10,-19,-7,-13,-18,-13,-8,-6,-13,-24,-15,-13,-18,-16
"Washoe County, NV",US,40.5608,-119.6035,-1,0,0,1,0,2,0,-2,-3,0,0,-4,-5,-14,-12,-5,-2,-6,-6,-7,-9,-7,-6,-7,-5,-3,0,-9,-12,-13,-12,-10,-8,-5,-11,-14,-14,-8,-7,-3,-8,-8,-1,-5,-5,-5,-2,-2,0,-3,0,-3,-4,-3,-4,-6,-6,-4,-5,-8,-4,-4,-3,-4,-9,-6,-6,-7,-7,-5
"Wayne County, PA",US,41.6739,-75.2479,-13,-10,-8,-5,-1,-2,-2,-4,-8,-11,-6,-2,-2,0,1,-5,-1,-3,-8,-5,0,0,-4,-1,-14,-16,-5,-5,-2,-6,-12,-13,-9,-7,-3,0,2,-5,-12,-12,-9,-1,5,0,-4,-2,-7,-5,-1,-1,-6,-4,2,2,-5,-4,-5,-7,-12,-1,9,6,-2,0,-1,-2,-15,-13,-6,-15
"Yolo County, CA",US,38.7646,-121.9018,7,7,6,8,10,9,7,8,6,7,8,8,1,-6,-6,0,4,5,3,-3,-3,-1,3,4,5,6,5,-1,-3,0,2,2,3,6,1,1,6,6,8,5,-1,-3,5,7,8,7,5,4,4,5,6,4,5,6,4,2,3,4,5,2,4,3,4,4,1,4,2,2,3,5
"Santa Clara County, CA",US,37.3541,-121.9552,7,9,8,9,11,10,7,8,6,9,9,8,3,-5,-6,-2,4,5,5,-2,-4,-2,1,6,6,5,6,2,-2,2,2,3,6,6,5,0,2,5,7,5,1,-6,3,6,8,7,6,5,5,3,7,6,4,7,4,2,3,6,6,3,5,3,5,4,2,4,3,2,2,5
,French Guiana,3.9339,-53.1258,21,19,19,21,23,23,23,23,23,23,23,21,20,22,21,21,20,20,21,20,22,23,21,22,21,22,23,22,21,21,20,21,23,24,23,22,19,19,20,20,22,22,22,22,21,20,22,20,20,21,20,20,21,22,22,21,23,23,22,21,20,21,22,22,23,23,23,23,22,23
,Malta,35.9375,14.3754,8,9,10,12,11,9,10,10,10,11,11,11,12,12,4,3,3,5,6,9,11,11,10,10,8,8,7,9,10,9,6,8,7,11,11,10,7,10,10,12,11,9,8,7,11,8,7,7,8,5,6,6,9,8,0,3,7,6,5,7,8,8,9,8,8,8,8,7,8,9
"Douglas County, CO",US,39.2587,-104.9389,-5,-7,-10,-8,-7,-8,-4,-10,-6,-9,-11,-8,-12,-9,-17,-19,-10,-8,-6,-8,-9,-12,-11,-12,-7,-8,-5,-6,-8,-12,-14,-12,-6,-3,-11,-13,-13,-9,-8,-9,-4,-5,-6,-11,-6,-7,-5,-2,-1,-16,-7,-9,-11,-7,-9,-13,-10,-11,-10,-11,-13,-14,-12,-13,-12,-11,-8,-15,-11,-16
"Providence County, RI",US,41.8882,-71.4774,-15,-10,-6,-3,2,1,-1,-3,-8,-12,-5,0,-2,-1,0,-1,0,0,-9,-7,2,3,-4,0,-10,-16,-4,-5,-2,-5,-12,-16,-10,-5,-1,4,4,0,-11,-12,-13,-2,6,0,-4,-3,-11,-9,-1,1,-3,-2,3,4,-3,-4,-4,-4,-13,0,10,9,0,0,0,-1,-18,-15,-3,-14
,Martinique,14.6415,-61.0242,22,23,23,23,23,21,22,22,23,22,22,22,22,22,21,21,22,22,22,22,21,22,22,21,22,22,22,22,22,22,21,21,21,22,23,22,22,21,21,21,21,20,21,21,21,21,21,21,20,23,22,23,23,22,23,22,22,22,22,22,22,22,21,22,22,22,22,22,21,22
"Alameda County, CA",US,37.6017,-121.7195,6,9,7,8,10,9,5,7,6,7,8,7,1,-6,-8,-4,2,4,3,-4,-5,-3,0,4,5,3,4,-3,-6,-1,1,0,3,5,2,-3,2,4,3,3,0,-7,2,3,6,7,6,5,4,1,6,4,2,5,3,0,2,6,5,0,4,3,4,4,1,2,2,1,1,3
"Broward County, FL",US,26.1901,-80.3659,8,5,15,18,15,7,13,16,16,17,18,19,10,9,15,19,22,17,14,16,20,22,22,22,21,20,21,21,22,22,22,18,14,14,15,20,23,11,6,5,8,14,19,21,22,20,10,11,15,19,12,18,22,21,10,10,12,13,16,21,22,22,21,21,18,18,19,17,18,16
"Lee County, FL",US,26.663,-81.9535,3,2,13,17,13,7,12,14,13,15,15,16,9,10,14,18,21,14,11,14,18,20,21,21,21,17,20,20,20,22,21,14,9,13,15,19,21,9,6,4,7,13,18,20,22,16,6,10,13,14,10,17,21,21,5,6,11,11,13,19,21,21,20,20,18,17,17,16,18,9
"Pinal County, AZ",US,32.8162,-111.2845,9,8,5,5,6,5,4,-1,0,0,-4,-5,-5,-1,-17,-15,-11,-4,-1,0,6,4,2,0,1,0,0,0,1,2,1,4,11,5,5,-4,-13,-7,-6,-3,0,2,4,5,0,0,1,5,4,0,1,1,0,1,2,-1,-5,-4,0,1,-2,-2,-2,-1,0,5,5,3,2,4
"Rockland County, NY",US,41.1489,-73.983,-12,-8,-5,-4,1,0,-1,-3,-6,-9,-3,0,0,1,3,-2,0,0,-6,-3,2,3,-2,0,-11,-14,-4,-3,0,-4,-11,-13,-10,-6,-3,4,5,-2,-11,-12,-9,0,7,0,-2,0,-7,-6,-1,0,-4,-2,3,5,-4,-2,-3,-5,-12,0,9,9,0,1,1,0,-16,-11,-3,-13
"Saratoga County, NY",US,43.0324,-73.936,-15,-9,-8,-6,-2,0,-1,-4,-8,-11,-8,-3,-4,-1,-1,-5,-4,-4,-12,-12,-1,-2,-4,-1,-16,-17,-6,-7,-5,-7,-13,-14,-9,-5,-2,0,0,-4,-10,-11,-11,-2,4,0,-3,-3,-9,-4,0,-1,-4,-4,0,0,-5,-4,-5,-7,-14,-4,6,4,-3,-1,0,-4,-18,-15,-7,-15
"Charleston County, SC",US,32.7957,-79.7848,-5,0,5,13,8,3,7,4,6,6,6,6,5,8,11,13,16,6,0,4,12,16,15,16,6,5,9,10,14,13,5,-1,-2,2,11,14,15,1,0,0,2,10,14,14,11,6,0,3,11,6,4,7,16,14,2,6,8,3,8,14,17,17,17,16,16,14,1,10,11,-2
"Clark County, WA",US,45.7466,-122.5194,4,6,9,8,7,7,6,7,6,5,10,7,0,0,-1,5,8,7,3,1,2,1,3,1,3,3,3,2,-1,-1,-1,0,1,3,2,2,4,3,3,2,1,3,6,3,3,4,3,1,0,5,8,5,5,4,4,6,7,3,1,3,4,2,1,0,-1,0,1,3,4,2
"Cobb County, GA",US,33.8999,-84.5641,-8,-9,-2,5,0,0,5,1,1,2,2,3,1,3,11,16,15,0,0,2,6,15,13,11,-3,-3,3,7,12,8,3,-2,-2,0,6,10,5,-5,-2,-3,-1,7,15,11,8,1,-2,0,5,0,-2,4,12,6,-1,2,2,-1,1,9,16,10,14,15,15,8,-2,2,-1,-8
"Davis County, UT",US,40.9629,-112.0953,-1,0,0,0,0,0,0,-1,0,-1,-3,-1,-1,-6,-11,-8,-1,0,-1,-4,-5,-7,-4,-4,-4,-3,0,-5,-7,-9,-11,-8,-4,-4,-6,-8,-8,-5,-4,-3,-1,-6,-3,0,0,-1,0,2,0,-6,-1,-2,-2,-3,-3,-3,-3,-1,-2,-8,-5,-3,-3,-3,-6,-4,-3,-6,-6,-4
"El Paso County, CO",US,38.9108,-104.4723,-6,-7,-11,-10,-8,-7,-4,-10,-7,-10,-12,-8,-15,-9,-17,-19,-10,-8,-7,-8,-9,-11,-11,-11,-8,-8,-6,-6,-7,-9,-12,-12,-6,-4,-12,-13,-16,-9,-11,-12,-5,-4,-7,-9,-7,-7,-6,-2,-1,-17,-8,-10,-11,-8,-9,-15,-11,-12,-11,-11,-12,-15,-13,-13,-13,-12,-10,-14,-12,-12
"Honolulu County, HI",US,21.307,-157.8584,18,17,17,18,19,19,18,18,18,18,18,18,18,19,18,18,17,14,15,15,15,17,18,20,20,19,18,18,18,19,17,17,18,18,18,18,17,16,16,17,17,18,19,19,18,18,17,16,17,19,18,19,20,21,20,20,19,19,19,20,21,21,21,20,20,20,19,17,17,19
"Jackson County, OR ",US,42.3345,-122.7647,1,2,4,4,6,4,3,3,2,5,5,4,-2,-4,-6,0,3,1,0,-2,-1,-1,0,-1,0,0,2,-2,-6,-6,-3,-1,0,0,-4,-1,0,0,0,-2,-3,-1,1,0,0,1,0,0,1,1,4,1,-1,0,0,0,0,1,0,0,0,0,0,-1,-3,0,-2,0,0,0
"Jefferson County, WA",US,47.7425,-123.304,-3,-2,0,-1,-1,-2,-3,-1,-3,-5,2,-5,-10,-10,-6,0,0,-1,-5,-7,-3,-3,-2,-4,-5,-3,-7,-7,-9,-9,-8,-7,-3,-4,-7,-2,-2,-2,-4,-7,-7,-1,-3,-7,-4,-5,-8,-9,-9,0,-1,-4,0,-5,-5,0,-1,-8,-8,-4,-5,-8,-12,-13,-9,-10,-11,-3,0,0
"Kershaw County, SC",US,34.3672,-80.5883,-10,-9,-1,9,5,1,5,2,2,2,0,4,3,7,11,15,17,4,-1,1,7,17,15,17,1,-2,3,7,11,10,1,-2,-3,0,5,14,12,-2,-2,-3,-3,6,15,11,9,2,-1,-1,5,2,0,3,15,11,0,2,4,0,0,9,17,18,18,17,16,9,-6,2,5,-8
"Klamath County, OR",US,42.6953,-121.6142,-2,-2,0,0,1,0,0,0,-3,0,0,-1,-8,-12,-12,-2,-1,-3,-6,-8,-8,-6,-6,-7,-5,-3,-2,-10,-11,-10,-8,-6,-5,-3,-10,-6,-4,-5,-4,-7,-11,-3,-1,-4,-3,0,-3,-2,-2,-4,0,-2,-5,-4,-4,-4,-5,-3,-6,-5,-5,-4,-5,-7,-9,-5,-7,-6,-6,-4
"Madera County, CA",US,37.2519,-119.6963,4,7,5,7,7,7,4,4,3,4,5,5,1,-7,-7,-3,0,0,2,-4,-4,-1,-1,0,1,3,4,4,3,3,-1,0,6,6,6,4,0,1,-1,0,1,-1,2,1,1,2,4,3,3,2,3,4,2,2,3,3,1,1,3,1,2,1,1,2,0,0,1,1,2,2
"Pierce County, WA",US,47.0676,-122.1295,3,4,8,6,5,5,3,5,4,3,9,4,-2,-2,-2,4,6,5,2,0,0,0,2,0,1,2,1,0,-2,-2,-1,0,1,1,0,1,3,2,2,1,0,2,5,0,2,2,0,-1,-2,6,6,2,4,1,1,5,6,0,-1,1,1,0,-2,-4,-4,-1,-2,2,4,3
"Tulsa County, OK",US,36.1593,-95.941,-5,0,2,-1,0,3,3,1,0,0,0,0,3,5,0,-3,-5,-2,-1,8,-1,0,1,-10,-9,1,5,11,0,-2,-3,-9,-1,6,7,2,-3,-4,0,0,10,6,2,1,-1,-5,-1,5,11,-4,0,6,2,-4,0,-1,-3,-2,11,12,-5,-1,3,9,9,-3,2,0,-5,-8
,Bulgaria,42.7339,25.4858,-8,-8,-7,-8,-2,0,-1,-2,-5,-7,2,2,1,1,-3,-9,-7,-13,-7,-3,0,-4,-5,-2,-1,-3,-1,0,1,0,-2,-3,-4,-2,-3,1,0,-5,-5,-2,1,4,5,1,0,2,6,4,1,-6,-7,-6,-4,-4,-8,-11,-10,-7,-4,-1,-1,-2,-2,-2,-2,-5,-6,-7,-8,-7
,Maldives,3.2028,73.2207,26,27,27,26,25,24,23,24,24,24,24,24,24,24,25,25,25,24,25,25,25,25,26,25,25,26,26,25,24,25,26,26,26,26,25,26,25,25,24,25,25,25,25,25,24,24,24,24,25,25,25,26,25,25,25,25,25,25,24,24,25,24,23,24,24,24,25,26,25,26
"Montgomery County, PA",US,40.229,-75.3879,-11,-8,-5,-1,3,0,-1,-2,-5,-8,-2,0,0,2,7,0,2,2,-5,-3,3,5,-1,2,-9,-14,-3,-2,3,-2,-8,-12,-9,-7,-2,5,6,-3,-8,-10,-8,0,8,1,-1,0,-4,-4,0,1,-3,-2,4,7,-3,-2,-2,-4,-9,1,11,10,1,2,2,0,-12,-9,-3,-11
,Bangladesh,23.685,90.3563,11,12,10,10,11,12,12,14,16,15,11,10,7,9,10,11,10,10,11,9,11,11,10,13,16,15,15,14,14,15,16,14,15,17,18,17,16,14,14,15,17,17,18,18,19,19,19,16,13,15,17,16,16,15,11,11,13,15,14,14,14,13,14,14,15,16,16,16,14,11
"Fairfax County, VA",US,38.9085,-77.2405,-10,-9,-5,1,5,-1,-1,-2,-4,-6,-2,1,0,2,7,4,4,2,-6,-4,3,9,0,5,-8,-11,-4,-3,4,-4,-8,-13,-13,-9,-2,8,9,-6,-7,-11,-10,-1,8,-2,-3,0,-6,-8,-3,2,-4,-1,8,10,-3,-4,-3,-4,-8,2,13,10,3,6,6,0,-9,-4,-3,-12
"Rockingham County, NH",US,42.9931,-71.0498,-16,-11,-8,-3,1,0,-1,-3,-9,-12,-8,-2,-4,-3,-1,-6,-3,-2,-11,-11,0,-1,-3,-1,-14,-17,-6,-7,-4,-5,-13,-16,-8,-4,-3,0,1,0,-11,-11,-13,-4,4,0,-4,-2,-14,-10,-1,0,-3,-3,0,0,-4,-8,-5,-4,-13,-2,7,8,-4,-1,0,-2,-18,-17,-7,-15
"Washington, D.C.",US,38.9072,-77.0369,-10,-8,-5,1,5,0,-1,-1,-3,-5,-2,0,0,3,8,3,3,3,-5,-3,3,8,0,5,-7,-10,-2,-1,3,-2,-7,-11,-10,-7,-1,7,7,-5,-5,-9,-8,0,7,0,-1,0,-5,-7,-1,2,-2,0,7,9,-2,-2,-2,-4,-7,2,12,10,4,5,5,0,-8,-5,-2,-11
,Paraguay,-23.4425,-58.4438,25,25,23,21,19,19,20,21,24,24,22,23,24,25,24,25,25,25,25,24,24,21,23,25,25,26,25,25,24,25,25,18,11,13,17,23,20,12,14,15,17,17,18,16,14,13,14,18,19,24,23,20,21,19,18,21,23,24,24,24,25,26,25,24,24,25,25,25,25,25
"Berkshire County, MA",US,42.3118,-73.1822,-16,-10,-9,-5,0,-2,-3,-5,-9,-13,-7,-2,-5,-2,0,-6,-3,-4,-12,-9,0,0,-5,-2,-15,-17,-7,-7,-5,-7,-13,-16,-10,-6,-3,0,1,-4,-13,-13,-13,-3,3,-2,-5,-5,-11,-8,-2,-2,-6,-4,0,1,-7,-6,-7,-8,-15,-2,8,5,-2,-1,-2,-4,-19,-15,-6,-16
"Davidson County, TN",US,36.1343,-86.822,-8,-7,0,4,0,2,4,0,2,2,5,3,2,5,13,8,2,-2,-2,1,10,3,5,1,-9,-5,2,6,9,0,-2,-9,-5,0,7,8,1,-5,0,-4,0,11,9,3,2,-2,-3,-1,5,-1,-2,6,12,2,0,0,0,-1,0,11,14,4,5,11,15,2,-3,5,-8,-10
"Douglas County, OR",US,43.1261,-123.2492,2,4,6,5,7,4,5,4,4,6,7,5,-1,-2,-3,2,5,4,1,0,0,1,1,1,1,2,2,-1,-2,-2,0,1,1,2,0,1,2,3,2,0,-1,0,3,3,2,2,0,0,1,3,6,3,1,1,1,2,2,2,0,0,1,1,0,0,-1,0,0,2,3,2
"Fresno County, CA",US,36.9859,-119.2321,2,4,2,4,3,5,3,2,1,1,1,0,0,-8,-8,-4,-1,0,0,-3,-5,-4,-3,-2,-1,2,3,3,2,1,-4,-2,4,4,5,1,-2,0,-5,-2,0,0,0,-1,-1,0,1,1,0,0,1,2,-1,0,1,-1,-4,-2,0,0,0,0,0,0,-3,-3,-1,-2,-2,-2
"Harford County, MD",US,39.5839,-76.3637,-10,-7,-5,0,4,0,-1,-1,-4,-6,-1,0,0,3,8,1,2,2,-4,-3,3,6,0,4,-8,-12,-3,-1,3,-2,-7,-11,-9,-6,0,5,6,-4,-6,-10,-7,1,7,0,-1,0,-4,-3,1,1,-2,-1,6,8,-3,-2,-2,-4,-8,2,11,10,3,3,4,0,-10,-6,-3,-11
"Hendricks County, IN",US,39.8065,-86.5401,-7,-7,-3,2,-1,-2,-3,-3,-2,-3,-1,0,2,4,4,-3,-5,-5,-2,-3,0,-2,-2,-6,-18,-8,-2,0,1,-6,-10,-12,-7,-1,2,2,-2,-6,-7,-9,0,7,3,0,-1,-3,-5,-1,5,-3,-2,2,5,-1,-2,-4,-3,-8,-2,9,9,-1,0,1,2,-6,-7,0,-15,-11
"Hudson County, NJ",US,40.7453,-74.0535,-12,-8,-5,-2,4,0,-1,-2,-7,-8,-1,1,0,1,5,-1,2,1,-7,-2,3,5,-3,2,-10,-13,-4,-3,1,-4,-11,-14,-11,-8,-1,5,6,-3,-10,-12,-9,0,7,0,-2,1,-7,-6,-2,1,-4,-2,5,7,-4,-2,-3,-5,-12,1,10,8,1,2,2,0,-15,-9,-2,-14
"Johnson County, KS",US,38.8454,-94.8521,-10,-1,0,-1,-3,-1,-1,-2,-3,-2,0,0,3,2,-5,-7,-10,-5,-6,0,-5,-5,-2,-18,-15,-2,0,4,-4,-4,-10,-9,-3,4,4,0,-6,-4,-1,0,6,0,-1,0,-3,-5,-3,2,8,-5,-1,3,0,-6,-3,-4,-4,-3,6,0,-9,-5,0,5,2,-12,-2,-5,-14,-14
"Kittitas County, WA",US,47.175,-120.9319,-1,-1,0,1,0,0,-1,0,0,-3,3,0,-7,-7,-6,0,1,1,-2,-4,-2,-1,-1,-2,-2,-1,-3,-4,-7,-9,-7,-6,-2,-3,-4,-4,-1,0,0,-3,-5,0,0,-3,-3,0,-2,-5,-8,0,1,-3,-1,-2,-3,0,1,-3,-6,-5,-3,-4,-9,-11,-12,-7,-8,-5,-2,-1
"Manatee County, FL",US,27.4799,-82.3452,1,0,13,16,11,6,11,12,11,13,15,16,8,10,13,18,22,12,8,13,17,20,21,22,21,16,19,20,20,22,22,11,7,12,14,19,19,8,5,4,5,12,17,20,22,14,3,9,12,12,9,16,22,20,5,5,9,7,12,18,21,21,20,20,19,18,17,15,18,5
"Marion County, OR",US,44.8446,-122.5927,2,4,7,5,6,5,4,4,4,5,8,5,-2,-3,-3,3,6,5,0,0,0,0,1,0,1,2,1,0,-3,-3,-1,0,0,1,0,0,2,2,2,0,-1,1,4,3,2,2,0,0,0,3,5,3,2,1,1,4,4,1,0,1,1,0,-1,-3,-2,0,0,3,5,3
"Okaloosa County, FL",US,30.5773,-86.6611,-5,-3,7,10,3,5,8,4,6,6,9,7,5,11,16,19,17,0,7,9,16,20,20,15,2,1,10,14,19,18,13,2,0,4,15,17,8,0,1,1,7,15,19,19,14,4,1,6,11,3,4,16,20,9,2,7,6,0,8,16,19,16,20,20,19,18,6,15,5,-3
"Polk County, GA",US,34.0132,-85.1479,-9,-8,0,5,0,0,4,1,2,2,2,3,2,6,12,16,14,-1,0,2,7,15,13,10,-2,-2,4,7,13,7,3,-3,-2,0,6,10,4,-3,-1,-1,0,8,15,11,8,1,-1,0,6,0,-1,5,14,6,0,3,3,0,2,11,17,9,14,16,15,9,0,4,0,-8
"Riverside County, CA",US,33.9533,-117.3961,8,8,4,4,5,8,5,3,-2,-5,-2,-1,3,-10,-18,-10,-1,1,4,5,-2,-10,0,1,1,2,4,5,6,8,1,0,7,8,7,-6,-8,-4,-4,1,6,0,-5,3,6,6,7,5,3,0,1,3,2,3,1,-5,-4,2,6,2,3,5,6,5,5,4,5,-2,-3,4
"Shelby County, TN",US,35.1269,-89.9253,-7,-4,1,2,0,5,5,3,4,3,5,3,5,10,15,5,0,-1,0,7,11,2,5,0,-8,-1,6,8,9,1,0,-6,-3,3,9,6,0,-2,0,2,6,15,11,8,4,0,-1,1,12,0,0,9,13,0,3,4,0,1,6,14,11,1,4,11,17,4,2,9,-6,-8
"St. Louis County, MO",US,38.6103,-90.4125,-8,-5,0,0,-2,-2,-2,-3,-2,-1,1,0,4,6,2,-2,-4,-4,-4,3,-1,-1,0,-10,-16,-5,0,5,0,-4,-9,-11,-6,1,5,1,-3,-4,-2,-4,6,5,1,0,0,-3,-2,-1,9,-2,-2,4,2,-2,-1,-4,-3,-5,5,13,0,-4,0,3,6,-7,-5,0,-13,-11
"Suffolk County, NY",US,40.9849,-72.6151,-11,-7,-2,0,4,1,0,-2,-5,-7,-1,1,0,1,4,0,3,2,-6,-1,3,4,-1,2,-8,-12,-2,-1,1,-1,-9,-13,-5,-2,2,4,4,0,-8,-9,-9,0,5,1,0,0,-5,-3,2,2,-2,0,4,5,-2,-1,-1,-3,-10,3,9,8,2,2,2,0,-12,-8,0,-11
"Ulster County, NY",US,41.8586,-74.3118,-13,-9,-8,-5,-1,-2,-2,-4,-8,-11,-6,-1,-2,0,1,-5,-2,-3,-9,-7,0,0,-4,-1,-14,-16,-6,-5,-3,-6,-12,-14,-9,-5,-2,0,1,-4,-12,-13,-10,-2,5,-1,-4,-3,-8,-6,-2,-1,-5,-4,1,2,-5,-4,-5,-7,-14,-2,9,7,-2,0,-1,-3,-17,-14,-5,-16
"Volusia County, FL",US,29.028000000000002,-81.0755,2,5,14,16,9,6,9,9,11,14,16,13,6,8,11,16,20,8,7,12,17,19,20,21,16,14,17,18,19,20,19,9,10,12,13,18,17,5,2,2,5,12,15,19,21,11,5,10,13,10,7,13,20,19,4,5,8,7,13,18,21,21,19,19,20,19,15,15,17,5
Ontario,Canada,51.2538,-85.3232,-11,-6,-17,-17,-9,-9,-12,-16,-18,-18,-10,-3,-6,-9,-21,-19,-31,-35,-26,-16,-14,-11,-29,-35,-27,-11,-25,-21,-19,-29,-21,-9,-5,-11,-13,-17,-24,-24,-23,-21,-11,-7,-8,-12,-20,-19,-10,-25,-22,-15,-20,-12,-15,-16,-18,-17,-18,-30,-24,-17,-29,-31,-28,-15,-23,-29,-28,-17,-22,-19
Alberta,Canada,53.9333,-116.5765,-8,-7,-7,-4,-6,-10,-8,-10,-8,-8,-6,-7,-14,-18,-13,-7,-8,-11,-11,-10,-10,-6,-15,-8,-13,-11,-13,-23,-17,-12,-10,-7,-10,-14,-14,-12,-7,-5,-7,-7,-11,-7,-7,-10,-11,-14,-18,-17,-14,-4,-5,-14,-11,-9,-11,-14,-15,-22,-26,-25,-29,-36,-38,-41,-41,-37,-36,-33,-16,-5
Quebec,Canada,52.9399,-73.5491,-21,-11,-16,-23,-16,-7,-20,-26,-27,-23,-19,-14,-10,-10,-16,-27,-25,-34,-33,-22,-22,-14,-21,-37,-39,-21,-20,-32,-19,-28,-33,-19,-10,-21,-10,-18,-26,-21,-16,-19,-21,-12,-14,-17,-22,-25,-20,-31,-33,-11,-12,-13,-11,-18,-22,-23,-19,-21,-33,-18,-25,-32,-30,-28,-22,-32,-35,-33,-31,-26
"Johnson County, IA",US,41.6699,-91.5984,-12,-3,0,0,-1,-3,-2,-5,-5,-4,-1,0,1,0,-7,-8,-9,-5,-7,-1,-5,-4,-2,-18,-19,-4,-1,0,-4,-11,-15,-8,-2,1,0,-1,-5,-5,-5,-4,3,0,0,0,0,-4,-2,0,6,-3,-2,2,0,-3,-1,-3,-3,-12,1,-1,-5,-5,-1,-1,-4,-16,-7,-9,-17,-13
,Albania,41.1533,20.1683,-5,-4,-2,3,5,5,5,6,3,0,5,5,5,6,0,-5,-5,-2,0,2,6,7,2,2,1,0,1,2,4,2,-1,-2,-2,1,4,5,1,0,-2,0,6,7,5,3,3,5,5,4,3,-4,-6,-4,-5,-3,-8,-10,-10,-6,-4,0,1,2,1,0,0,-1,0,1,-1,-5
,Cyprus,35.1264,33.4299,0,3,-1,0,4,7,8,7,8,2,3,4,5,8,10,10,5,0,-4,-2,2,8,10,6,6,6,4,6,8,7,8,7,6,8,7,7,9,10,7,6,7,8,9,10,8,8,10,11,8,7,8,8,6,7,9,8,7,6,4,4,6,7,9,8,7,8,6,6,3,1
"Harrison County, KY",US,38.4333,-84.3542,-11,-8,-3,4,0,-1,0,-2,-2,-2,0,1,2,6,11,0,0,-4,-2,-2,6,0,0,0,-12,-8,0,0,7,-3,-6,-11,-8,-3,3,8,2,-6,-4,-9,-1,8,7,1,0,-1,-3,-1,4,-1,-1,3,10,2,-1,-2,-2,-7,-1,9,14,2,2,7,8,-1,-7,3,-10,-11
,Brunei,4.5353,114.7277,24,23,23,25,25,25,25,25,24,23,24,24,25,25,24,23,23,24,24,24,23,24,25,25,25,25,24,23,24,24,23,23,23,24,24,25,25,25,25,25,26,25,24,24,24,24,24,25,25,25,24,24,24,24,25,24,25,24,25,24,24,24,24,25,25,24,25,25,25,24
"Bennington County, VT",US,43.0279,-73.135,-17,-10,-9,-7,-2,-1,-2,-5,-10,-13,-8,-2,-5,-3,-1,-7,-4,-4,-13,-10,-1,-1,-5,-2,-17,-18,-7,-7,-5,-8,-14,-16,-9,-5,-3,0,0,-4,-11,-12,-13,-2,4,-1,-4,-4,-10,-6,0,-2,-5,-4,0,0,-6,-6,-6,-7,-16,-4,8,4,-3,-1,-1,-4,-18,-15,-6,-17
"Carver County, MN",US,44.8254,-93.7842,-17,-2,-2,-3,-5,-7,-8,-11,-11,-9,-3,-4,0,-8,-15,-14,-12,-10,-20,-12,-13,-9,-11,-29,-22,-8,-13,-6,-14,-22,-23,-9,-6,-4,-7,-6,-10,-13,-12,-6,-1,-4,-1,-4,-1,-6,0,4,-3,-12,-7,-3,-4,-8,-5,-6,-12,-20,-7,-14,-20,-14,-8,-8,-15,-26,-14,-15,-20,-19
"Charlotte County, FL",US,26.8946,-81.9098,2,1,13,16,12,6,11,13,12,14,15,16,9,9,13,18,22,13,10,14,18,20,21,22,21,17,20,20,20,22,21,13,9,12,14,19,20,9,5,3,6,12,17,20,22,16,5,9,13,14,10,16,22,21,5,5,10,10,13,19,21,21,20,20,18,17,17,16,18,8
"Cherokee County, GA",US,34.2515,-84.4803,-8,-9,-2,5,0,0,4,1,1,2,2,3,2,4,11,16,15,0,-1,0,5,15,12,11,-2,-2,2,6,11,8,2,-2,-2,0,5,9,4,-4,-1,-2,0,6,14,11,8,1,-1,0,5,0,-2,4,11,6,-1,2,2,0,1,9,16,9,13,15,15,9,-1,1,-1,-8
"Collin County, TX",US,33.1795,-96.493,0,2,5,1,4,10,7,9,2,2,3,0,3,12,9,0,-4,0,2,15,5,3,4,0,-2,4,11,16,7,3,2,-3,2,9,8,3,-2,-3,0,3,13,14,11,10,6,0,2,8,15,-2,1,10,5,0,3,2,-2,0,15,17,0,1,7,13,18,8,10,6,-3,-2
"Jefferson County, KY",US,38.1938,-85.6435,-9,-7,-1,5,0,-1,0,-2,-1,-1,0,1,2,5,10,0,0,-4,-2,-1,6,0,0,-1,-13,-8,0,1,6,-3,-6,-10,-8,-2,4,8,2,-6,-4,-9,-1,9,6,1,0,-2,-4,-1,4,-1,-2,3,10,1,-1,-2,-3,-6,-2,10,14,1,2,6,8,-1,-5,3,-11,-11
"Jefferson Parish, LA",US,29.6499,-90.1121,0,4,13,8,6,10,11,10,13,9,10,6,9,14,18,19,10,2,12,14,19,20,20,12,4,9,15,15,20,18,13,2,5,9,16,14,6,1,4,5,11,18,19,20,13,5,4,11,15,3,8,20,15,9,6,10,8,7,15,20,17,12,18,20,20,19,15,20,5,0
"Shasta County, CA",US,40.7909,-121.8474,1,2,2,2,4,3,2,2,0,3,3,1,-4,-11,-10,-3,0,-2,-4,-7,-7,-5,-5,-4,-1,-1,0,-9,-9,-7,-6,-5,-5,0,-6,-7,-3,-3,-2,-3,-10,-7,0,-2,0,2,0,0,0,-2,1,-1,-2,0,-2,-2,-2,-1,-2,-4,-1,-2,-1,-2,-3,-3,-2,-3,-2,-1
"Spartanburg County, SC",US,34.8606,-81.9535,-9,-8,-4,3,2,0,3,0,0,1,0,3,1,5,10,15,16,1,-2,0,4,15,11,13,-2,-3,1,3,10,7,1,-4,-3,-1,4,10,7,-5,-3,-4,-4,4,12,7,8,0,-3,-1,4,1,0,2,8,8,0,0,2,-1,0,6,16,13,14,15,14,6,-6,0,1,-8
,Iran (Islamic Republic of),32.0,53.0,-2,-6,-14,-10,-6,-8,-9,-9,-7,-9,-8,-10,-12,-15,-12,-9,-8,0,-6,-14,-20,-19,-21,-15,-9,-10,-5,-2,-1,2,-4,-7,-5,-4,0,-4,0,-7,-14,-9,-13,-9,-5,-8,-13,-14,-10,-18,-24,-3,-6,-6,0,-6,-7,-6,-7,-3,-1,-2,-7,-8,-4,-6,-6,-5,-1,-2,-3,-3
,Republic of Korea,36.0,128.0,-5,0,-2,1,0,1,1,0,-1,-1,-4,-5,-6,-10,-15,-21,-13,-7,-9,-4,-4,4,4,1,4,-2,-10,-10,-6,-3,-1,-2,-7,-9,2,3,0,0,0,1,-3,-1,-4,-8,-9,0,0,2,4,-9,-5,-4,-6,-8,-2,5,0,-4,-7,-5,-5,-7,-9,-9,-12,-11,-9,-4,-4,-11
Washington,US,47.4009,-121.4905,0,0,1,0,0,0,0,0,0,-1,3,1,-4,-4,-4,0,0,1,0,-1,-1,0,0,-1,0,0,-1,-2,-5,-5,-5,-3,0,-1,-3,-2,0,0,0,-1,-2,0,1,-1,-2,0,-1,-3,-5,1,2,-1,1,0,-1,0,1,-1,-4,-3,-1,-2,-5,-8,-9,-5,-4,-3,-1,-1
New York,US,42.1657,-74.9481,-15,-11,-9,-5,-1,-3,-3,-6,-10,-12,-8,-3,-4,-2,0,-7,-1,-3,-11,-7,-1,0,-6,-2,-17,-17,-6,-6,-3,-8,-13,-14,-10,-7,-3,0,1,-6,-12,-14,-11,-2,4,-2,-5,-4,-9,-6,-2,-2,-6,-5,1,1,-7,-5,-6,-8,-14,-2,9,4,-2,-1,-2,-4,-18,-14,-7,-17
California,US,36.1162,-119.6816,7,8,8,8,8,9,6,6,6,5,7,7,4,-3,-4,-3,0,2,3,1,0,0,1,2,5,5,5,5,3,1,2,4,8,7,7,6,3,6,4,4,2,0,1,4,6,6,6,5,5,4,5,6,6,6,6,4,4,4,5,4,3,3,2,3,2,4,2,2,4,6
Hong Kong,Hong Kong SAR,22.3,114.2,18,19,20,18,13,8,7,5,2,5,12,14,16,14,15,15,16,13,11,12,16,19,19,20,21,10,5,6,12,14,15,16,15,17,19,20,18,17,19,20,18,17,17,15,16,20,21,22,17,15,15,16,16,17,18,19,17,16,17,18,11,14,15,16,17,12,12,13,12,16
Massachusetts,US,42.2302,-71.5301,-15,-10,-7,-3,1,0,-1,-3,-9,-13,-6,-1,-3,-2,0,-2,-1,-1,-10,-8,2,1,-4,0,-12,-17,-5,-5,-3,-5,-13,-17,-10,-5,-2,3,3,0,-12,-12,-13,-2,5,-1,-4,-3,-13,-9,-3,0,-3,-2,1,3,-3,-4,-5,-5,-13,0,10,9,-1,0,0,-2,-18,-16,-5,-14
Taiwan,Taipei and environs,23.7,121.0,2,7,7,9,11,3,6,3,-2,-12,-6,0,2,5,6,5,6,4,4,5,6,7,6,10,9,8,8,4,1,2,3,3,8,7,8,8,9,9,10,8,7,8,10,11,10,10,9,6,12,7,2,3,5,6,7,4,2,4,6,5,5,2,-4,1,0,3,3,2,1,0
Diamond Princess,US,35.4437,139.638,-1,2,5,-2,0,0,4,9,5,-1,-4,-3,1,0,-2,-10,-6,-3,-9,-5,-4,2,8,8,7,7,5,-6,-3,1,3,8,-1,-1,3,5,-2,-4,2,4,4,3,6,1,-3,2,4,8,13,-2,0,0,0,-3,-3,1,4,1,1,2,2,2,3,3,-1,0,0,0,0,-2
,Viet Nam,16.0,108.0,15,16,17,17,16,15,14,13,13,13,14,13,14,15,15,13,14,16,15,15,17,18,19,19,17,16,14,13,15,15,15,15,14,13,14,16,16,16,17,18,18,18,18,17,18,18,19,16,18,17,17,17,16,16,16,17,17,17,16,16,16,16,14,14,16,16,15,15,14,15
,occupied Palestinian territory,31.9522,35.2332,3,4,3,0,2,3,4,7,6,4,4,7,6,7,6,4,6,3,1,0,3,6,6,6,6,8,6,5,7,7,4,6,5,6,7,8,6,5,6,6,6,4,5,3,6,8,7,5,10,5,5,2,3,5,2,2,2,5,4,3,5,7,6,5,2,6,7,6,6,3
Grand Princess,US,37.6489,-122.6655,10,10,9,11,12,11,10,10,9,11,10,10,6,2,1,6,8,9,8,3,6,8,8,7,7,8,9,8,7,7,8,8,8,8,8,8,9,9,9,7,4,4,9,9,9,8,7,6,7,9,11,9,9,9,7,7,8,8,8,7,8,7,8,6,6,7,5,5,6,8
Georgia,US,33.0406,-83.6431,-7,-8,0,9,2,1,6,1,2,4,3,4,3,6,12,16,18,1,1,2,8,18,16,15,0,0,5,8,14,13,4,0,-2,0,7,15,8,-3,-1,-1,0,8,16,13,10,3,0,0,7,1,0,6,18,9,0,4,3,0,4,12,18,15,18,17,17,12,-2,5,3,-6
Colorado,US,39.0598,-105.3111,-7,-10,-12,-10,-10,-10,-7,-13,-10,-13,-14,-9,-11,-12,-21,-22,-14,-9,-9,-11,-11,-15,-15,-15,-11,-12,-8,-10,-11,-15,-17,-15,-9,-6,-15,-18,-17,-12,-12,-12,-8,-8,-10,-12,-10,-9,-7,-3,-6,-20,-11,-14,-14,-10,-12,-16,-11,-13,-13,-15,-15,-17,-15,-13,-14,-12,-11,-15,-13,-16
Florida,US,27.7663,-81.6868,1,2,13,16,10,6,10,10,12,14,15,15,7,9,12,17,21,11,8,13,17,19,20,21,20,16,19,19,20,22,21,10,8,12,13,18,19,6,3,2,5,11,16,19,21,15,4,9,12,12,9,15,21,19,5,4,9,8,13,18,21,21,19,20,19,18,16,15,17,6
New Jersey,US,40.2989,-74.521,-12,-8,-6,-1,5,0,-1,-2,-5,-7,0,2,0,2,7,0,3,3,-5,-2,3,6,-1,3,-8,-14,-3,-3,3,-2,-9,-13,-10,-8,-1,5,6,-3,-8,-11,-8,0,8,0,-1,1,-5,-5,-1,2,-3,-2,5,7,-3,-2,-2,-4,-11,1,11,10,2,2,2,0,-13,-10,-2,-13
Oregon,US,44.571999999999996,-122.0709,-1,0,3,1,2,1,0,0,0,0,4,1,-6,-8,-8,0,2,1,-3,-5,-4,-3,-2,-3,-2,-1,-2,-5,-8,-7,-5,-3,-3,-1,-4,-2,0,-1,0,-4,-5,-1,1,0,0,0,-3,-4,-3,0,2,0,-2,-2,-2,0,0,-2,-4,-2,-2,-3,-4,-7,-6,-4,-4,0,0,-1
Texas,US,31.0545,-97.5635,0,7,8,2,7,10,9,9,3,3,2,1,0,13,12,0,-5,0,4,17,9,4,6,1,0,6,11,17,12,6,3,0,3,11,9,3,-3,-4,0,3,14,17,16,13,7,2,4,10,16,-3,3,10,4,0,2,4,-4,1,16,18,2,2,10,16,19,13,12,10,-3,-2
Illinois,US,40.3495,-88.9861,-10,-6,-1,0,-1,-3,-4,-4,-4,-3,-1,0,3,4,-1,-5,-5,-6,-3,-2,-3,-3,-3,-10,-20,-7,-5,0,-2,-8,-13,-11,-4,0,2,0,-4,-6,-7,-8,3,2,0,-1,-1,-4,-2,0,8,-3,-2,2,0,-2,-2,-4,-3,-9,2,10,0,-5,-1,1,1,-10,-7,-5,-18,-12
Pennsylvania,US,40.5908,-77.2098,-10,-9,-6,-2,0,-1,-1,-2,-5,-8,-3,0,-1,3,7,-2,0,-1,-5,-2,2,3,-2,1,-11,-12,-4,-2,1,-5,-9,-12,-11,-7,-2,3,6,-6,-11,-11,-8,0,6,0,-2,-1,-6,-4,0,0,-4,-2,4,4,-4,-3,-3,-6,-10,0,10,7,0,1,1,-1,-12,-7,-6,-12
Macau,Macao SAR,22.1667,113.55,17,19,19,18,12,7,7,6,3,5,11,14,15,14,15,15,16,13,11,12,15,18,18,19,20,9,5,5,11,13,14,15,15,16,18,19,18,17,19,20,18,17,17,15,16,19,20,21,17,15,15,16,16,17,18,19,17,16,17,17,10,13,15,16,17,11,11,12,12,15
,Russian Federation,60.0,90.0,-31,-21,-7,-4,-11,-12,-7,-10,-26,-29,-34,-33,-25,-21,-17,-8,-7,-11,-8,-21,-20,-16,-16,-14,-12,-15,-14,-9,-10,-6,-5,-6,-9,-16,-17,-17,-17,-11,-9,-13,-11,-9,-9,-8,-16,-25,-12,-4,-8,-19,-9,-6,-14,-8,-9,-10,-11,-17,-20,-21,-20,-18,-15,-11,-10,-11,-14,-19,-24,-25
Iowa,US,42.0115,-93.2105,-16,-3,-1,-3,-5,-5,-4,-9,-10,-7,-2,-1,0,-3,-10,-11,-11,-8,-13,-4,-10,-7,-6,-25,-20,-6,-4,-1,-7,-15,-19,-8,-2,0,-3,-4,-7,-7,-6,-4,1,-3,-1,0,-1,-5,-3,3,3,-6,-3,0,-2,-5,-2,-5,-5,-14,0,-6,-13,-8,-4,-5,-9,-21,-11,-14,-21,-19
Maryland,US,39.0639,-76.8021,-11,-8,-5,0,5,-1,-1,-2,-4,-6,-1,1,0,2,7,3,3,2,-5,-4,3,9,0,6,-7,-11,-3,-2,3,-3,-9,-12,-12,-9,-2,7,8,-5,-6,-10,-9,-1,8,-1,-2,0,-5,-7,-3,2,-4,-1,7,9,-3,-3,-3,-4,-8,1,11,10,4,5,6,0,-10,-5,-2,-12
North Carolina,US,35.6301,-79.8064,-11,-8,-3,7,4,-1,1,0,0,0,0,2,1,6,9,14,16,3,-3,0,5,16,9,14,-1,-6,0,3,7,6,0,-5,-4,0,3,11,10,-5,-3,-5,-5,3,12,4,5,0,-3,-2,3,1,0,2,9,10,-1,0,0,-1,-1,6,16,16,17,17,13,5,-6,0,1,-9
South Carolina,US,33.8569,-80.945,-9,-8,0,10,5,2,6,3,3,3,1,5,3,6,11,15,18,3,0,1,8,17,17,17,2,0,4,8,12,11,2,-2,-3,0,6,15,12,-1,-2,-2,-3,6,15,12,9,3,-2,-1,6,1,0,3,16,11,0,1,4,0,1,11,18,18,19,18,16,11,-4,4,6,-6
Tennessee,US,35.7478,-86.6923,-9,-6,0,4,-1,0,4,0,2,2,5,3,3,7,13,11,3,-3,-2,1,9,5,7,2,-9,-4,2,6,10,0,-1,-8,-5,1,6,8,1,-4,0,-3,2,11,11,5,4,-1,-3,0,7,-1,-1,6,12,1,0,0,0,0,1,12,14,4,6,13,16,3,-1,5,-7,-10
Virginia,US,37.7693,-78.17,-10,-8,-5,3,7,-1,0,-1,-3,-4,-2,1,0,5,9,6,5,3,-4,-1,4,11,4,7,-3,-9,-1,0,4,1,-4,-10,-8,-4,1,8,9,-5,-4,-8,-7,1,9,0,0,-1,-4,-4,0,2,0,1,8,11,-1,-1,-2,-3,-5,3,14,11,6,7,7,1,-8,-3,-2,-10
Arizona,US,33.7298,-111.4312,6,6,2,0,1,1,0,-6,-1,-5,-7,-5,-4,-6,-17,-19,-11,-5,-2,-2,3,2,-1,0,0,-1,0,0,0,0,-2,1,8,4,5,-8,-12,-5,-5,-2,-1,0,0,2,0,-2,0,2,3,-2,-1,-2,-4,-2,-1,-6,-8,-6,-2,-2,-7,-4,-4,-4,-3,0,2,-3,-6,-1
Indiana,US,39.8494,-86.2583,-7,-7,-3,2,0,-1,-3,-2,-2,-3,-1,0,1,4,4,-2,-4,-4,-2,-2,0,-2,-2,-5,-17,-8,-1,0,1,-5,-10,-12,-8,-2,2,2,-2,-6,-6,-9,0,7,3,0,-1,-2,-5,-3,4,-2,-2,2,6,0,-2,-3,-3,-8,-3,9,9,0,0,1,3,-5,-7,0,-15,-10
Kentucky,US,37.6681,-84.6701,-10,-8,-1,5,0,0,1,-2,-1,-1,2,2,2,6,12,2,2,-3,-2,-2,7,2,1,0,-11,-7,0,2,8,-2,-4,-11,-8,-2,3,8,2,-6,-3,-7,-1,8,8,1,0,-1,-3,-1,4,-1,-1,3,10,2,-1,-2,-1,-4,0,10,14,3,3,8,10,0,-5,3,-9,-11
District of Columbia,US,38.8974,-77.0268,-10,-8,-4,1,5,0,-1,-1,-3,-5,-1,0,0,3,8,3,3,3,-5,-3,3,8,0,5,-7,-10,-2,-1,4,-2,-7,-11,-10,-7,0,7,7,-5,-5,-9,-8,0,7,0,-1,0,-5,-6,-1,3,-2,0,7,9,-2,-2,-2,-4,-7,2,12,10,4,5,6,0,-8,-5,-2,-11
Nevada,US,38.3135,-117.0554,-3,-3,-3,-3,-4,-2,-4,-6,-6,-4,-4,-7,-7,-17,-17,-9,-3,-8,-11,-10,-12,-11,-9,-12,-9,-9,-3,-10,-14,-11,-14,-11,-1,-6,-12,-17,-16,-13,-10,-8,-5,-12,-4,-6,-7,-6,-4,-3,-6,-7,-3,-6,-5,-6,-8,-8,-7,-8,-8,-11,-9,-9,-8,-10,-11,-7,-11,-9,-7,-5
New Hampshire,US,43.4525,-71.5639,-16,-11,-8,-4,0,0,-1,-4,-10,-13,-9,-3,-5,-3,-3,-7,-6,-4,-13,-13,-1,-3,-4,-1,-17,-18,-6,-8,-8,-8,-15,-17,-9,-5,-3,0,0,-2,-11,-11,-13,-6,3,-1,-3,-3,-12,-8,-1,-3,-4,-4,0,0,-6,-9,-6,-5,-15,-5,5,5,-6,-2,-1,-3,-19,-17,-9,-16
,Republic of Moldova,47.4116,28.3699,-3,-3,-5,-6,-4,-3,-1,0,-2,-1,4,5,2,1,1,-6,-6,-10,-8,-2,1,-2,-3,-3,0,-2,1,2,0,0,0,0,0,1,-1,2,1,-2,-1,0,3,5,6,6,5,4,6,7,6,-1,-5,-3,-4,-1,-3,-8,-8,-7,-3,0,-1,-3,-3,-4,-1,-3,-5,-6,-6,-3
Minnesota,US,45.6945,-93.9002,-17,-3,-2,-5,-6,-8,-9,-13,-13,-10,-4,-5,0,-9,-17,-14,-12,-12,-20,-14,-10,-9,-13,-30,-22,-10,-16,-8,-16,-23,-23,-10,-7,-4,-7,-7,-12,-14,-15,-8,-2,-5,-3,-6,-1,-8,-1,2,-4,-12,-9,-4,-7,-8,-6,-8,-14,-22,-10,-17,-22,-15,-9,-9,-16,-27,-17,-15,-19,-18
Nebraska,US,41.1254,-98.2681,-11,0,-2,-5,-4,-1,-3,-3,-1,0,-2,0,1,-5,-11,-9,-7,-7,-5,-4,-6,-7,-8,-24,-12,-6,-4,0,-6,-10,-14,-4,-1,-1,-4,-4,-8,-3,-2,0,-1,-1,-1,-1,-4,-4,0,5,0,-7,-4,-1,-4,-4,-2,-3,-4,-5,-1,-10,-16,-9,-5,-7,-11,-17,-5,-10,-16,-18
Ohio,US,40.3888,-82.7649,-12,-9,-4,2,0,-2,-1,-2,-4,-5,-3,-2,1,3,4,-4,-2,-5,-4,-2,2,-1,-3,-2,-14,-10,-2,-3,2,-6,-11,-12,-8,-5,0,2,0,-7,-9,-10,-5,5,5,0,-3,-1,-5,-1,3,-2,-3,0,7,0,-3,-2,-4,-7,-5,6,12,1,1,2,2,-4,-9,-1,-13,-12
Rhode Island,US,41.6809,-71.5118,-14,-10,-5,-2,3,1,-1,-3,-7,-11,-4,0,-2,-1,1,0,0,1,-8,-6,2,3,-3,1,-10,-15,-3,-4,-1,-4,-12,-16,-9,-4,0,4,4,0,-11,-12,-13,-1,6,0,-3,-2,-10,-8,0,1,-3,-2,3,5,-3,-4,-3,-4,-13,1,10,10,0,0,0,-1,-17,-13,-2,-13
Wisconsin,US,44.2685,-89.6165,-14,-5,-3,-1,-1,-4,-4,-8,-9,-8,-4,-2,0,-4,-11,-14,-12,-10,-11,-11,-14,-9,-7,-21,-24,-10,-12,-6,-8,-20,-22,-11,-4,-2,-5,-5,-9,-14,-16,-12,-1,-4,-3,-5,-1,-7,-4,2,3,-9,-7,0,-4,-7,-5,-6,-7,-19,-3,-6,-12,-12,-7,-4,-7,-20,-14,-8,-15,-14
,Saint Martin,18.0708,-63.0501,20,20,21,21,21,21,21,21,21,21,21,21,20,20,20,21,21,21,20,21,21,20,20,20,20,21,20,21,20,20,19,19,20,19,19,20,20,20,20,21,20,19,19,20,20,20,20,19,19,22,22,22,21,21,20,20,21,21,21,21,21,21,20,20,20,20,20,20,20,21
Connecticut,US,41.5978,-72.7554,-13,-9,-6,-3,1,0,-1,-3,-6,-10,-4,0,-1,0,1,-2,0,0,-7,-5,2,2,-2,0,-11,-15,-4,-4,-2,-4,-10,-14,-9,-5,-1,4,5,-1,-11,-11,-12,0,6,0,-2,-1,-9,-7,0,0,-3,-2,3,4,-3,-3,-3,-4,-12,0,9,9,0,0,0,-1,-16,-13,-2,-13
Hawaii,US,21.0943,-157.4983,18,18,18,19,20,20,19,20,20,20,20,20,19,20,19,20,19,16,17,17,17,18,19,22,21,20,19,19,19,20,19,19,19,19,19,20,19,18,17,18,19,19,20,20,20,20,18,18,18,21,19,20,21,22,21,21,20,20,20,21,22,22,22,21,21,21,21,19,19,20
Oklahoma,US,35.5653,-96.9289,-4,0,2,-1,1,3,4,2,0,-1,0,-1,2,3,0,-3,-5,-2,0,9,-1,0,1,-10,-8,3,6,10,0,-3,-2,-8,0,7,7,1,-4,-4,0,0,7,5,3,2,0,-4,-1,7,11,-5,0,6,2,-2,0,-1,-4,-2,12,12,-6,0,5,11,9,-3,4,0,-4,-5
Utah,US,40.15,-111.8624,0,0,0,0,0,0,0,-2,-1,-2,-3,-2,-4,-7,-12,-11,-2,0,-2,-5,-7,-8,-6,-5,-6,-4,0,-5,-8,-9,-11,-9,-4,-4,-8,-8,-10,-7,-6,-5,-2,-5,-5,-2,-3,-4,-2,1,0,-6,-3,-3,-4,-4,-5,-6,-6,-4,-3,-9,-7,-4,-6,-5,-8,-7,-5,-8,-7,-5
,Burkina Faso,12.2383,-1.5616,5,-4,-11,-13,-13,-14,-13,-17,-15,-9,-8,-11,-13,-13,-12,-11,-15,-13,-6,-4,-11,-15,-15,-15,-13,-12,-11,-7,-4,-5,-6,-7,-5,-8,-12,-9,-7,-8,-9,-9,-7,-7,-7,-10,-14,-10,-5,-11,-14,-10,-8,-13,-8,-4,0,1,3,1,2,0,0,-10,-9,-6,-1,-3,-7,-3,0,4
,Channel Islands,49.3723,-2.3644,3,3,3,6,7,6,2,5,9,9,9,10,8,4,4,2,5,6,8,5,3,4,6,7,9,8,4,5,6,5,4,8,9,8,4,2,4,7,4,4,3,3,6,6,3,6,6,5,9,7,8,7,5,4,6,9,10,9,4,6,7,7,9,6,8,5,3,2,2,2
,Holy See,41.9029,12.4534,3,4,5,9,7,5,9,7,5,8,9,10,10,7,-2,-7,-4,-1,4,9,10,6,6,7,2,4,4,6,7,2,3,4,6,9,9,6,0,3,3,9,10,6,4,2,8,5,2,2,3,0,1,2,4,1,-1,-2,0,1,3,2,2,2,4,2,2,3,6,4,2,2
,Mongolia,46.8625,103.8467,-20,-21,-20,-18,-17,-18,-19,-18,-19,-26,-27,-25,-22,-21,-20,-18,-18,-15,-13,-13,-12,-16,-24,-24,-23,-20,-17,-18,-15,-17,-21,-17,-12,-12,-14,-11,-17,-12,-14,-15,-20,-23,-16,-13,-14,-12,-17,-19,-15,-19,-18,-18,-15,-16,-19,-21,-21,-23,-23,-20,-24,-23,-23,-21,-20,-20,-22,-21,-18,-19
,Panama,8.538,-80.7821,20,19,20,20,19,19,18,19,20,19,19,20,20,20,20,20,19,19,19,19,19,20,20,20,20,20,20,20,21,21,20,20,19,18,17,17,19,19,19,19,18,19,19,19,19,20,19,18,19,19,19,19,19,19,19,19,19,20,20,20,20,20,20,20,20,20,21,21,21,21
Kansas,US,38.5266,-96.7265,-9,0,0,-3,-3,0,0,-2,-2,-2,-2,-1,1,0,-6,-7,-8,-5,-4,0,-5,-6,-2,-18,-14,0,0,4,-4,-5,-9,-7,0,4,4,-1,-6,-2,-1,0,4,0,-1,-1,-4,-5,-3,6,7,-5,0,2,-1,-6,-2,-3,-4,-2,3,-2,-11,-5,0,4,0,-12,-1,-5,-11,-13
Louisiana,US,31.1695,-91.8678,-2,0,10,4,3,9,9,7,10,8,7,4,6,13,18,18,3,1,5,12,20,13,15,5,1,3,12,14,19,8,5,-1,0,8,14,10,4,-2,0,2,10,18,20,15,10,1,1,7,15,1,3,15,14,6,6,10,3,2,12,19,14,6,13,20,19,16,12,18,0,-1
Missouri,US,38.4561,-92.2884,-9,-4,0,0,-3,-1,-2,-3,-3,-2,0,-1,3,5,0,-4,-5,-5,-6,3,-2,-2,-1,-13,-15,-3,0,6,-1,-4,-10,-11,-5,2,5,0,-3,-4,-1,-1,7,4,0,1,-1,-3,-2,0,9,-3,-2,4,1,-3,-2,-4,-3,-2,6,12,-4,-5,0,4,6,-7,-3,-2,-14,-13
Vermont,US,44.0459,-72.7107,-18,-10,-9,-7,-2,-2,-3,-6,-12,-15,-11,-5,-7,-4,-4,-10,-7,-6,-18,-15,-3,-3,-6,-4,-22,-20,-8,-11,-9,-11,-18,-18,-9,-6,-4,-1,0,-4,-12,-14,-14,-6,2,-3,-5,-4,-13,-8,-2,-3,-5,-5,0,-1,-9,-10,-7,-8,-17,-5,6,0,-6,-3,-2,-5,-21,-19,-11,-19
Alaska,US,61.3707,-152.4044,-24,-29,-32,-32,-35,-35,-27,-27,-19,-23,-28,-33,-25,-16,-14,-15,-16,-14,-12,-16,-28,-27,-16,-32,-32,-22,-20,-13,-13,-15,-14,-15,-24,-31,-30,-28,-16,-22,-30,-26,-15,-24,-33,-34,-32,-25,-18,-15,-20,-8,-25,-29,-32,-36,-36,-35,-35,-36,-36,-40,-35,-23,-22,-27,-30,-31,-34,-30,-31,-19
Arkansas,US,34.9697,-92.3731,-6,-2,1,0,0,6,5,4,3,1,3,1,4,10,14,2,0,-2,0,8,9,2,3,0,-9,-1,6,12,8,0,0,-7,-3,4,10,5,-1,-4,0,2,10,15,9,8,3,-4,0,2,12,-2,0,8,10,0,2,1,0,0,8,16,5,0,2,8,15,3,1,7,-5,-7
Delaware,US,39.3185,-75.5071,-11,-7,-5,1,6,0,0,-2,-4,-5,0,1,0,2,8,3,4,4,-5,-2,4,8,-1,6,-7,-12,-1,-1,4,-1,-7,-11,-8,-5,1,7,6,-3,-6,-9,-8,1,8,0,-1,2,-3,-4,1,3,-3,0,6,9,-3,-2,-2,-3,-9,3,11,10,4,4,4,0,-11,-7,-1,-11
Idaho,US,44.2405,-114.4788,-7,-10,-5,-5,-7,-5,-7,-6,-6,-8,-7,-8,-7,-18,-20,-9,-3,-1,-7,-12,-12,-13,-10,-12,-10,-10,-7,-13,-18,-19,-19,-16,-12,-9,-12,-15,-10,-10,-8,-9,-11,-11,-5,-7,-7,-4,-2,-6,-6,-8,-4,-8,-7,-9,-12,-8,-5,-7,-12,-16,-8,-10,-13,-13,-18,-9,-11,-12,-10,-10
Maine,US,44.6939,-69.3819,-17,-11,-7,-5,-2,1,-1,-6,-11,-13,-10,-6,-6,-4,-4,-9,-8,-6,-15,-17,-3,-4,-5,-2,-19,-20,-7,-10,-11,-8,-19,-19,-9,-5,-3,0,-1,-1,-9,-10,-12,-7,2,0,-5,-6,-11,-7,-1,-4,-3,-4,-1,-1,-5,-11,-8,-7,-14,-7,4,-2,-10,-8,-5,-4,-19,-19,-11,-15
Michigan,US,43.3266,-84.5361,-11,-7,-4,-1,0,0,-1,-3,-5,-4,-3,-2,0,-1,-4,-9,-6,-6,-9,-5,-4,-6,-6,-9,-17,-11,-5,-8,-2,-12,-14,-10,-4,-2,-1,-2,-6,-10,-11,-10,-4,0,-2,-3,-3,-2,-6,-2,4,-3,-5,0,0,-3,-4,-4,-3,-11,-6,4,-1,-9,-3,-1,-2,-6,-10,-3,-10,-13
Mississippi,US,32.7416,-89.6787,-6,-4,4,3,1,6,8,5,6,4,7,4,4,10,16,18,4,0,2,9,17,11,14,5,-2,0,8,12,17,6,3,-2,-1,5,12,9,3,-2,0,2,6,15,18,12,9,2,1,5,12,0,1,14,14,4,3,9,2,1,8,17,16,6,12,17,19,12,6,14,-2,-5
Montana,US,46.9219,-110.4544,-6,-8,-6,-4,-7,-6,-7,-8,-7,-9,-5,-6,-11,-18,-17,-11,-7,-9,-8,-13,-12,-9,-12,-11,-10,-10,-8,-12,-16,-17,-14,-13,-8,-8,-10,-13,-7,-8,-6,-8,-11,-9,-6,-9,-10,-4,-3,-7,-8,-7,-4,-9,-6,-9,-13,-10,-4,-7,-14,-17,-10,-12,-17,-19,-20,-11,-13,-13,-8,-8
New Mexico,US,34.8405,-106.2485,0,-1,-3,-4,-4,-5,-3,-8,-9,-8,-9,-7,-6,-7,-7,-16,-9,-4,-5,-9,0,-7,-6,-7,-3,-3,-3,-1,-1,-1,-5,-3,2,0,-6,-17,-16,-12,-13,-13,-4,-7,-9,-11,-8,-6,-1,3,-2,-10,-9,-6,-9,-7,-6,-10,-12,-12,-10,-6,-13,-10,-10,-12,-14,-6,-1,-12,-9,-5
North Dakota,US,47.5289,-99.78399999999999,-8,-8,-10,-13,-10,-5,-11,-5,-6,-7,-7,-2,-3,-13,-14,-11,-15,-24,-9,-9,-9,-8,-25,-29,-13,-11,-13,-8,-22,-27,-15,-7,-5,-5,-8,-9,-12,-10,-5,-2,-4,-6,-4,-2,-2,-3,-1,-5,-12,-12,-2,-3,-9,-7,-6,-9,-18,-20,-16,-27,-24,-18,-13,-27,-29,-31,-14,-26,-27,-23
South Dakota,US,44.2998,-99.4388,-8,-3,-6,-10,-8,-4,-6,-4,-3,-3,-5,-2,-1,-8,-12,-11,-8,-17,-9,-8,-8,-9,-16,-28,-10,-5,-7,-7,-15,-22,-15,-7,-5,-5,-6,-7,-10,-4,-3,-1,-2,-4,-1,0,-2,-2,2,2,-6,-10,-5,-2,-7,-7,-4,-6,-10,-12,-8,-18,-22,-14,-10,-17,-23,-23,-8,-21,-25,-23
West Virginia,US,38.4912,-80.9545,-9,-8,-6,4,1,-2,0,-2,-3,-1,1,2,1,4,9,4,10,-2,-3,-1,6,5,1,4,-7,-8,0,0,6,-2,-5,-11,-10,-6,0,8,5,-6,-5,-8,-6,4,8,0,0,0,-3,-5,0,0,-1,1,10,6,-2,-1,-2,-5,-3,6,14,6,5,9,8,0,-7,0,-6,-11
Wyoming,US,42.756,-107.3025,-7,-10,-12,-8,-8,-7,-6,-11,-7,-11,-10,-6,-8,-16,-21,-19,-11,-11,-8,-14,-15,-18,-13,-15,-12,-15,-8,-13,-19,-21,-22,-18,-13,-11,-11,-17,-14,-11,-9,-8,-10,-13,-9,-7,-8,-6,-5,-3,-5,-18,-9,-11,-11,-9,-14,-14,-9,-10,-13,-19,-15,-15,-15,-12,-16,-13,-8,-15,-13,-12
"Kitsap, WA",US,47.6477,-122.6413,4,5,9,7,6,6,4,6,6,4,9,4,0,0,0,5,5,5,2,0,1,2,4,2,2,3,2,0,0,-1,0,0,2,2,0,1,3,3,2,2,0,3,5,1,3,2,1,0,-1,6,6,2,6,2,3,6,7,1,0,2,3,0,-3,-4,-2,0,-1,3,4,4
"Solano, CA",US,38.3105,-121.9018,7,8,7,9,10,10,8,8,7,8,8,8,2,-5,-5,0,4,5,4,-3,-3,0,4,5,6,6,6,-1,-1,1,3,3,5,7,3,1,7,6,8,5,-1,-5,5,7,9,7,6,4,5,5,6,5,5,7,4,3,3,5,5,3,5,3,5,4,2,4,3,3,3,5
"Santa Cruz, CA",US,37.0454,-121.958,8,9,9,8,10,9,6,7,5,8,9,8,2,-5,-8,-1,3,5,4,-3,-4,-1,2,5,5,5,4,1,0,1,1,2,6,6,4,0,1,4,5,4,1,-5,3,6,8,7,6,5,5,3,7,5,3,7,4,2,2,6,5,3,4,3,5,4,2,4,3,1,0,4
"Napa, CA",US,38.5025,-122.2654,7,5,6,8,10,8,6,7,4,7,6,8,0,-8,-9,-2,4,5,2,-6,-7,-5,-2,3,5,5,3,-4,-4,-1,0,-1,2,5,0,-3,2,4,4,1,-5,-7,0,3,6,6,4,2,2,1,6,2,3,5,2,0,2,4,3,1,4,2,4,3,1,3,2,1,0,2
"Ventura, CA",US,34.3705,-119.1391,7,7,5,5,5,8,4,0,0,0,1,2,5,-9,-14,-6,1,5,6,2,-4,-4,2,3,4,5,6,6,6,7,2,3,8,7,6,-3,-5,-3,-3,4,5,0,-2,5,7,7,7,4,4,0,2,4,2,4,1,-4,-3,1,2,1,3,3,4,4,4,4,3,-1,-3,5
"Worcester, MA",US,42.4097,-71.8571,-16,-11,-7,-3,0,0,-1,-4,-9,-13,-6,-1,-3,-2,-1,-4,-3,-2,-10,-8,0,0,-4,0,-13,-16,-6,-6,-4,-5,-13,-16,-9,-5,-3,1,2,-1,-12,-12,-13,-2,5,-1,-4,-4,-12,-8,-2,0,-4,-3,0,1,-4,-5,-5,-6,-14,-1,9,8,-2,0,0,-3,-18,-16,-5,-15
"Gwinnett, GA",US,33.9191,-84.0167,-8,-8,-3,5,0,0,4,1,1,2,2,3,2,4,11,15,16,0,0,0,5,16,14,12,-2,-2,3,6,12,10,3,0,-2,0,5,10,5,-4,-1,-2,-1,6,14,12,8,1,-2,0,5,0,-2,4,12,7,-1,2,2,-1,2,9,17,11,15,16,15,9,-2,1,0,-7
"DeKalb, GA",US,33.7956,-84.2279,-8,-9,-3,6,0,0,5,1,1,2,2,3,1,3,11,16,16,0,0,1,5,16,14,12,-3,-3,3,7,12,9,3,0,-2,-1,5,10,5,-5,-2,-3,-1,6,15,12,8,1,-2,0,5,0,-2,4,12,6,-1,2,2,-2,1,9,17,11,15,16,15,9,-3,2,0,-8
"Floyd, GA",US,37.5455,-82.7779,-10,-8,-2,6,0,0,2,-1,-1,0,2,3,2,4,11,6,9,-2,-2,0,7,6,2,5,-8,-6,1,3,8,-1,-4,-11,-9,-3,2,8,4,-6,-3,-7,-3,6,9,0,1,0,-3,-3,2,0,0,2,11,5,-1,-1,-1,-3,-1,8,14,6,5,11,11,1,-7,1,-6,-11
"Fayette, GA",US,33.4502,-84.4803,-8,-8,-1,6,0,0,5,1,1,3,2,3,2,5,12,16,17,0,0,2,7,17,15,13,-2,-2,4,7,13,10,4,0,-2,0,6,12,5,-4,-2,-2,0,8,16,12,9,2,-1,0,6,0,-1,5,15,7,0,3,3,-1,2,11,17,12,16,16,16,10,-1,4,0,-8
"Gregg, TX",US,32.4893,-94.8521,-1,1,5,2,3,10,8,9,5,5,5,1,3,12,14,3,-2,0,2,13,13,6,6,1,-1,4,12,16,14,4,3,-1,0,8,10,5,-1,-3,0,2,14,17,17,11,7,-1,0,6,15,-2,1,11,9,1,4,5,-1,0,14,18,3,1,6,15,19,12,10,11,-3,-2
"Monmouth, NJ",US,40.2589,-74.124,-11,-7,-4,0,5,0,-1,-2,-5,-5,0,2,0,2,6,0,4,3,-5,-2,3,6,-1,3,-8,-11,-2,-2,3,-2,-8,-12,-9,-5,0,5,5,-2,-7,-10,-8,1,7,0,-1,1,-4,-4,0,2,-3,-1,5,7,-3,-1,-2,-4,-10,2,10,10,3,3,3,0,-12,-7,-1,-12
"Burlington, NJ",US,40.0712,-74.8649,-11,-7,-5,0,5,0,0,-2,-5,-6,0,2,0,2,7,0,4,3,-5,-3,3,6,-1,3,-8,-14,-3,-2,4,-2,-8,-12,-10,-7,0,6,6,-3,-7,-10,-7,0,8,0,-1,1,-4,-5,0,2,-2,-1,5,8,-2,-1,-2,-4,-10,1,11,11,2,3,3,0,-12,-9,-2,-12
"Camden, NJ",US,39.9259,-75.1196,-11,-8,-5,0,5,0,0,-2,-5,-6,0,1,0,2,7,0,3,3,-5,-3,3,6,-2,3,-9,-14,-3,-2,3,-3,-9,-12,-10,-7,0,6,6,-3,-7,-10,-8,0,8,0,-2,1,-4,-5,0,2,-2,-1,6,8,-3,-2,-2,-4,-10,1,11,10,2,3,3,0,-12,-8,-2,-12
"Passaic, NJ",US,40.8568,-74.1285,-11,-7,-5,-2,2,0,-1,-2,-6,-8,-1,1,0,1,5,-1,1,0,-6,-2,2,4,-2,1,-10,-13,-4,-2,0,-3,-10,-13,-10,-6,-1,4,5,-2,-10,-12,-8,0,7,0,-1,0,-6,-5,-1,1,-3,-2,4,6,-3,-1,-2,-5,-11,0,10,10,0,1,2,0,-14,-10,-2,-12
"Union, NJ",US,40.6976,-74.2632,-11,-7,-5,-2,3,0,-1,-2,-5,-8,-1,1,0,2,6,0,2,1,-5,-2,3,5,-1,1,-9,-13,-3,-2,1,-3,-10,-13,-10,-7,-1,5,5,-2,-9,-11,-8,0,7,0,-1,0,-6,-4,-1,1,-3,-2,4,6,-3,-1,-3,-5,-11,0,10,10,1,2,2,0,-13,-9,-2,-12
"Eagle, CO",US,39.6553,-106.8287,-5,-5,-6,-6,-5,-6,-6,-11,-9,-10,-13,-8,-9,-7,-16,-20,-11,-4,-4,-6,-10,-15,-13,-11,-10,-8,-3,-7,-13,-13,-18,-14,-7,-2,-11,-16,-17,-10,-10,-9,-5,-6,-8,-9,-7,-6,-3,-1,-3,-20,-10,-11,-12,-10,-11,-12,-10,-10,-9,-14,-16,-12,-10,-10,-10,-11,-8,-15,-15,-14
"Larimer, CO",US,40.6956,-105.5943,-4,-8,-10,-6,-7,-6,-6,-11,-9,-11,-12,-8,-12,-14,-21,-20,-12,-8,-6,-12,-14,-17,-13,-14,-9,-10,-6,-12,-18,-15,-19,-16,-7,-6,-12,-18,-15,-11,-10,-10,-7,-11,-9,-10,-7,-8,-5,-2,-4,-15,-7,-11,-10,-7,-9,-13,-8,-9,-11,-16,-14,-14,-13,-10,-12,-13,-9,-15,-11,-15
"Arapahoe, CO",US,39.6203,-104.3326,-5,-6,-10,-7,-6,-6,-3,-7,-4,-6,-9,-7,-11,-9,-15,-17,-9,-6,-4,-7,-9,-11,-9,-11,-6,-7,-4,-7,-8,-9,-13,-9,-4,-3,-9,-11,-12,-7,-7,-7,-4,-4,-6,-8,-5,-7,-5,-1,0,-12,-6,-7,-9,-5,-8,-13,-9,-10,-9,-10,-11,-13,-12,-13,-11,-11,-8,-12,-11,-11
"Gunnison, CO",US,38.5458,-106.9253,-8,-6,-7,-13,-10,-12,-9,-15,-14,-13,-16,-14,-15,-12,-17,-24,-15,-4,-7,-9,-7,-12,-16,-14,-14,-13,-4,-6,-11,-13,-16,-17,-10,-4,-12,-18,-19,-13,-12,-12,-8,-6,-9,-10,-10,-8,-6,-2,-3,-26,-18,-14,-18,-17,-18,-15,-19,-18,-11,-14,-19,-15,-11,-18,-17,-15,-9,-16,-19,-19
"Kane, IL",US,41.9879,-88.4016,-11,-6,-2,0,0,-3,-3,-4,-4,-4,-1,-1,0,0,-4,-7,-5,-8,-6,-3,-6,-7,-5,-13,-22,-9,-7,-2,-3,-13,-17,-11,-4,0,-1,-2,-6,-9,-12,-11,1,-1,-1,-2,-1,-5,-4,0,7,-6,-4,0,-1,-4,-3,-5,-4,-13,0,3,-3,-6,-3,-1,-2,-13,-10,-6,-16,-11
"Monroe, PA",US,41.0458,-75.2479,-11,-9,-7,-4,0,-1,-2,-4,-6,-10,-4,0,-1,1,4,-3,0,-1,-7,-4,1,2,-3,0,-12,-15,-5,-4,0,-5,-11,-13,-10,-7,-4,1,3,-5,-12,-12,-8,-1,6,0,-3,-2,-6,-5,-1,0,-5,-3,3,3,-4,-3,-4,-6,-11,-1,9,8,-1,0,0,-1,-14,-12,-5,-13
"Philadelphia, PA",US,39.9526,-75.1652,-11,-7,-5,0,5,0,0,-2,-5,-6,0,1,0,2,7,0,3,3,-5,-3,3,6,-1,3,-9,-14,-3,-2,3,-3,-9,-12,-10,-7,0,6,6,-3,-7,-10,-8,0,8,0,-2,1,-4,-5,0,2,-3,-1,5,7,-3,-2,-2,-4,-10,1,11,10,2,3,3,0,-12,-8,-3,-11
"Norfolk, VA",US,36.8508,-76.2859,-7,-3,1,7,9,1,0,0,-1,0,2,4,2,6,9,9,12,6,-3,0,6,14,4,13,0,-5,0,3,6,4,0,-6,-4,0,3,11,11,-1,-4,-4,-6,2,11,4,2,5,0,-1,2,4,0,2,9,13,0,1,2,-1,-2,7,14,15,15,12,8,6,-5,0,4,-8
"Arlington, VA",US,38.8816,-77.09100000000001,-10,-8,-5,0,4,-1,-1,-1,-3,-5,-2,0,0,3,7,3,3,2,-5,-3,3,8,0,5,-7,-10,-3,-2,3,-3,-8,-12,-11,-8,-1,7,7,-5,-6,-9,-9,0,7,-1,-2,-1,-5,-7,-2,2,-3,0,7,9,-2,-3,-3,-4,-7,1,11,10,3,5,6,0,-9,-5,-3,-11
"Spotsylvania, VA",US,38.2042,-77.6078,-9,-8,-4,2,7,0,0,-1,-3,-4,-2,0,1,4,9,5,5,3,-5,-2,4,10,2,7,-4,-9,-1,-1,4,0,-5,-11,-8,-5,1,8,9,-5,-5,-9,-8,1,8,0,0,0,-4,-5,0,3,-2,0,8,11,-1,-2,-2,-3,-5,3,14,11,5,6,6,1,-8,-3,-1,-11
"Loudoun, VA",US,39.0768,-77.6536,-10,-9,-6,0,3,-1,-1,-1,-3,-6,-2,0,0,4,8,3,3,1,-5,-3,3,7,0,4,-8,-10,-3,-2,3,-3,-7,-12,-11,-7,-2,6,7,-6,-6,-10,-8,0,7,-1,-1,0,-5,-5,-1,1,-4,-1,7,8,-3,-3,-4,-5,-7,2,13,9,3,4,5,0,-9,-4,-4,-11
"Prince George, MD",US,38.7849,-76.8721,-10,-8,-5,1,6,-1,-1,-2,-3,-5,-1,1,1,3,8,4,4,3,-5,-3,4,10,0,6,-7,-10,-2,-2,4,-2,-7,-11,-10,-6,0,8,8,-5,-6,-10,-8,0,8,0,-1,0,-5,-6,-1,3,-3,0,8,10,-3,-2,-2,-4,-7,2,12,10,4,6,6,0,-9,-4,-2,-11
"Pottawattamie, IA",US,41.3912,-95.4778,-16,-1,0,-3,-5,-3,-3,-6,-5,-3,-1,-1,1,-3,-10,-10,-9,-7,-10,-4,-7,-5,-7,-23,-16,-5,-2,0,-5,-10,-16,-6,0,0,-2,-3,-9,-6,-2,-1,1,-2,-1,0,-1,-5,-3,4,1,-5,-2,-1,-3,-6,-1,-4,-4,-9,0,-8,-15,-9,-4,-5,-9,-19,-7,-13,-21,-22
"Camden, SC",US,34.2465,-80.607,-10,-8,-1,9,5,1,5,2,2,2,1,4,3,6,11,15,17,4,0,1,8,17,16,17,2,-2,3,7,11,10,2,-2,-3,0,6,14,12,-2,-2,-2,-3,6,15,11,9,3,-1,-1,5,1,0,3,16,11,0,2,4,0,0,9,18,18,18,18,16,10,-6,3,6,-7
"Pima, AZ",US,32.0575,-111.6661,8,8,5,5,5,4,3,-2,-2,0,-3,-6,-7,0,-18,-15,-11,-3,-4,0,5,3,1,0,-1,-1,-2,-2,0,1,0,4,11,4,4,-5,-14,-12,-10,-6,0,2,5,3,0,0,1,5,2,1,1,0,-1,-1,0,0,-8,-5,-1,0,-3,-5,-5,-4,-4,0,3,2,2,3
"Noble, IN",US,41.4277,-85.355,-8,-7,-3,0,0,-1,-2,-2,-3,-4,-3,-2,1,2,-1,-6,-6,-6,-4,-4,-1,-4,-5,-5,-15,-10,-4,-4,-1,-8,-12,-12,-6,-1,1,0,-4,-7,-10,-10,-3,4,0,-2,-2,-1,-4,0,5,-5,-4,0,2,-2,-3,-4,-4,-9,-4,7,6,-3,-1,0,0,-6,-9,-2,-15,-12
"Adams, IN",US,39.8522,-77.2865,-10,-8,-6,0,2,-1,-1,-2,-4,-7,-3,0,0,4,9,0,2,0,-5,-3,3,5,-1,2,-9,-12,-4,-2,2,-3,-8,-12,-11,-8,-2,4,6,-6,-7,-10,-8,0,6,0,-1,-1,-5,-5,0,0,-3,-1,6,6,-4,-2,-3,-5,-8,1,12,8,2,3,3,0,-9,-6,-4,-11
"Boone, IN",US,40.0106,-86.4997,-7,-7,-3,2,-1,-2,-3,-2,-3,-3,-1,0,2,4,3,-3,-5,-5,-2,-3,0,-3,-3,-6,-19,-8,-2,-1,0,-6,-10,-12,-7,-1,2,1,-2,-6,-7,-10,0,6,2,0,-1,-3,-4,-1,5,-3,-2,2,5,-1,-2,-4,-3,-8,-2,9,8,-1,0,1,2,-6,-8,-1,-16,-11
"Dane, WI",US,43.0186,-89.5498,-13,-6,-3,-1,-1,-3,-4,-6,-8,-6,-3,-1,0,-3,-9,-11,-10,-9,-9,-6,-10,-9,-6,-18,-23,-9,-8,-4,-6,-17,-21,-12,-4,-1,-3,-4,-8,-11,-14,-11,0,-3,-2,-3,-1,-6,-3,2,5,-8,-6,0,-3,-6,-4,-5,-6,-16,-1,-3,-8,-9,-5,-2,-5,-17,-12,-9,-17,-13
"Pierce, WI",US,44.7509,-92.3814,-17,-3,-3,-3,-4,-7,-7,-11,-12,-10,-4,-3,0,-7,-15,-15,-14,-10,-16,-12,-14,-10,-9,-27,-24,-8,-14,-6,-12,-22,-23,-9,-5,-4,-7,-7,-9,-14,-15,-10,-1,-4,-3,-6,-1,-9,-2,3,0,-10,-8,-3,-4,-8,-5,-7,-10,-20,-7,-12,-17,-15,-8,-7,-12,-25,-16,-13,-18,-17
"Cuyahoga, OH",US,41.4339,-81.6758,-9,-8,-5,1,2,0,0,0,-4,-4,-4,-3,0,2,1,-5,-2,-4,-3,-1,0,-1,-4,-2,-13,-11,-1,-2,2,-6,-10,-10,-8,-5,0,2,0,-7,-8,-8,-6,4,5,0,-2,0,-4,-2,2,-2,-3,0,5,0,-3,-2,-4,-6,-6,6,11,0,0,1,2,-2,-8,-1,-9,-7
"Weber, UT",US,41.2603,-111.9522,-3,-1,-1,-1,0,0,-2,-3,-3,-4,-6,-3,-5,-9,-15,-11,-3,0,-4,-9,-10,-12,-7,-7,-8,-7,-1,-9,-11,-13,-16,-12,-7,-7,-9,-10,-11,-8,-7,-6,-3,-9,-5,-3,-3,-4,-2,1,-1,-10,-3,-5,-5,-6,-6,-7,-6,-5,-5,-12,-8,-6,-6,-6,-10,-9,-7,-10,-10,-8
"Wilton, CT",US,41.1954,-73.4379,-12,-9,-5,-2,2,0,-1,-3,-6,-9,-3,0,-1,0,3,-2,0,0,-7,-3,2,3,-2,0,-11,-15,-4,-3,0,-3,-11,-15,-9,-5,-1,3,4,-2,-11,-12,-10,0,6,0,-2,0,-7,-5,0,0,-3,-2,3,5,-3,-2,-3,-5,-12,0,9,9,0,0,1,0,-17,-12,-2,-14
