Province/State,Country/Region,Lat,Long,1/1/20,1/2/20,1/3/20,1/4/20,1/5/20,1/6/20,1/7/20,1/8/20,1/9/20,1/10/20,1/11/20,1/12/20,1/13/20,1/14/20,1/15/20,1/16/20,1/17/20,1/18/20,1/19/20,1/20/20,1/21/20,1/22/20,1/23/20,1/24/20,1/25/20,1/26/20,1/27/20,1/28/20,1/29/20,1/30/20,1/31/20,2/1/20,2/2/20,2/3/20,2/4/20,2/5/20,2/6/20,2/7/20,2/8/20,2/9/20,2/10/20,2/11/20,2/12/20,2/13/20,2/14/20,2/15/20,2/16/20,2/17/20,2/18/20,2/19/20,2/20/20,2/21/20,2/22/20,2/23/20,2/24/20,2/25/20,2/26/20,2/27/20,2/28/20,2/29/20,3/1/20,3/2/20,3/3/20,3/4/20,3/5/20,3/6/20,3/7/20,3/8/20,3/9/20,3/10/20,3/11/20,3/12/20,3/13/20,3/14/20,3/15/20,3/16/20,3/17/20,3/18/20,3/19/20,3/20/20,3/21/20,3/22/20,3/23/20,3/24/20,3/25/20,3/26/20,3/27/20,3/28/20,3/29/20,3/30/20
,Afghanistan,33.0,65.0,57,91,73,65,88,85,54,39,28,32,74,89,75,55,52,47,51,42,55,70,74,62,61,85,69,62,60,47,38,39,48,53,48,82,52,46,46,36,43,48,83,89,92,68,42,44,38,37,46,50,36,49,52,59,64,56,54,66,75,68,56,43,60,66,73,56,51,47,63,75,51,56,53,40,43,55,62,61,61,77,56,61,91,82,66,64,63,63,64,90
,Albania,41.1533,20.1683,47,43,41,37,52,41,33,28,37,40,59,73,67,67,57,49,48,56,69,57,39,39,37,45,73,76,83,81,83,77,62,74,75,77,76,73,60,53,61,65,76,79,81,62,71,64,55,54,57,69,73,56,51,46,50,54,67,82,80,57,56,73,70,84,76,68,84,84,81,73,64,61,57,63,83,59,48,44,44,47,52,59,84,78,69,62,74,77,75,63
,Algeria,28.0339,1.6596,39,37,30,27,26,23,43,36,33,46,47,57,48,44,43,54,49,38,28,16,15,17,24,20,21,27,25,36,25,13,11,13,25,32,30,24,27,12,10,9,9,9,15,37,19,17,16,17,25,22,19,12,13,15,32,19,11,10,16,11,7,4,8,14,14,7,16,17,16,14,18,20,14,8,5,6,8,13,14,13,21,19,9,16,27,37,18,14,37,30
,Andorra,42.5063,1.5218,27,28,34,46,20,30,30,50,56,59,24,16,18,22,28,51,68,36,47,43,52,76,79,66,75,75,64,69,47,72,72,59,55,47,50,20,20,21,36,60,53,54,62,69,52,44,34,45,49,35,22,25,14,17,18,27,42,51,60,64,69,68,59,56,75,51,51,42,56,55,25,40,70,64,64,82,77,69,54,52,52,71,74,62,71,60,51,66,60,78
,Angola,-11.2027,17.8739,87,92,98,98,88,92,93,96,88,100,97,80,71,86,75,80,87,85,71,79,89,91,87,96,93,91,98,92,97,89,96,91,96,90,89,87,74,83,84,97,91,90,78,74,94,97,87,81,78,94,87,82,95,91,92,84,90,90,84,78,69,70,82,79,80,90,79,87,92,91,96,92,90,95,90,80,87,81,77,76,87,85,79,86,83,99,86,86,93,80
,Antigua and Barbuda,17.0608,-61.7964,91,90,90,88,88,87,86,88,91,89,85,89,87,87,90,87,88,89,92,94,89,90,88,90,95,91,92,86,88,87,89,86,90,88,87,86,92,90,88,86,90,87,88,90,88,92,94,93,92,88,87,86,86,88,82,91,92,93,86,87,89,86,83,87,89,84,86,87,78,81,86,86,89,89,89,90,82,82,88,87,89,92,95,93,95,87,88,89,92,87
,Argentina,-38.4161,-63.6167,74,67,47,45,51,59,37,21,39,19,24,21,30,52,43,10,15,20,32,28,42,50,43,40,34,22,26,35,31,42,28,24,36,28,51,85,55,84,66,67,57,41,33,38,76,47,17,20,51,37,20,31,52,48,38,34,34,36,23,38,41,36,24,27,25,32,49,38,17,41,45,75,64,63,24,51,46,77,77,49,45,39,54,42,48,56,64,67,64,73
,Armenia,40.0691,45.0382,80,82,90,87,81,69,69,68,81,78,70,71,76,55,50,73,79,54,85,82,68,66,74,75,56,64,64,64,71,80,81,93,76,75,87,88,83,86,94,78,73,67,77,88,75,56,74,89,87,86,96,92,85,92,91,87,44,48,53,82,91,89,78,51,42,43,71,79,53,32,56,72,70,98,92,96,99,96,93,89,90,85,65,81,87,81,80,86,98,89
Australian Capital Territory,Australia,-35.4735,149.0124,54,56,56,37,64,81,67,75,74,60,64,70,65,70,72,75,85,75,76,79,68,59,40,47,63,51,61,55,63,53,33,36,51,43,45,67,77,78,83,93,92,86,82,93,87,86,90,92,82,68,70,79,81,74,73,72,60,56,50,70,60,44,81,98,100,89,82,87,85,81,80,77,76,76,66,76,77,68,65,55,72,65,68,81,74,73,82,80,85,87
New South Wales,Australia,-33.8688,151.2093,79,80,89,67,75,84,89,90,92,86,82,84,78,85,84,89,99,98,95,93,72,83,53,77,93,90,93,90,85,83,87,75,88,80,70,73,85,100,99,100,96,91,99,98,84,87,89,95,87,61,70,77,87,75,81,81,71,75,67,73,84,64,83,92,95,92,84,80,83,76,74,72,74,90,82,86,79,78,71,60,78,79,79,82,89,85,74,84,92,87
Northern Territory,Australia,-12.4634,130.8456,82,82,78,77,80,84,80,79,91,99,96,89,88,85,83,83,83,83,85,88,90,93,91,89,88,83,84,88,85,84,80,80,82,82,82,84,80,79,79,85,83,86,83,85,84,85,87,87,87,86,86,85,85,85,82,82,87,94,92,90,88,87,86,85,82,81,91,94,95,85,83,79,80,82,82,75,76,83,78,78,78,79,78,88,88,83,80,81,80,77
Queensland,Australia,-28.0167,153.4,82,83,78,77,79,83,83,78,79,83,86,94,76,91,90,90,89,99,95,91,85,88,93,93,96,88,84,89,87,84,79,80,82,81,95,88,100,97,98,97,92,95,99,100,90,91,89,86,87,88,83,85,78,82,92,92,93,91,88,85,80,81,84,91,81,91,88,80,95,91,75,81,78,76,79,72,74,73,73,77,82,85,89,80,78,76,89,85,88,83
South Australia,Australia,-34.9285,138.6007,61,56,21,69,75,57,51,38,28,76,63,63,44,46,69,65,61,69,79,83,66,56,71,71,77,80,74,62,34,14,61,93,73,70,54,62,62,64,64,59,64,73,84,83,87,80,76,64,75,63,71,68,61,49,48,67,72,68,76,74,61,71,66,69,78,79,69,66,60,54,54,45,72,62,62,52,33,28,41,74,75,73,56,56,70,65,59,36,54,67
Tasmania,Australia,-41.4545,145.9707,79,73,70,77,59,69,74,59,80,99,85,74,79,80,89,82,70,78,87,98,83,91,100,91,98,87,82,94,83,47,48,83,90,82,78,78,85,84,84,83,89,100,93,89,100,95,75,75,94,80,81,81,83,84,81,78,90,96,84,86,98,85,78,93,100,83,80,86,85,87,85,89,99,84,87,95,92,94,89,98,90,86,84,83,91,90,95,94,100,99
Victoria,Australia,-37.8136,144.9631,57,60,56,44,70,87,84,72,70,61,72,70,59,60,56,79,68,71,78,90,74,52,78,59,61,78,72,70,65,31,27,84,69,62,56,69,76,84,72,64,79,86,86,74,81,95,79,73,91,82,74,73,68,73,81,75,69,61,73,74,64,68,66,78,96,82,74,74,72,73,65,49,54,60,68,64,56,45,50,64,70,73,63,69,67,72,69,55,56,70
Western Australia,Australia,-31.9505,115.8605,60,71,56,38,34,44,54,66,59,38,34,51,53,55,61,63,70,55,53,56,75,71,72,56,63,59,46,56,77,70,57,51,39,37,28,47,79,80,79,52,40,46,67,57,50,86,71,53,45,47,45,39,66,66,72,71,77,72,71,84,67,50,44,36,47,83,80,74,55,41,48,59,53,63,83,75,79,65,61,52,64,59,49,39,40,50,72,71,68,68
,Austria,47.5162,14.5501,56,46,57,82,79,50,65,61,65,73,83,51,38,37,38,67,74,80,80,74,41,41,53,48,59,81,77,80,67,65,87,81,83,90,81,77,62,56,62,57,75,73,64,66,82,74,53,64,71,76,70,59,45,69,84,71,81,62,72,62,81,74,83,74,65,88,79,68,74,78,91,76,82,75,57,47,67,77,71,72,92,66,54,57,56,66,70,64,84,78
,Azerbaijan,40.1431,47.5769,72,69,84,85,68,71,78,69,77,77,83,70,69,57,77,80,78,67,85,79,71,60,46,36,52,43,54,52,51,43,48,80,63,53,36,44,41,34,56,52,49,57,43,43,42,65,51,68,62,56,68,75,84,73,76,45,52,51,43,45,62,81,72,74,72,73,63,65,68,71,68,56,61,61,72,79,78,74,78,81,87,80,68,64,62,56,62,71,57,62
,Bahamas,25.0343,-77.3963,98,89,87,92,95,77,71,72,71,79,95,97,92,93,83,78,79,86,76,80,89,79,83,81,88,86,80,82,88,90,92,85,96,72,68,77,87,97,96,98,96,94,97,96,92,93,92,89,88,92,93,91,93,84,71,79,88,98,89,75,64,65,73,88,97,99,96,71,68,75,79,86,89,95,94,86,87,89,87,87,87,85,87,87,86,91,92,84,85,90
,Bahrain,26.0275,50.55,77,71,81,68,94,71,73,73,80,94,69,61,52,55,72,75,76,80,72,82,76,73,80,66,62,64,66,72,70,64,74,74,70,67,68,78,77,63,65,84,70,67,64,70,74,76,80,80,73,66,74,82,81,84,80,74,70,69,74,75,72,75,66,65,71,70,64,69,75,75,82,71,64,65,64,79,79,78,89,82,88,83,56,61,63,72,67,66,82,69
,Bangladesh,23.685,90.3563,66,73,84,82,83,66,66,72,80,76,77,77,72,74,74,70,70,70,69,68,64,65,66,59,61,64,66,66,70,80,72,56,53,48,53,50,54,49,42,47,47,53,51,51,56,66,65,62,59,57,57,59,54,54,61,77,77,70,57,54,53,56,59,63,66,71,73,70,59,47,43,51,55,53,59,55,47,47,43,45,47,67,63,56,56,52,48,47,39,28
,Barbados,13.1939,-59.5432,90,91,87,89,91,93,95,88,90,94,87,96,90,91,93,89,91,92,95,88,94,92,98,98,96,95,93,86,96,95,93,95,93,90,91,87,91,89,85,87,89,91,94,93,89,85,86,88,93,99,94,86,87,88,96,93,91,90,89,88,86,90,87,92,83,82,84,88,83,90,87,87,92,92,100,93,88,87,88,90,95,94,92,87,86,89,88,91,91,90
,Belarus,53.7098,27.9534,82,89,79,87,83,76,89,83,91,94,89,84,88,90,79,80,86,80,82,83,84,86,73,81,83,83,83,86,91,88,93,94,88,80,77,59,73,54,78,81,78,88,88,87,85,82,77,68,75,75,82,78,73,70,76,83,82,86,74,75,79,87,87,85,88,86,89,84,81,83,84,76,67,72,56,52,77,74,71,64,79,60,55,56,52,50,46,50,54,60
,Belgium,50.8333,4.0,87,89,86,84,86,82,87,92,92,88,83,86,85,78,73,83,78,76,75,82,78,81,81,74,76,86,88,81,76,85,85,87,89,84,82,83,81,71,86,79,79,67,68,83,83,78,76,78,78,80,83,76,71,84,85,81,85,90,82,84,76,88,80,81,94,90,79,86,78,93,92,73,71,81,81,80,67,70,74,82,70,56,47,39,38,43,61,65,52,59
,Benin,9.3077,2.3158,11,12,11,17,23,30,28,27,26,35,57,55,34,14,16,19,17,19,21,28,30,24,15,9,6,7,10,13,11,4,6,8,7,7,9,11,10,11,10,14,20,11,7,11,11,8,8,10,26,14,21,14,17,14,8,9,15,35,43,31,53,65,66,54,30,48,49,52,56,59,48,47,57,57,51,38,48,50,56,62,67,64,70,81,73,65,56,59,59,67
,Bhutan,27.5142,90.4336,31,55,69,70,61,31,49,64,59,49,36,32,44,51,51,49,62,59,50,49,47,51,54,41,23,47,59,63,59,65,60,60,56,53,59,67,55,54,53,47,40,56,56,52,65,67,63,69,67,71,74,63,70,64,64,62,72,56,41,50,65,73,71,77,66,66,67,59,56,66,71,63,53,75,69,52,61,72,72,73,71,69,71,62,62,67,69,75,62,54
,Bolivia,-16.2902,-63.5887,98,93,87,83,79,82,84,100,87,81,78,86,84,93,95,81,72,78,79,78,75,76,92,73,67,67,71,79,87,97,90,84,86,81,82,85,78,87,83,94,98,99,96,90,88,83,80,82,75,74,89,96,84,55,55,70,92,95,71,67,56,54,56,61,59,61,65,65,64,70,73,63,70,69,71,83,96,91,86,81,86,83,80,82,87,84,90,88,81,86
,Bosnia and Herzegovina,43.9159,17.6791,85,63,46,65,94,84,61,80,54,60,93,93,88,89,74,69,68,60,94,88,64,34,57,44,96,99,95,97,94,73,77,94,94,93,98,93,69,84,86,81,92,89,93,69,98,90,74,49,78,90,85,64,52,40,83,78,90,92,94,83,96,92,96,99,79,93,100,97,95,87,83,68,72,90,80,64,45,62,48,45,52,93,83,98,94,97,98,92,78,86
,Brazil,-14.235,-51.9253,88,82,86,88,96,100,93,89,85,89,77,83,84,80,76,78,79,75,72,74,79,83,98,99,97,97,91,99,95,90,88,82,79,80,82,93,86,85,98,94,100,96,82,86,86,80,90,87,79,91,88,90,92,84,80,88,88,89,87,88,100,94,96,93,91,93,99,93,90,95,91,97,94,86,90,89,86,80,81,83,95,91,87,90,94,92,93,91,95,87
,Brunei,4.5353,114.7277,90,88,93,90,87,87,86,90,88,95,99,98,95,99,94,96,92,89,94,87,84,84,81,81,87,93,95,90,96,92,84,86,85,87,96,88,83,84,88,91,88,84,83,86,89,91,95,86,84,84,82,79,77,78,84,82,95,93,95,92,90,92,97,98,100,91,88,87,92,95,89,91,83,87,86,84,84,84,83,93,91,92,93,92,92,93,93,95,93,93
,Bulgaria,42.7339,25.4858,86,91,75,63,94,94,82,77,68,74,81,99,92,88,84,93,91,85,90,89,80,50,65,66,41,73,93,88,81,80,56,80,82,69,79,98,90,87,81,87,93,94,80,78,95,99,90,89,77,95,100,94,95,70,61,64,76,82,76,89,84,81,83,93,99,88,84,99,97,100,90,80,72,79,100,64,57,71,67,66,73,81,100,99,97,99,97,86,74,68
,Burkina Faso,12.2383,-1.5616,8,10,8,11,14,18,18,19,14,17,12,14,6,7,9,13,12,9,12,17,18,19,9,5,5,5,5,5,3,4,7,7,6,6,6,6,6,5,5,9,9,5,4,4,4,5,5,5,7,9,8,7,6,7,6,5,6,7,6,5,5,6,7,7,4,3,5,8,4,3,3,3,7,10,15,14,20,42,38,37,23,12,26,52,34,11,9,12,11,9
,Cabo Verde,16.5388,-23.0418,73,71,72,71,70,68,65,70,66,65,65,65,69,73,73,73,70,69,71,74,75,78,79,81,80,76,80,78,75,79,80,73,72,72,73,75,82,76,76,76,77,77,75,73,76,77,75,75,82,79,79,80,81,80,77,78,81,74,74,76,75,76,76,80,80,80,83,85,82,82,81,79,75,74,75,80,76,72,71,71,73,78,79,73,71,71,70,73,74,80
,Cambodia,11.55,104.9167,59,61,62,61,57,63,64,69,61,65,74,75,67,56,67,65,63,69,68,66,65,65,66,61,69,69,68,67,71,81,73,66,57,60,64,60,62,56,62,55,56,62,65,66,65,69,68,73,57,51,52,53,50,45,47,57,60,59,57,57,64,67,63,67,67,70,66,69,66,66,68,61,62,61,61,59,57,59,62,59,57,62,62,63,66,64,66,65,64,61
,Cameroon,3.848,11.5021,77,71,56,52,57,67,65,70,75,75,82,75,72,72,83,74,74,77,77,70,64,57,56,43,33,36,60,69,67,73,78,71,72,83,79,87,81,66,67,77,65,59,69,65,61,63,72,82,82,64,65,71,69,72,72,69,77,78,81,76,81,80,78,88,85,87,89,81,81,82,86,87,83,79,74,80,80,81,85,95,83,80,81,95,90,87,82,84,88,85
Alberta,Canada,53.9333,-116.5765,75,92,56,82,72,62,74,83,76,73,67,63,55,55,52,49,53,55,55,71,71,76,78,72,84,79,76,72,77,69,59,72,68,69,72,62,76,69,65,77,63,65,87,79,75,80,77,74,71,74,64,55,57,60,56,67,68,68,63,63,87,71,64,68,61,61,79,77,69,54,59,75,74,62,62,55,56,71,82,80,65,65,68,86,84,68,70,78,77,86
British Columbia,Canada,49.2827,-123.1207,91,82,80,84,78,82,89,91,71,77,90,79,83,61,57,74,77,74,87,90,87,86,89,94,90,88,85,85,86,90,84,93,77,80,79,88,91,89,89,78,76,79,86,84,87,80,90,80,76,72,66,70,69,85,85,68,78,86,88,87,78,80,92,88,69,78,72,77,74,69,79,75,71,54,31,38,53,65,64,66,69,71,77,76,83,73,81,92,93,79
Grand Princess,Canada,37.6489,-122.6655,78,88,79,80,81,72,72,78,80,78,79,77,74,78,71,74,76,71,72,69,78,87,84,84,90,93,88,87,87,81,90,86,89,69,55,46,71,82,85,77,46,57,65,78,83,80,81,84,77,70,80,77,71,81,83,78,72,73,76,82,75,60,50,77,79,88,83,81,73,71,71,83,84,83,81,70,73,72,72,73,73,75,79,78,73,67,66,70,80,84
Manitoba,Canada,53.7609,-98.8139,82,79,76,83,80,71,64,54,54,68,56,56,70,72,63,53,48,62,66,55,63,79,70,65,77,80,80,77,78,79,81,83,79,75,56,61,59,51,61,72,77,74,65,45,51,64,52,56,61,52,53,64,71,76,82,71,65,62,69,75,85,77,76,77,81,81,81,64,61,63,60,81,79,64,59,62,68,54,52,53,53,62,75,72,76,71,78,76,78,56
New Brunswick,Canada,46.5653,-66.4619,84,81,76,86,81,75,67,74,79,60,69,92,79,75,81,81,80,53,54,74,64,56,73,77,76,85,92,83,73,64,59,59,68,75,75,71,60,71,80,64,60,83,86,77,74,53,55,74,71,56,71,51,49,65,77,82,76,77,84,71,70,71,75,90,91,67,61,60,61,74,84,77,67,85,71,62,60,79,61,66,95,59,50,54,83,70,74,80,61,62
Newfoundland and Labrador,Canada,53.1355,-57.6604,61,78,91,84,80,75,61,51,70,60,56,72,56,52,56,60,55,50,51,56,59,55,66,76,56,62,74,76,75,74,66,66,66,77,81,73,67,59,63,62,56,69,73,77,66,52,52,69,68,57,78,54,55,71,74,71,82,68,62,75,83,81,75,80,83,85,70,70,66,51,55,72,77,73,82,73,57,67,77,60,76,81,64,62,77,81,79,90,89,79
Nova Scotia,Canada,44.682,-63.7443,85,88,73,87,88,89,70,83,90,74,81,96,93,79,88,88,83,70,68,88,79,70,72,84,84,85,95,90,81,72,66,61,85,81,72,74,66,76,95,69,61,87,88,84,92,69,66,83,83,65,78,56,52,71,78,89,93,89,88,75,81,83,76,93,87,62,51,68,61,73,90,87,72,86,68,52,56,77,66,65,97,59,37,55,89,71,86,84,62,60
Ontario,Canada,51.2538,-85.3232,75,69,82,77,77,74,74,73,56,65,72,57,57,61,77,64,57,57,73,65,64,71,78,74,78,87,85,82,76,76,74,83,87,87,80,64,65,55,51,56,74,75,78,55,52,56,76,62,65,71,56,55,65,72,80,76,74,65,65,56,57,77,79,84,79,71,66,66,59,66,68,72,85,86,65,65,78,65,66,75,61,53,62,80,80,80,66,71,77,76
Prince Edward Island,Canada,46.5107,-63.4168,74,78,70,80,79,78,67,71,75,66,71,84,78,67,72,77,73,68,63,75,69,59,64,76,72,75,86,83,80,69,66,61,73,81,71,73,65,70,82,70,62,80,80,80,73,57,59,76,72,65,74,51,53,65,73,81,80,82,80,69,71,84,73,85,87,74,62,70,67,68,76,80,69,76,72,63,72,74,67,63,86,59,52,60,80,77,77,82,64,65
Quebec,Canada,52.9399,-73.5491,79,86,88,87,82,80,74,72,70,54,73,67,61,61,64,72,63,54,59,66,67,73,82,76,68,73,87,69,61,67,69,75,80,84,86,76,64,68,60,57,68,72,78,72,56,53,68,71,60,73,63,59,73,82,75,81,78,67,62,74,77,76,78,79,79,75,72,69,62,57,64,71,68,74,78,68,67,78,68,70,78,65,65,73,85,81,82,75,80,86
Saskatchewan,Canada,52.9399,-106.4509,80,91,87,84,84,72,68,56,67,65,56,67,69,56,53,57,51,63,65,63,67,79,89,92,84,92,90,88,91,90,84,75,85,70,69,72,77,72,82,84,78,81,75,54,57,82,64,76,67,59,59,72,73,80,73,76,77,81,83,83,86,76,84,84,87,86,86,78,69,72,78,83,74,65,68,73,71,72,65,67,71,80,79,84,79,81,81,76,78,81
,Central African Republic,6.6111,20.9394,15,16,19,21,23,25,26,23,18,18,14,12,10,13,17,18,16,14,15,15,10,10,9,9,10,13,18,14,10,12,10,13,17,19,17,21,25,17,17,14,15,13,13,16,14,14,14,26,44,54,42,17,13,11,10,24,18,16,13,14,14,33,43,20,23,27,45,50,46,46,44,45,48,19,28,34,21,45,54,44,63,63,54,59,66,60,60,56,70,67
,Chad,15.4542,18.7322,16,12,21,20,15,10,8,11,13,9,7,5,6,5,8,17,18,28,17,13,8,10,8,8,8,8,6,5,3,6,5,7,6,7,5,6,7,5,12,7,5,11,7,5,3,5,6,11,12,14,9,9,6,7,11,10,7,5,5,4,3,4,5,5,4,4,4,4,5,7,5,6,16,11,6,6,4,3,5,4,4,5,6,7,5,8,7,8,6,7
,Chile,-35.6751,-71.543,47,47,66,57,56,55,55,53,64,61,54,52,50,57,62,45,38,41,47,53,56,42,53,70,49,35,54,42,57,50,38,36,56,54,52,62,56,55,50,39,39,54,61,60,48,42,59,62,66,42,49,42,56,69,71,67,50,41,46,54,53,67,72,65,50,46,48,65,49,39,40,54,53,69,52,49,53,60,56,54,49,77,72,67,64,62,60,79,74,65
Anhui,China,31.8257,117.2264,74,85,89,91,92,95,90,77,88,92,90,78,77,69,85,95,82,75,71,65,84,91,90,85,82,95,86,75,74,69,65,61,56,65,72,74,87,91,82,73,73,82,83,89,95,90,66,56,54,59,61,71,56,60,65,82,75,71,92,87,83,65,70,64,54,77,80,85,96,79,67,73,85,69,52,57,59,60,42,53,76,75,54,62,82,99,72,78,93,85
Beijing,China,40.1824,116.4142,24,37,42,42,61,75,34,30,44,44,37,40,27,30,34,32,36,48,27,25,33,38,43,43,49,48,51,51,50,43,37,20,50,28,30,52,70,62,47,53,48,54,59,67,73,28,24,31,44,54,69,43,22,31,41,39,42,42,43,69,40,35,33,18,27,50,49,80,65,16,21,19,9,12,20,40,21,16,6,15,19,20,14,28,46,41,10,11,23,41
Chongqing,China,30.0572,107.874,66,74,67,74,80,88,76,80,75,79,78,74,71,67,69,76,71,72,80,72,70,77,83,83,85,79,70,70,70,67,68,79,85,84,73,76,90,78,73,71,78,76,72,76,84,90,78,64,65,72,77,82,79,76,85,84,85,77,94,81,72,81,88,82,72,79,77,80,90,72,74,71,81,79,74,66,79,69,57,56,69,81,82,77,81,72,90,86,85,79
Fujian,China,26.0789,117.9874,88,84,86,88,85,83,84,69,76,80,90,82,80,80,84,92,86,82,88,82,85,84,83,91,95,100,85,80,76,70,64,63,87,100,100,93,94,95,88,82,77,80,97,99,99,98,94,68,63,71,67,76,78,68,70,75,72,76,76,77,88,88,88,100,89,90,96,96,99,88,88,100,98,88,71,74,90,100,100,99,91,86,96,95,86,90,92,92,93,100
Gansu,China,37.8099,101.0583,46,34,44,48,59,65,52,46,63,66,44,43,40,46,63,51,50,50,45,45,41,33,41,47,50,49,45,46,41,42,49,62,48,33,35,36,37,37,41,40,36,33,34,40,53,35,34,42,38,42,53,43,39,36,45,36,51,66,44,60,73,59,51,46,47,37,38,63,54,34,40,65,46,37,54,64,54,53,50,56,65,61,57,46,45,57,57,64,70,71
Guangdong,China,23.3417,113.4244,66,81,78,72,72,76,80,59,71,75,74,56,61,66,68,79,67,67,75,65,74,81,83,79,79,84,69,62,55,42,35,46,64,83,93,89,82,88,73,69,73,91,87,92,98,97,76,52,47,61,68,67,69,72,73,82,74,73,77,75,77,70,77,93,78,79,91,91,93,73,70,98,98,71,56,67,85,93,97,93,91,80,80,79,78,85,85,86,90,97
Guangxi,China,23.8298,108.7881,74,85,81,77,73,78,78,76,80,83,75,68,72,85,87,80,80,82,74,82,94,93,89,84,88,77,73,66,57,51,53,67,88,92,88,92,98,87,89,81,82,92,96,97,95,92,71,55,51,66,83,86,78,75,76,81,83,79,84,85,93,91,97,92,84,98,94,90,85,67,72,94,93,69,70,93,96,91,88,94,92,85,89,88,95,93,90,86,95,87
Guizhou,China,26.8154,106.8748,88,87,89,95,93,90,79,95,84,82,81,78,95,93,91,86,85,84,82,92,88,87,88,95,98,87,87,84,79,73,70,90,96,96,91,96,92,94,96,89,91,98,91,85,80,97,86,81,67,71,91,87,95,90,77,84,89,82,93,95,100,100,97,93,87,96,95,78,82,91,91,90,93,83,79,98,97,89,71,76,63,72,93,86,76,75,93,92,96,86
Hainan,China,19.1959,109.7453,100,96,93,97,91,87,85,87,87,88,88,100,89,87,82,80,93,89,94,93,85,84,82,85,80,100,100,100,95,84,84,87,88,86,85,95,87,88,99,97,96,95,88,95,86,84,99,93,87,93,94,94,85,86,85,84,88,85,97,90,85,86,83,88,100,96,84,74,66,98,96,84,80,100,100,98,93,88,91,91,79,77,81,86,84,87,82,80,85,89
Hebei,China,39.549,116.1306,21,26,39,42,66,80,36,36,53,56,36,46,31,35,42,37,43,56,30,23,40,43,45,47,53,53,53,54,56,47,45,21,54,31,30,60,63,67,55,55,51,56,59,67,85,36,28,34,49,63,73,51,24,32,44,38,43,41,48,74,43,36,31,18,31,54,53,77,72,22,26,22,13,12,22,45,23,14,7,18,23,26,19,32,50,42,14,13,28,45
Heilongjiang,China,47.862,127.7615,56,59,60,62,65,70,76,66,62,66,68,64,63,56,57,54,60,57,70,64,66,60,59,48,51,62,63,66,57,61,57,67,64,57,55,56,57,57,59,70,70,77,84,63,52,56,54,55,69,67,65,65,65,71,75,68,65,72,71,71,74,75,70,63,72,69,80,85,66,68,66,68,57,73,65,67,70,88,72,74,72,61,53,62,63,68,51,43,49,59
Henan,China,33.882,113.614,33,55,55,63,89,88,84,76,69,60,74,82,70,63,59,67,69,62,38,47,62,69,73,77,70,76,63,61,59,59,59,64,50,54,61,76,86,77,70,56,59,67,79,81,70,55,27,27,36,48,61,39,35,56,73,70,79,83,80,78,65,60,57,49,56,69,63,75,83,44,52,61,40,41,21,38,35,31,18,33,54,35,46,55,86,86,40,48,85,71
Hong Kong,China,22.3,114.2,79,79,81,81,82,85,87,74,82,85,81,62,77,77,84,86,64,67,75,71,84,87,89,91,89,81,62,59,48,35,42,67,77,80,77,82,82,82,71,68,72,87,90,93,97,98,77,49,48,66,72,75,75,75,82,87,87,86,83,85,84,84,84,82,80,84,90,93,95,70,77,95,93,79,69,76,85,91,92,94,95,89,88,86,88,91,91,84,91,95
Hubei,China,30.9756,112.2707,47,56,64,63,86,86,80,85,86,88,77,77,76,65,74,66,72,72,66,64,73,80,83,90,84,74,74,72,66,56,59,62,65,55,64,68,82,72,71,68,71,87,86,88,74,74,59,49,49,56,66,54,65,72,72,70,75,86,82,80,70,85,74,66,67,83,78,93,85,62,61,77,61,52,49,54,55,61,43,50,71,62,67,79,88,92,77,80,90,78
Hunan,China,27.6104,111.7088,85,88,85,84,86,88,83,83,86,89,87,83,82,83,91,82,81,84,73,76,87,96,94,94,91,84,80,77,72,65,64,75,95,88,83,88,95,87,88,79,84,94,93,95,95,88,68,64,63,70,76,90,87,84,77,80,92,91,89,96,86,91,94,87,91,96,98,97,96,74,83,95,92,63,55,76,95,80,74,68,81,92,86,93,89,85,95,86,95,90
Inner Mongolia,China,44.0935,113.9448,53,54,59,59,60,69,55,54,49,59,57,56,54,51,51,47,59,64,56,53,63,63,50,50,55,62,66,69,67,67,65,59,59,50,46,42,51,56,57,61,56,41,50,62,61,55,59,63,65,68,66,64,59,57,66,69,65,63,51,62,63,62,56,56,43,60,56,61,56,48,45,42,37,54,62,44,47,42,34,35,46,37,28,27,32,15,16,15,27,16
Jiangsu,China,32.9711,119.455,69,86,86,72,88,98,95,68,79,88,73,74,78,75,71,94,73,70,73,66,80,92,80,78,73,91,85,78,70,63,55,59,56,66,71,76,73,81,76,75,67,91,87,87,95,90,55,52,50,61,72,79,59,63,76,87,77,69,92,87,88,67,72,60,59,71,79,76,99,78,68,77,85,74,59,65,64,64,44,61,71,65,59,53,70,99,62,56,73,81
Jiangxi,China,27.614,115.7221,76,80,87,87,84,77,73,71,79,87,88,80,75,74,94,89,81,86,79,72,78,86,93,95,95,92,82,81,71,66,63,62,77,88,83,78,96,85,82,77,79,94,92,93,88,95,71,57,56,61,66,74,79,74,71,67,76,79,80,85,85,83,95,93,85,94,98,96,98,79,76,99,95,73,55,62,97,83,77,72,84,88,94,95,81,80,97,85,96,92
Jilin,China,43.6661,126.1923,64,67,74,77,75,76,82,77,78,76,73,73,67,61,63,62,67,65,82,74,67,84,75,53,52,67,63,73,78,72,71,74,67,64,63,62,57,72,68,73,75,80,87,94,76,70,72,70,70,75,66,91,83,72,76,80,80,73,83,79,81,81,81,87,78,81,93,91,89,80,66,49,36,56,69,59,80,57,85,67,51,44,45,42,45,56,33,28,24,27
Liaoning,China,41.2956,122.6085,56,56,63,66,70,81,65,67,59,56,57,56,47,50,49,45,55,56,53,48,47,70,59,38,42,54,55,55,57,55,49,50,52,48,35,28,41,56,55,59,65,65,77,72,61,67,56,55,66,64,65,91,56,56,64,48,48,40,54,62,51,43,70,60,53,55,88,84,86,50,37,33,28,41,28,34,43,34,35,33,23,31,36,27,27,66,23,16,24,27
Macau,China,22.1667,113.55,79,78,80,82,80,83,86,76,80,84,81,63,71,77,81,84,69,67,76,73,80,85,89,90,86,82,68,65,56,42,46,68,79,83,84,84,82,83,75,70,73,87,91,94,95,97,78,54,49,69,75,77,79,76,81,86,88,87,83,84,86,86,84,85,84,83,91,95,93,72,75,94,94,78,68,79,85,89,93,92,95,93,90,87,87,92,93,89,91,93
Ningxia,China,37.2692,106.1655,56,52,44,54,59,73,57,56,68,73,65,69,61,63,69,57,61,57,46,45,56,47,50,68,61,65,68,62,46,28,24,47,39,32,27,48,46,50,31,24,28,36,18,28,30,33,22,22,25,26,30,28,28,39,25,20,47,60,42,30,24,24,18,18,41,23,28,39,22,21,18,18,34,20,11,14,10,10,12,10,17,20,41,49,44,51,33,47,39,46
Qinghai,China,35.7452,95.9956,37,43,41,56,59,48,47,51,49,52,42,43,47,42,39,35,46,53,49,45,35,39,47,42,37,45,54,46,36,53,56,52,40,35,34,41,42,42,51,45,42,41,45,42,35,28,41,37,32,34,50,37,42,50,49,45,61,51,35,44,56,65,56,44,60,45,57,60,57,50,44,43,42,48,63,49,54,45,49,65,56,49,50,56,48,49,49,56,64,53
Shaanxi,China,35.1917,108.8701,54,61,63,65,84,72,73,68,80,68,64,69,55,56,76,77,64,63,40,44,55,64,62,56,80,78,73,57,46,43,39,63,41,44,49,69,76,69,53,32,28,37,47,46,26,23,20,28,31,28,51,36,35,42,51,33,75,91,75,59,37,76,41,46,67,59,46,66,37,25,28,30,28,18,16,43,17,11,16,23,31,34,55,62,70,59,59,69,79,69
Shandong,China,36.3427,118.1498,44,60,65,62,83,99,95,66,56,66,77,76,86,63,63,63,74,79,65,56,68,77,80,67,52,66,64,62,83,64,60,65,74,59,80,50,69,83,78,74,60,73,73,76,97,77,54,52,45,53,54,63,32,38,90,98,74,42,88,85,85,50,50,36,43,57,77,76,88,62,45,53,38,45,25,44,38,24,11,22,52,28,30,31,59,95,32,20,39,52
Shanghai,China,31.202,121.4491,61,78,90,82,73,82,81,61,77,84,87,63,64,65,73,86,73,61,60,65,73,92,89,85,89,91,86,69,57,54,42,44,59,67,57,65,71,78,69,62,56,91,83,88,92,90,51,32,41,61,68,67,56,53,65,70,76,68,77,83,84,66,61,55,48,68,78,74,96,73,63,72,89,51,42,48,51,56,45,51,56,72,45,49,67,89,77,81,73,96
Shanxi,China,37.5777,112.2922,28,44,55,50,73,72,73,69,67,69,68,63,59,55,56,65,66,56,48,57,60,65,61,63,66,61,67,62,56,46,43,48,49,35,45,52,60,65,54,37,30,30,36,46,25,20,18,24,27,27,39,28,22,36,66,62,59,81,72,55,21,33,16,22,44,46,26,49,46,14,18,21,27,16,17,15,10,8,8,12,13,18,20,60,59,71,39,41,39,46
Sichuan,China,30.6171,102.7103,31,32,53,66,56,62,30,54,52,65,39,17,33,62,50,56,69,65,62,63,56,49,74,77,74,57,66,66,57,70,68,66,73,64,47,71,73,70,71,68,68,50,33,25,52,73,60,66,66,53,67,65,62,61,46,65,65,79,80,55,87,79,78,77,72,66,70,66,84,72,75,76,82,73,72,81,71,66,56,60,67,88,71,80,65,75,85,83,84,81
Tianjin,China,39.3054,117.323,21,32,40,50,70,83,43,27,51,48,37,43,27,28,40,44,50,65,28,25,44,56,51,46,56,56,57,56,57,37,43,33,68,36,44,60,69,67,52,56,50,57,67,75,79,45,38,41,50,68,76,57,27,33,56,36,47,41,54,77,50,35,40,20,28,54,70,77,84,42,27,42,27,15,27,43,31,13,8,17,30,34,31,33,45,49,11,9,21,39
Tibet,China,31.6927,88.0924,23,36,39,41,39,33,39,36,36,32,28,31,28,25,25,26,47,41,35,35,36,32,30,28,26,35,31,35,33,32,32,28,37,26,25,28,30,28,33,32,25,25,27,27,24,25,20,26,22,20,39,41,42,36,36,33,40,28,25,33,36,38,37,39,28,30,32,26,23,23,27,26,25,30,34,34,25,27,34,33,36,30,33,26,32,31,31,26,20,23
Xinjiang,China,41.1129,85.2401,43,52,50,51,56,56,56,54,54,55,57,59,56,57,64,59,73,74,64,59,59,54,63,64,64,62,56,53,50,55,53,54,52,48,51,54,52,49,46,44,42,38,37,39,20,22,28,40,42,48,41,33,28,28,34,39,39,33,26,35,38,35,30,27,33,31,35,28,23,25,19,20,17,14,18,27,13,10,11,12,18,22,19,24,18,17,15,21,14,22
Yunnan,China,24.974,101.487,75,77,76,94,97,80,75,72,59,63,54,49,64,56,52,49,54,38,41,42,47,39,33,45,72,73,62,61,69,74,67,66,53,52,47,36,37,50,61,82,81,51,46,47,56,66,77,75,79,73,59,59,74,75,71,64,56,75,74,62,46,42,52,65,53,54,50,41,43,44,36,37,39,39,35,35,42,44,28,32,42,40,45,47,41,39,43,48,38,27
Zhejiang,China,29.1832,120.0934,71,83,94,97,90,86,82,71,81,97,97,84,81,80,94,97,91,79,82,78,78,84,94,99,99,100,92,86,76,74,69,63,72,83,93,77,93,94,89,78,71,83,92,98,93,98,71,62,56,65,66,75,67,64,73,79,96,80,80,88,97,85,94,95,74,88,94,94,98,84,75,89,90,81,66,59,72,77,70,69,78,89,73,59,73,86,93,96,97,94
,Colombia,4.5709,-74.2973,99,97,93,86,85,84,81,81,65,68,57,67,72,70,74,74,71,75,73,76,84,96,96,92,92,95,98,95,93,90,89,76,77,84,74,60,49,47,61,87,89,73,61,64,70,79,80,75,69,64,75,84,87,95,99,99,97,100,95,91,88,89,89,93,85,72,78,84,95,90,94,93,96,96,99,99,96,91,91,90,92,90,81,86,91,92,95,91,93,82
,Congo (Brazzaville),-4.0383,21.7587,88,93,86,83,89,79,85,87,87,86,82,78,71,62,69,74,85,90,74,69,75,76,68,69,70,73,69,76,83,86,79,87,86,79,97,91,75,69,87,78,96,74,68,90,91,78,80,84,82,88,78,64,72,90,91,78,68,91,75,69,83,75,82,68,61,74,77,81,84,82,81,87,87,74,76,92,97,83,75,74,87,100,74,66,84,85,76,73,68,68
,Congo (Kinshasa),-4.0383,21.7587,88,93,86,83,90,79,85,87,87,86,82,77,72,62,69,74,85,90,74,69,75,76,68,69,70,73,69,76,83,86,79,87,86,79,97,91,75,69,87,78,96,74,68,90,91,78,80,84,82,88,78,64,72,90,91,78,68,91,75,69,83,75,82,68,61,74,77,81,84,82,81,87,87,74,76,92,97,83,75,74,87,100,74,66,84,85,76,73,68,68
,Costa Rica,9.7489,-83.7534,81,75,89,90,87,84,83,80,91,86,82,89,91,94,91,88,87,92,98,97,97,93,95,96,94,93,91,92,93,97,89,77,85,95,90,84,90,80,77,88,85,76,87,93,89,92,84,95,94,92,87,90,91,79,60,72,88,88,79,83,86,73,57,85,80,70,76,84,85,78,73,73,83,87,87,84,85,82,84,83,79,77,77,86,90,85,88,78,76,92
,Cote d'Ivoire,7.54,-5.5471,22,17,15,14,18,25,25,32,35,40,61,56,25,17,21,22,31,43,22,47,73,76,56,24,18,31,54,55,35,23,44,55,38,14,14,16,24,17,13,31,60,45,10,14,13,13,15,52,56,65,69,63,62,61,53,40,22,57,61,53,55,67,70,70,73,69,72,71,81,73,65,61,70,66,72,69,69,74,69,69,73,75,88,73,90,79,80,76,81,73
,Croatia,45.1,15.2,83,57,55,73,72,60,38,73,63,89,94,88,85,89,93,93,91,93,93,94,79,60,79,73,94,95,93,92,92,74,88,93,89,90,84,62,47,50,80,84,88,80,82,68,86,79,70,80,92,79,66,59,57,65,81,89,95,70,62,59,83,81,81,91,68,93,89,71,66,76,63,70,88,71,56,48,44,67,65,56,67,77,55,91,94,99,92,83,74,75
,Diamond Princess,0.0,0.0,80,82,82,71,67,73,82,78,79,82,83,79,80,82,82,86,88,86,86,83,87,86,85,84,83,82,83,83,83,85,83,82,83,83,83,82,83,81,83,82,82,81,83,79,79,86,84,81,79,82,85,84,86,85,83,82,82,85,86,86,85,83,82,83,82,84,88,83,84,82,82,83,88,85,84,83,83,84,81,80,79,80,85,85,80,74,77,81,76,80
,Cuba,22.0,-80.0,93,94,87,87,87,92,85,85,85,92,92,84,88,89,83,85,91,84,91,89,91,98,72,82,85,85,86,91,91,91,91,89,91,81,79,80,86,92,90,89,87,83,87,85,85,83,80,82,82,82,83,84,85,91,92,83,87,94,88,83,68,72,75,80,85,83,82,84,71,79,84,81,85,85,85,78,79,78,78,77,77,79,79,79,79,74,77,77,73,77
,Cyprus,35.1264,33.4299,77,84,85,78,72,80,83,87,73,65,67,70,72,81,77,72,90,75,78,68,51,53,61,44,52,69,78,82,78,76,51,59,65,69,78,79,71,66,55,47,56,80,95,94,77,68,69,59,72,78,68,84,82,77,82,65,67,80,81,73,62,72,79,74,69,71,66,74,71,67,65,62,93,84,83,81,73,55,59,55,59,60,70,68,71,71,79,71,61,62
,Czechia,49.8175,15.473,82,62,74,80,78,78,78,81,90,84,82,77,81,78,73,79,81,87,89,85,79,76,81,79,80,83,84,80,72,74,84,81,84,84,88,81,78,86,84,78,67,69,68,72,83,79,71,74,72,75,78,75,61,75,72,82,75,68,83,79,77,69,85,76,71,79,82,72,77,78,91,80,68,64,50,53,77,78,76,75,87,62,54,53,54,64,65,67,69,60
Faroe Islands,Denmark,61.8926,-6.9118,97,86,77,85,95,90,91,76,80,86,84,82,93,83,95,90,96,81,96,93,81,99,83,79,97,84,80,85,85,97,92,81,78,93,82,97,100,87,89,80,79,85,74,77,87,89,86,91,91,91,77,80,81,82,72,88,81,86,81,96,95,85,84,78,84,89,95,98,93,98,83,87,81,83,79,87,73,80,87,72,83,83,92,95,81,84,79,68,81,91
Greenland,Denmark,71.7069,-42.6043,-1000,-1000,-1000,-1000,-1000,-1000,-1000,-1000,-1000,-1000,-1000,-1000,-1000,-1000,-1000,-1000,-1000,-1000,-1000,-1000,-1000,-1000,-1000,-1000,-1000,50,51,50,53,59,56,49,59,56,54,45,57,64,55,56,54,55,56,57,48,41,51,52,61,57,52,52,43,28,35,37,25,35,35,28,36,54,62,56,55,51,54,61,46,56,59,51,45,44,36,28,36,49,42,55,62,50,41,48,44,57,48,47,73,77
,Denmark,56.2639,9.5018,87,88,83,73,88,90,89,85,90,89,86,90,88,86,87,84,87,86,78,87,88,82,92,91,89,87,90,87,81,90,89,90,79,91,83,79,88,89,87,86,78,82,82,84,86,91,88,83,85,87,90,81,83,79,83,90,87,83,85,90,83,86,88,88,88,90,84,90,90,92,82,81,81,72,81,84,87,89,78,67,60,65,57,53,48,57,56,70,46,65
,Djibouti,11.8251,42.5903,85,84,83,84,85,84,88,85,88,85,93,82,86,86,93,81,83,80,82,79,81,88,96,90,89,88,90,92,86,89,84,89,91,92,86,89,80,71,68,64,79,88,90,92,79,72,69,81,81,77,75,84,85,80,75,73,84,82,48,40,47,75,84,61,56,51,67,75,83,64,67,68,83,87,84,92,86,88,84,79,82,86,87,85,88,81,87,88,86,82
,Dominican Republic,18.7357,-70.1627,96,95,97,93,93,91,87,95,93,93,96,90,99,98,99,99,92,90,94,98,97,94,88,97,95,93,97,91,91,91,89,87,92,89,99,95,91,92,89,90,88,93,97,97,93,88,95,96,99,100,98,95,89,94,97,96,92,97,94,90,86,94,100,99,94,89,89,89,100,100,99,94,95,94,96,91,89,92,92,98,98,94,88,99,91,89,93,97,92,95
,Ecuador,-1.8312,-78.1834,86,87,88,88,74,73,72,72,69,62,81,81,87,81,84,84,83,87,88,90,83,74,80,79,86,86,85,73,69,76,80,79,83,85,86,85,70,69,77,79,87,80,70,78,78,83,89,84,82,81,80,76,78,87,87,88,84,86,88,87,85,86,90,84,86,89,90,82,81,85,85,81,83,83,83,84,87,88,86,85,77,75,75,77,77,75,73,78,82,81
,Egypt,26.0,30.0,57,51,70,56,65,57,56,57,61,68,68,56,54,39,40,50,75,66,64,61,64,65,64,65,51,45,34,32,48,54,48,60,52,52,62,54,34,43,47,57,60,60,47,41,37,37,50,67,61,56,48,46,48,44,69,63,48,35,23,35,43,38,35,22,6,31,46,31,17,30,32,51,54,44,59,43,39,41,36,33,36,30,13,26,30,16,17,43,24,15
,El Salvador,13.7942,-88.8965,79,76,78,81,73,63,66,68,65,63,63,66,62,63,61,60,64,63,67,65,62,60,61,73,76,71,77,80,79,76,76,76,73,63,63,72,74,76,77,73,61,61,62,60,62,56,57,55,57,57,60,60,56,52,61,71,76,75,68,56,55,57,67,69,68,64,57,59,60,59,60,56,54,66,71,61,61,64,64,62,63,67,65,57,64,69,70,67,71,73
,Equatorial Guinea,1.5,10.0,94,94,91,88,92,92,90,92,94,88,88,89,89,93,95,93,96,90,91,91,90,87,86,86,82,81,88,93,92,92,94,92,95,93,86,92,90,92,94,93,91,90,96,92,87,91,92,98,93,89,93,94,93,93,94,93,99,86,92,94,89,90,92,93,91,98,97,89,86,90,93,88,92,93,95,95,93,97,93,99,87,92,95,96,98,90,84,94,95,92
,Eritrea,15.1794,39.7823,72,70,67,69,79,80,78,80,84,84,76,63,63,59,61,61,54,57,64,70,70,67,66,67,63,61,61,66,72,78,75,82,82,82,76,76,76,71,69,81,71,64,59,62,63,51,48,60,74,74,80,70,68,79,69,73,68,65,71,72,77,67,78,82,70,59,56,75,76,70,60,42,37,71,61,60,68,76,71,67,66,68,69,64,35,33,43,43,70,57
,Estonia,58.5953,25.0136,81,87,87,80,72,92,91,89,85,91,80,87,88,86,89,86,85,85,88,83,83,73,80,91,79,88,93,87,89,92,90,91,90,82,69,77,64,64,90,87,87,86,88,86,84,86,88,86,84,88,88,85,88,86,78,84,92,85,85,83,90,89,92,91,93,87,86,87,82,89,94,90,83,65,68,86,84,92,78,76,56,59,64,71,66,62,57,61,48,56
,Eswatini,-26.5225,31.4659,78,77,75,73,71,74,65,64,76,96,84,75,83,85,71,78,73,85,92,85,72,78,86,81,80,65,69,72,72,80,65,68,73,66,65,72,76,89,87,96,100,98,82,75,73,71,74,72,75,83,84,94,81,82,72,74,73,75,98,87,79,85,79,76,73,76,79,74,70,72,78,78,75,76,82,92,77,79,75,75,82,78,77,74,71,65,73,82,73,81
,Ethiopia,9.145,40.4897,59,65,53,53,51,63,65,55,54,50,61,84,87,75,64,56,28,32,39,47,50,56,64,82,84,84,85,78,66,64,56,64,59,62,57,49,55,50,43,34,40,57,95,80,60,53,43,48,56,55,40,56,56,55,41,36,48,61,31,24,26,30,33,37,34,35,38,44,40,53,60,55,43,60,57,79,77,65,62,68,68,66,82,70,81,60,42,44,53,50
,Fiji,-17.7134,178.065,92,79,81,83,82,86,91,90,89,84,84,93,96,94,94,99,100,95,95,90,85,74,82,84,82,82,91,86,88,93,88,88,96,81,86,91,91,94,96,93,91,90,93,96,99,87,81,83,94,79,73,79,83,92,78,80,94,94,89,90,89,94,81,77,89,90,92,95,98,99,98,98,94,91,89,95,93,98,100,99,97,95,94,87,94,96,96,97,97,91
,Finland,64.0,26.0,89,83,85,78,75,87,94,91,73,84,83,85,84,83,92,90,86,93,90,86,70,72,82,83,80,77,71,80,83,80,79,79,86,77,77,78,70,82,91,87,91,85,84,90,82,83,88,85,88,80,67,85,89,85,78,77,75,72,72,73,82,79,74,73,87,81,83,83,87,91,91,94,78,61,78,74,71,77,79,64,70,57,65,65,66,76,81,65,53,60
French Guiana,France,3.9339,-53.1258,86,83,83,88,91,89,84,95,91,89,84,78,85,98,100,98,96,97,91,84,92,83,76,73,79,95,99,99,95,91,93,94,82,82,85,82,82,80,83,91,86,93,96,86,88,82,91,94,87,86,82,80,76,94,98,99,87,73,79,79,75,82,85,89,87,77,76,86,75,74,77,68,69,74,71,73,76,72,97,85,79,83,84,83,96,95,94,98,97,99
French Polynesia,France,-17.6797,149.4068,79,82,88,85,84,86,88,85,85,88,89,80,85,89,82,75,80,83,84,85,83,77,80,80,87,82,81,88,86,83,78,81,83,86,82,85,78,77,78,74,72,78,84,86,86,87,84,82,83,78,71,76,80,80,85,87,76,78,82,80,80,80,78,70,69,71,78,75,76,77,91,92,90,83,74,76,83,77,74,77,82,78,82,80,82,94,82,85,85,82
Guadeloupe,France,16.25,-61.5833,84,83,86,87,93,91,84,84,87,84,80,86,83,84,87,85,85,87,91,83,80,91,88,86,91,86,85,80,83,84,86,83,84,86,83,83,86,82,83,84,86,83,84,83,84,87,89,87,86,84,84,81,81,85,81,90,89,89,82,84,85,84,81,84,83,79,82,85,76,78,82,80,84,81,84,87,77,81,84,83,85,86,93,93,91,85,83,84,88,83
Mayotte,France,-12.8275,45.1662,96,95,93,93,92,92,95,95,92,90,88,89,96,96,93,94,99,99,97,98,97,99,100,100,98,93,91,95,95,96,98,94,93,95,92,89,91,90,90,87,85,87,86,90,91,90,91,92,90,92,93,91,94,96,96,99,95,96,95,96,94,95,95,87,89,92,95,94,95,91,90,92,95,95,95,90,89,82,84,78,87,89,88,89,86,90,86,90,94,92
New Caledonia,France,-20.9043,165.618,76,75,74,77,79,82,83,79,82,91,91,91,86,90,90,88,83,87,83,79,72,71,83,78,84,87,83,85,81,76,80,86,86,87,83,83,89,85,90,92,93,95,94,92,88,89,82,83,85,81,76,76,77,79,76,79,85,85,87,91,92,94,86,82,83,86,84,83,80,82,83,80,83,92,88,79,84,83,79,72,76,77,80,73,76,79,82,78,81,78
Reunion,France,-21.1351,55.2471,82,84,78,83,83,81,82,77,71,69,77,79,75,74,75,78,79,77,75,76,85,87,84,88,85,77,71,65,64,70,74,77,77,77,73,76,76,74,73,75,77,84,78,71,73,79,78,74,77,76,74,74,74,68,69,73,78,83,79,82,81,83,86,89,88,86,85,79,78,78,84,87,89,87,79,77,82,77,68,63,70,74,78,82,82,78,77,79,77,82
Saint Barthelemy,France,17.9,-62.8333,93,90,90,87,88,82,84,86,88,88,83,85,86,85,88,86,86,85,87,93,92,88,85,93,91,90,90,89,86,86,86,87,87,83,84,87,90,88,87,84,87,87,86,88,86,87,91,91,91,85,85,82,83,85,80,79,86,90,85,87,90,85,81,82,86,85,87,87,78,78,81,84,88,88,86,82,85,85,87,86,87,88,90,88,89,81,87,87,87,85
St Martin,France,18.0708,-63.0501,98,96,96,92,93,88,88,93,94,94,89,90,92,90,94,93,92,91,93,97,98,94,92,99,97,95,97,95,95,93,93,93,94,89,89,93,96,94,93,89,93,92,93,95,91,94,98,95,97,92,91,87,89,91,86,87,93,94,91,93,97,93,87,87,91,92,93,93,84,85,87,91,94,94,92,87,92,92,94,91,91,94,96,93,93,86,92,93,93,90
Martinique,France,14.6415,-61.0242,85,85,87,89,86,93,85,84,84,85,84,88,85,86,87,87,84,87,91,81,83,86,94,88,87,89,82,84,83,90,87,85,87,84,85,84,82,83,83,88,87,83,86,86,83,86,83,87,91,86,88,81,81,80,88,93,85,89,82,84,84,82,80,86,82,79,82,79,80,76,84,84,87,86,89,83,82,83,83,83,86,87,89,82,85,85,82,84,86,85
,France,46.2276,2.2137,85,81,81,83,80,70,88,88,76,82,81,75,70,45,62,71,73,75,74,64,63,59,63,78,80,84,79,86,89,92,93,85,91,79,83,81,60,72,74,71,75,77,78,78,79,68,50,78,79,82,77,72,69,66,71,81,80,88,82,69,79,88,92,91,93,90,89,84,82,86,82,82,66,73,67,80,77,74,70,65,79,80,75,56,52,55,64,68,75,61
,Gabon,-0.8037,11.6094,87,91,92,88,93,85,88,90,93,92,83,85,83,87,91,94,93,88,84,88,89,86,86,87,80,83,84,86,92,91,92,91,93,95,86,86,93,93,93,93,87,93,85,92,83,83,90,90,91,92,80,94,94,93,91,86,98,87,92,95,90,87,89,91,88,93,99,82,85,91,92,90,87,91,92,92,91,91,94,98,92,85,95,87,95,93,81,84,87,90
,Gambia,13.4432,-15.3101,7,8,8,8,8,10,11,10,8,8,9,9,8,11,8,5,4,7,8,13,14,14,17,21,17,11,7,9,23,7,6,6,34,42,22,4,4,5,4,6,7,8,16,13,6,7,7,8,5,11,12,8,20,28,17,12,6,7,7,4,3,3,4,6,5,10,18,36,28,30,28,6,6,7,14,19,23,30,30,18,13,13,22,30,15,19,34,24,19,17
,Georgia,42.3154,43.3569,82,78,56,51,59,52,45,52,75,79,74,76,75,60,62,53,52,55,51,49,63,72,74,63,56,53,61,52,64,68,74,75,74,78,82,64,63,78,74,48,46,46,57,77,74,49,51,59,59,57,72,69,67,83,66,75,57,49,59,66,82,72,59,49,39,42,48,43,37,27,42,69,57,74,74,81,78,73,72,78,75,63,56,56,62,57,39,40,60,90
,Germany,51.0,9.0,88,88,92,87,91,89,91,93,96,88,86,90,90,82,75,90,89,84,85,83,82,77,85,77,76,89,94,85,84,85,87,90,88,84,85,77,84,82,83,81,83,76,76,87,87,89,73,78,80,81,87,76,70,88,88,85,86,89,83,87,82,85,82,87,92,92,83,81,82,92,95,77,73,83,72,76,78,79,77,88,75,57,48,48,48,57,65,65,74,61
,Ghana,7.9465,-1.0232,13,10,9,11,17,24,28,28,28,36,62,56,40,17,15,17,22,28,22,31,48,42,31,14,11,11,13,28,19,8,24,22,10,6,7,12,16,10,9,18,42,25,8,9,11,8,8,32,50,46,50,45,40,43,32,12,15,44,41,33,32,56,60,64,56,55,56,53,61,63,57,49,56,64,56,52,53,56,60,69,65,64,70,80,77,64,65,65,66,72
,Greece,39.0742,21.8243,42,54,32,31,71,60,48,35,27,28,49,78,85,79,74,60,68,70,73,75,52,23,31,70,80,75,87,80,84,73,64,74,78,77,77,78,75,50,56,59,74,81,84,78,90,93,84,68,44,65,88,76,69,45,47,54,73,75,74,47,54,72,51,73,71,76,70,76,84,77,74,61,53,59,86,77,45,41,53,40,43,72,98,81,95,97,98,89,86,77
,Guatemala,15.7835,-90.2308,95,84,79,77,97,94,87,91,97,91,90,86,94,95,95,89,92,97,97,92,95,97,91,84,82,87,81,80,80,86,92,87,98,91,83,84,78,72,92,89,80,84,82,79,78,92,93,86,81,82,85,84,83,97,92,81,75,83,98,94,91,82,79,76,70,75,99,96,96,95,89,85,77,77,79,80,82,78,80,78,77,81,83,77,73,72,71,74,76,76
,Guinea,9.9456,-9.6966,13,15,15,14,15,18,22,26,31,23,19,24,18,16,21,24,20,19,18,21,35,45,31,13,10,11,13,12,11,8,8,9,19,10,8,9,10,11,9,8,12,20,9,11,9,8,9,13,27,30,37,45,44,38,26,20,11,20,26,25,14,25,17,25,24,33,41,45,50,48,41,18,20,15,23,27,40,46,47,40,45,57,73,61,63,64,74,62,70,52
,Guyana,5.0,-58.75,89,81,80,80,83,74,75,91,94,86,85,90,84,84,95,94,90,93,86,87,85,89,86,80,79,87,85,93,87,91,88,97,83,77,77,81,78,79,78,71,88,78,89,87,86,78,78,80,81,79,77,75,79,69,84,84,84,74,74,79,79,72,73,67,67,82,77,76,81,76,74,75,72,79,84,84,82,82,92,88,94,93,83,82,84,84,80,79,95,97
,Haiti,18.9712,-72.2852,87,83,77,77,77,77,73,75,78,72,72,69,70,70,73,72,74,70,74,74,70,77,82,85,76,77,78,77,77,75,78,74,73,80,84,81,76,72,67,69,72,70,73,70,69,67,78,77,80,72,73,71,81,80,82,78,76,72,80,72,78,89,80,85,74,69,76,81,87,80,81,81,83,80,78,71,70,70,73,75,76,72,67,76,81,73,75,76,69,74
,Holy See,41.9029,12.4534,61,66,71,79,63,53,51,64,71,76,74,72,74,72,71,75,75,84,80,61,63,72,75,76,84,82,81,83,78,75,78,86,86,84,73,38,28,40,50,67,83,82,70,75,69,57,67,72,80,84,63,65,69,79,81,78,70,52,52,57,77,86,74,72,65,81,77,57,63,63,68,77,82,86,72,62,69,70,63,64,65,70,45,36,48,83,77,79,79,78
,Honduras,15.2,-86.2419,87,88,77,77,81,97,97,93,94,94,90,89,85,87,90,86,94,91,92,93,96,99,98,89,88,86,80,81,81,86,87,74,84,97,95,82,81,73,78,80,82,81,79,75,75,80,85,79,81,76,77,85,88,90,90,72,71,75,94,100,100,94,87,77,74,73,85,88,93,96,96,90,90,80,79,80,85,81,83,78,75,85,88,83,75,74,73,69,70,68
,Hungary,47.1625,19.5033,78,81,83,79,60,60,63,68,81,77,80,81,80,77,73,76,79,75,81,81,81,76,73,72,76,77,73,88,83,78,80,78,72,68,75,56,56,71,46,53,70,69,62,68,76,80,76,74,70,62,63,64,63,62,55,62,81,64,73,64,62,80,81,86,67,87,77,67,62,64,72,70,69,56,44,53,56,63,61,54,62,42,73,53,57,56,57,56,57,62
,Iceland,64.9631,-19.0208,84,82,80,75,83,86,80,78,77,80,79,71,79,81,91,80,88,81,85,79,81,86,80,78,79,81,77,76,91,93,93,83,78,76,84,92,87,86,80,84,87,87,79,74,77,81,86,85,83,83,87,83,82,81,83,84,74,72,74,81,77,73,83,80,76,79,70,78,74,80,81,79,83,81,67,81,86,81,75,80,84,80,83,80,83,82,83,80,91,88
,India,21.0,78.0,87,89,84,79,60,57,60,80,67,51,48,49,43,40,57,66,50,65,72,62,68,69,65,57,55,49,49,49,57,53,46,52,47,57,75,69,68,73,64,49,53,52,50,37,38,40,28,22,18,18,41,53,54,50,48,35,28,30,31,33,51,50,33,26,28,28,42,37,42,56,54,35,40,30,17,26,40,59,45,39,40,22,24,32,44,56,53,51,47,45
,Indonesia,-0.7893,113.9213,87,91,98,85,93,87,83,83,86,88,94,87,76,85,93,93,88,88,95,92,83,76,81,86,89,89,84,93,85,100,91,81,87,96,89,97,91,93,91,98,94,78,75,83,85,90,91,97,93,83,87,85,75,74,91,87,92,88,98,91,93,88,96,90,93,92,87,91,89,83,75,89,90,87,74,88,89,83,86,96,89,85,88,86,77,86,88,98,79,94
,Iran,32.0,53.0,47,37,35,59,45,40,41,36,39,55,73,55,37,63,57,50,48,40,42,54,56,55,46,21,31,49,45,40,31,32,35,31,28,30,19,21,27,28,41,27,18,15,20,12,16,28,25,27,37,32,37,40,26,31,24,25,24,50,34,12,17,17,25,42,31,19,14,17,13,9,4,3,6,9,40,35,32,37,39,20,21,46,42,56,51,46,49,54,56,39
,Iraq,33.0,44.0,63,59,51,60,62,59,54,52,54,59,62,49,62,62,53,46,39,59,66,65,74,86,73,67,73,64,69,66,56,60,55,38,56,56,52,45,41,45,48,44,22,36,34,24,39,28,39,67,67,63,69,61,45,56,53,93,67,60,56,52,50,51,48,47,42,32,46,50,38,32,25,23,18,63,78,64,52,61,53,50,65,69,51,38,39,50,45,65,59,37
,Ireland,53.1424,-7.6921,91,88,83,87,88,83,87,83,89,86,91,89,81,83,78,84,83,83,79,90,93,95,94,91,86,83,85,83,87,89,87,81,85,75,78,85,86,85,84,87,80,75,82,88,81,87,76,79,82,91,80,88,82,84,87,82,77,80,92,82,78,79,78,79,83,81,89,83,91,85,84,78,84,92,79,81,94,79,76,74,69,71,79,79,81,85,86,75,63,75
,Israel,31.0,35.0,75,77,56,68,53,50,53,63,73,80,79,74,82,76,63,51,70,88,72,79,79,84,78,75,62,71,65,66,85,77,71,76,80,81,84,77,55,75,68,80,77,73,67,66,66,56,82,76,66,84,87,69,70,70,79,84,77,69,55,69,80,77,62,43,32,73,83,62,41,78,61,48,85,97,88,78,75,76,70,66,86,75,59,50,74,52,52,77,55,30
,Italy,43.0,12.0,66,68,81,86,71,65,69,71,68,83,79,76,76,77,78,81,81,88,79,68,76,77,77,78,87,87,83,78,70,78,88,87,85,83,74,39,36,46,68,73,77,66,67,74,69,57,61,70,80,79,60,60,62,71,81,78,67,46,49,55,84,85,81,81,69,79,79,63,60,61,61,80,81,81,63,55,64,63,55,59,65,73,46,52,67,83,77,69,66,80
,Jamaica,18.1096,-77.2975,83,83,85,84,82,75,84,88,83,83,79,69,73,75,79,77,81,77,74,81,82,81,87,76,77,82,77,80,81,81,77,78,81,82,88,87,83,79,79,74,82,81,77,77,76,80,77,86,80,81,85,82,79,87,87,89,90,84,82,86,90,85,84,83,80,78,79,80,83,83,82,86,79,78,78,76,74,77,77,81,82,79,82,80,81,80,77,72,79,78
,Japan,36.0,138.0,54,62,62,63,62,63,77,84,65,75,60,70,62,56,68,54,64,68,59,60,56,53,91,75,65,68,75,85,84,72,62,57,54,60,54,56,44,39,62,53,50,56,45,83,73,61,84,68,51,53,62,65,82,51,47,73,90,65,53,71,77,72,61,68,57,54,63,87,72,95,63,51,52,85,67,56,49,66,64,57,42,69,57,44,51,47,70,95,90,81
,Jordan,31.24,36.51,55,66,66,70,59,41,56,66,73,79,76,73,77,74,54,22,61,79,72,73,80,77,75,74,59,55,44,41,79,69,71,73,75,53,75,61,46,63,66,77,75,72,65,63,64,42,59,68,65,74,78,61,67,64,69,83,76,61,47,61,73,70,59,31,19,44,74,62,35,40,43,44,72,86,78,66,72,71,65,62,73,72,45,41,57,47,48,62,56,31
,Kazakhstan,48.0196,66.9237,83,85,86,88,85,80,75,77,61,70,76,68,70,82,76,82,80,83,79,74,77,82,82,80,73,77,77,75,69,71,62,72,74,77,85,85,78,84,80,84,63,55,61,75,75,82,79,73,71,73,73,78,82,80,80,87,91,79,77,79,79,83,64,45,48,65,57,45,28,36,59,72,64,75,79,70,74,69,65,73,89,74,73,69,61,59,49,68,73,67
,Kenya,-0.0236,37.9062,76,86,85,88,80,86,91,90,86,85,83,83,89,90,86,83,75,66,69,74,65,66,75,83,92,95,95,95,94,93,86,93,87,92,85,86,83,78,77,73,66,63,72,84,79,85,83,83,84,88,79,81,85,83,74,67,83,87,80,72,77,82,82,82,72,63,78,83,85,86,83,83,82,88,81,84,86,88,87,89,83,75,70,85,81,85,94,91,81,86
,"Korea, South",36.0,128.0,56,66,67,55,47,72,94,81,70,55,63,63,59,45,53,38,35,39,62,57,35,52,81,60,76,76,90,85,80,74,75,68,63,60,46,38,24,35,59,53,57,46,92,81,66,73,76,63,56,56,60,54,60,45,28,92,86,80,84,78,76,59,62,60,49,40,68,68,70,93,55,35,51,40,48,44,56,42,51,36,46,48,36,50,59,73,90,53,63,60
,Kuwait,29.5,47.75,48,62,85,68,50,49,55,59,38,44,56,42,41,55,48,45,56,51,53,55,54,52,52,62,50,54,51,54,60,71,72,48,39,42,40,51,53,60,41,36,46,24,25,25,36,33,38,53,75,54,56,60,59,65,72,67,44,57,47,52,54,39,38,40,36,37,32,44,37,26,20,20,39,56,75,60,56,69,42,38,57,37,47,46,54,60,68,64,56,34
,Kyrgyzstan,41.2044,74.7661,63,55,56,62,56,50,60,59,54,56,61,65,71,62,63,61,62,42,36,46,51,59,56,47,56,69,63,59,49,48,44,42,48,50,57,56,59,55,50,50,59,73,68,73,66,60,62,56,77,62,53,47,54,74,76,75,67,78,83,79,70,67,68,75,74,73,70,71,63,60,61,61,57,55,53,52,59,68,70,63,65,63,56,85,87,71,63,69,46,40
,Latvia,56.8796,24.6032,77,85,85,81,76,90,91,89,87,94,86,86,88,87,86,83,85,82,86,83,86,76,77,87,82,89,91,85,91,92,92,93,91,85,73,73,71,56,89,83,85,87,90,85,89,81,83,72,75,88,85,82,87,86,78,88,87,89,85,84,85,89,90,90,86,76,83,85,78,88,90,86,85,71,70,69,80,86,71,80,59,51,52,60,60,53,56,56,59,53
,Lebanon,33.8547,35.8623,92,92,86,93,96,78,76,95,95,85,80,88,87,74,67,73,77,90,95,95,88,75,85,83,56,56,60,61,90,90,90,92,79,79,85,75,60,100,98,85,83,81,100,94,80,71,72,84,78,89,89,84,98,86,82,86,83,62,53,81,89,86,64,44,35,79,85,51,47,60,37,48,85,92,85,78,87,99,100,97,92,81,51,59,73,60,56,82,82,83
,Liberia,6.4281,-9.4295,57,57,36,28,42,55,67,68,67,71,82,71,62,54,54,62,69,67,68,77,82,86,74,57,61,67,73,78,70,70,67,72,74,64,62,63,70,64,65,70,75,81,53,40,60,64,63,69,74,76,84,87,79,77,85,71,71,77,85,74,73,77,85,81,86,86,85,82,86,93,84,82,82,89,93,87,89,90,85,85,90,87,93,91,86,85,92,85,87,83
,Liechtenstein,47.14,9.55,71,71,77,100,83,59,76,45,57,76,90,51,51,55,66,74,74,96,93,56,56,61,56,56,77,87,87,95,99,85,98,95,100,99,96,95,65,65,70,72,86,97,95,75,98,77,71,84,93,94,83,91,72,85,95,89,95,92,85,82,97,91,96,90,93,98,96,85,96,99,99,95,97,97,86,79,84,88,84,81,97,98,75,67,76,75,86,91,99,100
,Lithuania,55.1694,23.8813,77,82,74,82,75,87,87,86,89,94,87,83,90,83,77,77,82,82,87,85,89,80,76,90,82,87,84,84,87,90,93,94,86,81,79,69,76,55,83,73,81,86,89,83,82,76,77,67,77,80,81,80,83,79,78,90,84,82,80,80,81,85,87,86,78,71,88,91,81,85,82,79,77,68,59,53,78,77,68,76,61,47,50,53,54,53,54,56,62,46
,Luxembourg,49.8153,6.1296,88,89,91,85,88,88,90,92,93,89,86,90,90,75,74,88,85,82,79,79,77,69,79,73,84,88,92,85,85,88,91,90,89,88,83,79,82,78,84,82,83,82,85,87,85,83,71,85,81,80,85,78,78,87,88,86,83,89,82,89,87,90,86,87,95,90,78,83,85,93,92,86,80,80,76,80,80,82,78,78,87,60,45,41,42,50,66,66,64,53
,Madagascar,-18.7669,46.8691,96,99,99,93,82,79,90,94,90,80,71,77,82,86,78,85,98,96,99,100,100,100,100,96,94,93,97,91,89,93,84,72,74,71,79,75,67,80,75,73,73,66,62,74,87,96,98,97,89,96,98,98,96,98,98,94,94,87,88,82,79,88,92,88,84,76,86,92,80,81,82,79,73,75,82,82,87,90,93,90,96,88,78,77,82,85,86,88,87,72
,Malaysia,2.5,112.5,97,97,96,99,95,96,94,95,97,99,98,100,96,98,96,97,99,97,97,96,94,93,98,96,93,97,98,92,99,98,90,87,92,99,100,100,95,88,89,98,96,92,90,95,98,97,96,100,96,99,95,97,96,95,98,99,100,98,100,98,100,96,100,96,100,97,94,90,98,98,94,97,97,98,91,93,98,96,95,100,88,96,97,95,87,100,93,98,94,93
,Maldives,3.2028,73.2207,79,79,85,82,83,82,81,82,81,78,79,80,81,74,75,75,76,81,85,84,84,85,88,90,83,78,75,74,76,76,76,75,75,77,77,77,79,77,76,78,80,77,80,85,84,83,83,83,84,75,77,83,86,85,84,82,83,82,80,75,76,75,77,76,74,72,75,68,72,77,72,74,82,81,77,75,80,81,77,76,77,75,74,71,69,73,74,71,68,70
,Malta,35.9375,14.3754,65,67,70,81,74,51,62,73,68,67,76,83,85,88,86,80,80,77,72,78,83,77,80,87,92,89,82,88,87,84,92,92,92,95,89,57,62,61,67,71,81,81,88,84,87,71,76,76,83,87,79,68,78,71,90,90,87,71,82,86,89,86,81,82,76,93,81,80,78,89,75,84,92,87,94,83,83,72,78,80,85,95,92,95,98,78,74,75,80,94
,Mauritania,21.0079,10.9408,35,41,43,43,40,35,30,28,24,24,34,28,28,32,41,48,45,38,33,30,21,14,14,7,5,7,7,7,9,9,12,15,14,11,16,24,26,16,14,14,13,12,11,8,7,7,12,19,22,23,15,12,11,16,24,22,13,9,5,5,8,6,4,3,8,6,5,3,15,12,10,24,22,13,8,4,3,4,5,6,7,17,6,7,7,3,5,7,7,11
,Mauritius,-20.2,57.5,94,91,90,95,96,95,91,94,84,78,82,81,88,88,87,89,85,85,88,87,93,100,95,100,97,92,86,81,84,83,91,83,83,87,85,83,81,80,82,79,89,95,88,86,87,88,79,82,84,81,81,77,75,87,83,84,94,97,95,95,91,96,95,93,95,95,96,92,96,97,94,94,98,94,88,86,86,89,81,76,74,87,95,96,89,84,86,89,92,91
,Mexico,23.6345,-102.5528,61,73,63,55,46,36,31,37,47,46,41,31,37,40,52,50,62,74,70,77,74,66,59,49,42,78,71,56,47,40,43,52,42,60,78,63,49,22,30,30,30,55,49,37,28,50,57,45,36,35,35,43,62,55,45,37,28,32,45,28,41,33,33,34,36,27,64,53,62,62,61,57,43,40,34,51,62,48,37,35,37,56,49,35,22,25,22,28,18,46
,Moldova,47.4116,28.3699,79,79,72,75,84,77,71,68,69,76,79,80,78,76,80,81,81,73,68,68,68,53,65,62,56,66,70,79,83,66,70,80,76,73,78,89,57,63,56,55,64,75,60,57,59,79,70,63,72,68,61,75,73,61,64,56,50,79,62,65,57,68,61,64,77,78,63,80,90,78,67,64,68,63,46,39,39,60,55,63,72,78,56,39,35,40,39,39,42,52
,Monaco,43.7333,7.4167,59,71,74,62,57,70,78,53,56,59,62,52,71,70,79,77,78,75,53,40,37,50,68,63,75,82,74,63,50,60,77,80,74,82,43,32,44,44,65,65,60,39,42,55,56,65,72,85,72,66,56,67,68,76,81,71,34,40,48,65,77,82,66,54,69,75,54,50,65,50,77,89,88,86,71,60,60,57,60,74,71,68,65,52,42,39,55,65,70,83
,Mongolia,46.8625,103.8467,44,44,39,49,63,56,56,64,51,51,69,57,52,44,48,55,54,40,45,49,55,51,50,43,43,37,44,54,55,52,44,45,42,48,47,43,54,47,47,36,28,30,55,55,55,35,31,46,61,57,60,44,35,44,77,71,71,61,63,66,56,65,50,44,54,49,56,68,49,48,69,56,47,45,36,39,30,32,37,53,43,24,25,35,38,24,30,16,12,51
,Montenegro,42.5,19.3,57,48,44,48,56,47,41,39,51,54,62,66,73,76,60,48,59,64,79,62,53,49,46,53,89,93,89,92,88,66,66,82,84,88,93,64,47,59,64,66,87,95,86,68,87,67,60,59,64,72,63,55,52,55,68,70,96,82,85,66,75,95,97,89,76,88,90,86,81,69,71,73,73,76,69,69,71,60,57,61,59,61,57,68,69,72,81,78,70,64
,Morocco,31.7917,-7.0926,34,40,45,48,50,51,35,32,41,45,60,41,32,34,27,22,21,15,44,83,61,66,56,52,60,67,47,31,30,30,30,26,16,16,16,16,21,42,51,35,26,19,28,36,26,24,21,22,28,56,42,30,18,11,11,20,20,21,19,35,49,53,45,24,36,68,35,15,16,15,11,17,30,56,62,77,71,71,79,83,86,68,68,87,78,68,79,87,80,64
,Namibia,-22.9576,18.4904,51,56,45,51,41,56,68,39,23,21,46,57,48,37,36,30,35,40,21,12,11,12,19,21,21,11,10,9,6,27,24,22,19,20,31,46,56,42,18,21,22,47,51,53,44,49,52,62,80,74,74,73,74,93,86,83,81,79,78,80,92,88,73,62,54,40,43,35,34,34,25,24,25,21,28,49,59,65,56,56,55,54,51,56,47,30,28,42,64,81
,Nepal,28.1667,84.25,33,44,66,65,60,48,63,63,61,52,54,56,54,42,39,56,82,54,48,44,46,42,48,54,53,63,64,51,46,51,51,56,56,49,51,47,50,43,46,40,39,46,53,56,56,53,59,60,55,55,55,57,51,48,47,65,73,59,46,45,48,55,54,56,48,50,70,46,43,49,47,32,43,59,56,40,37,52,55,57,57,62,52,43,53,40,39,38,30,27
Aruba,Netherlands,12.5186,-70.0358,82,81,81,82,80,84,88,87,83,80,83,79,82,83,83,86,87,85,83,82,86,87,87,86,83,83,89,87,85,82,84,87,87,86,84,83,81,82,83,80,86,84,83,86,88,87,85,86,85,90,90,87,84,85,81,81,88,86,84,83,79,80,79,77,81,81,80,79,81,80,80,81,82,79,81,81,84,77,81,81,81,82,81,84,81,81,81,79,80,81
Curacao,Netherlands,12.1696,-68.99,86,85,84,86,86,92,92,91,87,86,86,83,86,87,87,89,90,89,87,86,89,89,89,88,86,88,91,90,88,87,89,91,90,89,87,85,84,85,85,84,89,87,86,89,91,89,88,88,89,94,93,89,85,84,83,86,90,86,85,85,82,82,81,80,84,84,82,82,85,82,85,84,84,84,86,85,89,81,83,84,86,85,87,87,85,85,84,83,85,84
Sint Maarten,Netherlands,18.0425,-63.0548,96,93,93,89,90,85,84,89,90,90,85,87,88,87,90,89,88,88,89,94,96,90,88,97,94,92,94,93,92,90,90,90,90,85,86,90,93,91,90,86,90,89,89,91,88,90,94,92,93,88,88,84,85,88,82,84,90,92,87,90,94,89,84,84,88,89,89,91,81,82,84,88,91,91,89,84,89,89,91,88,89,91,92,90,90,83,89,89,89,87
,Netherlands,52.1326,5.2913,89,90,90,88,89,84,89,94,95,89,84,84,86,86,78,85,81,79,77,83,84,93,88,82,80,88,91,87,83,85,86,83,85,84,83,83,86,78,84,83,80,73,66,88,87,80,80,80,78,82,86,77,71,85,89,81,87,91,85,86,77,91,83,81,90,89,79,86,84,94,89,72,78,82,82,78,73,66,86,70,62,54,45,41,40,46,56,65,53,71
,New Zealand,-40.9006,174.886,82,88,78,67,78,60,56,56,69,72,76,83,82,61,61,63,66,71,79,78,83,86,90,89,85,88,93,93,90,83,81,79,89,90,88,73,68,66,73,65,74,79,78,81,73,75,78,92,95,91,81,84,85,70,67,70,74,80,80,82,68,77,84,80,57,63,70,70,83,79,71,65,70,72,76,76,65,63,76,75,79,85,83,62,70,76,74,82,83,79
,Nicaragua,12.8654,-85.2072,86,92,88,86,85,87,94,87,81,91,91,95,92,92,95,92,95,96,90,90,84,83,81,84,86,82,81,84,85,87,82,85,82,78,84,86,86,80,82,83,86,91,87,83,84,84,81,87,83,86,83,78,83,80,78,74,81,76,79,79,91,82,87,77,75,73,81,77,84,91,88,88,79,72,81,80,78,81,80,82,82,83,86,84,81,81,83,84,79,74
,Niger,17.6078,8.0817,24,21,27,28,23,22,22,26,38,36,33,30,28,21,28,24,28,34,31,26,22,17,15,14,11,11,9,10,10,8,11,12,13,10,13,16,16,15,13,13,12,10,13,11,10,10,10,16,19,19,19,21,16,15,16,17,16,15,12,9,9,11,11,8,5,8,8,4,4,5,6,9,16,15,15,14,7,5,5,7,8,16,11,10,12,8,6,5,7,11
,Nigeria,9.082,8.6753,18,18,23,27,28,31,31,26,22,24,28,26,21,19,14,12,13,20,27,24,21,14,11,5,6,8,11,10,8,6,7,11,10,13,13,13,13,14,12,17,18,11,13,17,16,12,11,12,28,15,15,15,14,10,9,14,14,15,16,13,28,53,36,18,11,8,17,20,10,26,49,21,8,9,8,13,10,17,21,30,57,56,63,73,71,67,57,47,44,53
,North Macedonia,41.6086,21.7453,56,60,52,42,61,53,50,41,46,52,60,82,78,75,69,64,68,67,69,61,56,48,48,52,65,77,83,73,77,66,59,62,68,69,67,79,63,65,70,73,77,80,72,66,81,68,67,65,62,60,71,53,56,55,55,60,56,54,68,50,53,59,55,78,63,62,85,86,78,76,64,60,60,56,79,74,55,45,42,43,51,62,75,87,90,88,90,90,70,59
,Norway,60.472,8.4689,65,67,66,60,76,82,74,74,69,61,67,69,67,72,72,70,83,78,69,81,69,61,75,68,71,75,79,78,81,72,76,77,66,68,68,70,77,68,78,75,70,68,66,65,70,76,73,70,70,71,77,71,74,65,67,70,68,70,68,75,78,78,80,77,72,64,69,82,75,80,71,68,61,61,77,75,69,68,69,66,63,65,57,51,78,80,76,57,59,62
,Oman,21.0,57.0,38,40,53,63,70,67,40,46,65,72,72,37,48,49,43,49,45,50,61,61,47,60,66,66,61,47,46,49,40,42,24,49,59,48,34,37,57,61,51,59,61,64,50,39,48,38,33,53,61,55,55,70,69,62,56,50,55,42,31,44,40,57,49,26,35,52,51,51,45,33,42,48,36,38,55,62,62,59,62,62,60,67,59,32,26,22,42,56,61,64
,Pakistan,30.3753,69.3451,46,53,56,50,74,91,71,38,33,46,52,79,71,61,61,45,38,37,39,55,67,64,43,57,65,59,67,54,43,49,45,33,46,61,49,54,35,22,31,44,52,50,49,40,15,14,11,10,14,23,36,56,57,54,50,36,28,40,61,56,62,54,59,65,79,79,59,43,60,60,92,90,71,56,56,53,52,47,44,52,56,60,84,67,61,78,76,52,46,69
,Panama,8.538,-80.7821,100,97,94,96,92,96,96,95,97,97,95,96,96,97,98,97,97,96,97,98,97,95,95,99,99,98,94,94,97,97,91,93,94,99,95,97,95,90,91,95,95,93,96,95,96,95,96,97,98,97,98,96,97,96,89,87,84,89,93,92,92,90,92,93,89,89,94,94,90,91,90,88,90,89,89,92,90,87,93,92,91,92,92,92,91,90,87,85,91,91
,Papua New Guinea,-6.315,143.9555,98,97,98,100,95,99,95,97,94,96,94,90,89,87,83,86,70,78,77,89,92,98,93,96,99,93,90,91,94,94,82,98,91,88,88,90,91,94,94,87,88,86,88,91,87,81,81,86,80,78,84,89,95,95,97,94,93,96,94,94,98,97,96,96,95,99,97,99,98,96,95,97,85,87,92,93,98,96,97,97,96,96,96,97,96,95,97,99,97,94
,Paraguay,-23.4425,-58.4438,66,70,56,61,52,53,52,80,79,70,63,67,75,83,72,59,66,84,74,70,62,69,90,88,72,57,51,51,50,72,97,76,75,76,70,66,72,67,83,73,69,70,56,65,68,65,64,56,56,51,73,76,55,42,49,51,65,71,43,48,47,47,50,52,46,38,38,37,38,41,37,37,37,46,45,42,56,64,63,91,64,54,50,51,45,52,55,66,84,76
,Peru,-9.19,-75.0152,84,96,92,87,86,88,82,90,79,70,73,73,68,73,72,92,77,80,90,83,77,77,92,96,89,80,73,68,85,100,83,88,83,75,92,91,85,90,98,78,97,98,91,83,81,91,88,87,72,79,83,74,85,100,84,78,82,92,96,88,88,98,74,78,87,79,86,75,91,89,80,80,77,74,75,80,84,96,94,79,95,97,99,93,86,72,69,88,88,96
,Philippines,13.0,122.0,83,86,82,85,85,84,90,88,82,81,79,80,84,84,84,89,87,91,82,79,72,76,76,87,90,89,86,82,81,78,83,79,76,70,74,83,85,91,86,87,78,76,76,84,83,82,81,80,82,82,78,79,77,83,83,80,86,86,80,79,77,79,82,83,81,88,89,86,88,85,86,81,80,81,80,83,85,80,84,83,82,82,80,78,75,74,77,80,80,76
,Poland,51.9194,19.1451,83,64,66,86,74,83,78,84,90,87,83,75,79,74,57,76,78,81,85,78,69,84,85,77,75,74,78,83,85,88,85,87,84,88,89,70,83,64,52,66,75,77,68,69,89,81,62,56,70,74,82,78,66,84,81,87,87,82,81,72,65,88,84,75,69,76,89,75,68,74,77,79,67,59,43,44,70,68,73,81,64,56,47,49,48,53,55,48,68,60
,Portugal,39.3999,-8.2245,83,88,85,80,77,78,79,71,81,70,67,73,79,84,91,85,84,91,67,41,54,76,91,89,90,87,96,92,88,94,98,95,88,83,83,71,73,83,94,85,87,86,86,88,82,80,83,82,68,65,71,65,55,53,61,81,70,77,65,84,95,80,87,87,82,68,68,80,73,69,68,75,79,69,75,59,55,60,60,97,85,77,75,68,70,75,67,62,64,81
,Qatar,25.3548,51.1839,65,63,61,34,76,64,66,62,69,88,62,51,48,46,53,65,66,64,49,63,56,57,73,56,52,52,57,66,61,48,55,52,60,56,63,60,47,30,47,56,51,54,52,64,65,57,65,61,47,42,48,61,57,70,57,53,49,56,61,60,51,59,52,48,55,52,43,46,55,59,54,41,43,37,31,48,63,56,60,55,68,69,45,45,42,55,52,41,48,39
,Romania,45.9432,24.9668,82,78,72,71,87,78,68,66,67,81,82,86,77,73,74,68,73,56,69,74,73,72,76,65,57,82,82,87,82,79,73,87,79,87,88,86,57,81,56,57,69,76,70,70,63,83,70,65,71,82,81,75,79,63,66,57,61,88,74,78,62,69,62,66,87,74,68,89,91,88,78,69,66,59,54,30,33,50,52,55,56,87,74,44,34,43,45,50,51,68
,Russia,60.0,90.0,72,84,88,79,81,79,77,85,76,67,65,67,69,79,79,83,73,72,70,57,63,65,73,90,89,71,69,79,77,55,55,51,53,60,66,75,84,77,79,80,64,64,72,73,75,80,77,79,81,74,82,85,86,82,71,71,73,73,78,77,76,73,76,81,75,67,56,75,86,81,79,86,87,74,89,93,64,74,72,84,92,94,68,60,81,82,82,82,79,78
,Rwanda,-1.9403,29.8739,71,66,67,76,78,79,81,86,80,82,85,89,85,78,74,76,82,80,84,73,69,73,80,90,75,70,80,98,95,86,85,98,94,89,91,93,94,77,70,62,50,53,66,71,61,80,75,72,77,78,77,74,75,72,79,84,83,77,92,83,85,92,87,93,89,83,76,84,89,91,89,88,93,81,74,84,87,97,90,82,94,81,82,81,87,79,87,91,85,80
,Saint Lucia,13.9094,-60.9789,88,90,90,92,91,94,92,86,90,92,87,93,92,92,92,92,91,91,95,86,90,90,99,96,94,94,87,88,90,94,93,91,92,91,90,87,90,89,86,91,92,89,92,94,88,88,86,92,96,97,96,86,85,83,95,96,90,92,89,88,87,86,84,92,87,82,87,85,85,84,91,89,88,93,96,89,86,87,88,88,90,93,92,87,88,87,88,89,87,90
,Saint Vincent and the Grenadines,12.9843,-61.2872,79,79,78,78,77,80,83,78,80,81,76,80,80,79,82,80,80,80,82,76,81,82,85,86,85,83,80,77,82,83,82,83,83,83,78,76,79,79,76,76,80,79,80,83,79,77,77,77,82,87,86,75,75,73,85,86,81,79,79,79,76,76,77,80,77,73,76,80,76,77,80,77,79,82,86,83,79,78,79,78,80,83,83,78,77,79,78,80,80,81
,San Marino,43.9424,12.4578,67,81,75,88,74,72,85,78,63,83,88,84,87,80,85,88,86,95,84,80,83,88,87,90,97,96,90,74,69,76,86,87,88,91,65,41,37,36,71,73,72,61,57,63,76,62,64,74,89,89,70,63,70,71,82,76,66,64,51,44,82,74,76,94,72,74,95,74,68,73,60,78,84,85,66,68,79,71,70,76,79,82,52,55,81,98,100,86,76,85
,Saudi Arabia,24.0,45.0,48,39,40,51,48,47,55,56,27,28,43,45,28,28,28,26,37,19,39,40,41,34,36,31,34,38,41,21,21,30,28,34,24,16,27,34,31,25,40,22,31,41,31,17,13,9,7,7,5,8,28,33,30,43,38,22,23,32,22,23,14,19,16,9,12,16,10,19,30,23,14,13,7,22,30,35,33,24,9,22,6,13,15,8,9,10,8,13,23,35
,Senegal,14.4974,-14.4524,6,5,5,5,6,8,8,8,6,6,7,5,5,8,6,3,4,5,7,8,10,9,11,20,14,9,6,5,5,6,5,5,18,25,4,3,3,4,4,6,6,5,11,9,5,7,5,5,4,5,6,6,11,17,12,4,5,5,3,2,2,2,3,3,2,3,4,8,4,5,5,4,4,6,16,12,7,16,18,11,10,10,18,27,10,8,26,21,14,14
,Serbia,44.0165,21.0059,84,83,71,70,82,73,68,65,68,63,76,84,81,77,77,79,78,71,78,78,73,67,72,61,70,78,92,83,81,77,62,70,78,74,79,87,56,74,63,68,69,88,71,69,84,79,75,64,73,65,80,66,65,61,61,56,59,80,80,63,55,50,54,92,64,67,80,88,81,91,72,66,61,54,64,51,47,49,44,45,46,57,47,79,71,70,63,59,59,65
,Seychelles,-4.6796,55.492,89,90,88,92,91,90,92,90,92,94,98,93,94,97,95,96,99,99,98,96,89,89,92,95,94,92,94,95,96,99,96,96,94,94,90,86,96,91,96,95,96,93,92,87,84,85,91,91,88,92,93,90,91,94,93,98,92,90,93,98,90,94,89,91,98,93,92,89,87,84,83,84,85,85,82,85,84,83,82,84,86,84,94,93,88,91,90,88,85,84
,Singapore,1.2833,103.8333,85,93,92,90,88,90,94,90,91,90,88,88,85,84,88,89,85,90,90,89,97,90,88,83,83,86,90,90,98,90,84,87,88,81,81,84,83,81,79,95,95,96,92,89,89,86,89,86,90,85,87,91,89,87,93,87,85,84,84,81,82,85,86,87,96,90,92,89,88,90,89,86,86,86,86,86,80,85,84,85,88,92,94,88,87,88,90,87,85,83
,Slovakia,48.669,19.699,76,45,59,91,74,66,71,82,93,83,90,90,91,88,83,85,90,83,81,80,74,69,76,74,75,77,91,96,90,87,96,96,91,98,93,68,70,82,75,71,91,84,79,81,91,89,91,93,87,86,78,83,79,95,76,84,92,74,85,81,91,94,100,95,80,97,87,81,80,75,96,84,68,59,45,54,60,69,71,74,92,53,56,47,48,51,60,74,75,63
,Slovenia,46.1512,14.9955,79,67,65,69,67,61,56,63,56,75,79,80,71,76,81,76,82,82,75,71,74,59,71,64,79,90,86,86,83,76,75,79,80,79,74,50,42,52,69,69,78,83,78,72,69,72,72,71,85,75,61,54,56,70,79,83,89,68,53,56,82,81,84,74,67,91,77,64,68,68,65,66,86,74,54,50,53,64,64,64,73,57,34,50,71,80,71,66,70,77
,Somalia,5.1521,46.1996,64,62,57,55,64,64,66,56,54,61,61,69,65,60,50,38,44,56,55,56,59,63,61,64,63,62,59,56,53,51,52,55,59,54,55,53,45,49,52,54,61,62,56,51,56,59,62,56,62,61,61,59,57,56,56,64,51,53,49,51,54,54,55,51,55,60,56,60,65,55,53,57,57,60,63,66,56,59,65,64,60,57,64,65,68,84,71,60,60,68
,South Africa,-30.5595,22.9375,28,20,30,23,16,22,52,69,46,42,32,33,39,30,18,14,21,45,45,36,20,37,38,32,28,31,26,11,6,23,11,28,40,28,31,36,48,59,59,56,36,32,34,36,11,22,56,57,70,68,66,52,31,40,33,30,48,75,59,55,67,62,45,35,32,34,24,27,39,70,66,62,55,44,34,49,57,62,35,16,28,34,44,18,20,38,30,17,17,45
,Spain,40.0,-4.0,74,74,85,72,71,63,62,60,76,62,66,62,69,75,76,69,73,85,54,37,60,74,76,79,86,83,78,82,82,81,84,85,89,83,76,57,79,78,84,83,85,85,84,82,81,77,79,84,70,62,59,46,40,43,46,62,61,61,54,68,75,64,76,78,71,56,50,64,56,50,60,55,61,67,67,81,78,68,66,70,80,78,82,71,66,49,65,60,52,60
,Sri Lanka,7.0,81.0,90,94,90,89,85,88,89,94,83,75,90,94,90,84,79,86,92,92,91,94,95,100,97,95,92,88,78,69,72,65,65,75,83,92,90,95,88,85,78,77,81,90,99,99,97,90,88,86,72,76,88,98,96,100,93,92,87,82,82,86,84,84,71,59,68,88,91,87,82,81,68,76,71,67,78,87,93,90,85,72,68,64,67,66,75,72,73,74,80,88
,Sudan,12.8628,30.2176,18,15,11,15,16,11,11,9,13,17,18,11,18,11,17,14,16,19,25,12,12,15,12,12,12,15,18,13,12,11,17,15,12,11,8,8,8,8,10,10,10,13,10,9,12,12,21,17,14,16,16,10,9,8,12,15,9,10,10,6,6,7,6,4,5,9,6,5,4,4,7,21,25,16,12,7,7,8,7,4,3,5,4,4,7,6,7,7,8,6
,Suriname,3.9193,-56.0278,84,82,76,77,78,74,77,74,86,80,88,80,87,91,95,91,91,89,85,81,85,85,72,68,67,79,88,89,89,83,84,96,76,66,76,85,85,76,69,67,72,70,97,84,86,80,72,90,80,78,75,75,75,75,93,93,84,70,66,65,70,69,70,68,80,82,67,71,70,65,65,65,65,65,65,71,66,77,73,73,86,73,73,74,81,69,80,88,84,93
,Sweden,63.0,16.0,69,60,66,56,71,83,83,76,63,69,69,77,66,82,82,82,82,93,76,76,60,65,72,68,67,77,87,89,85,86,83,84,74,74,76,72,71,87,81,81,82,72,80,77,77,80,84,74,70,75,79,76,78,67,63,74,72,72,74,74,76,77,77,81,78,76,77,83,78,81,87,81,56,55,70,56,65,64,63,56,55,56,60,47,61,78,75,53,64,53
,Switzerland,46.8182,8.2275,54,61,67,92,67,59,66,47,56,73,71,48,48,48,59,66,68,88,79,49,53,44,43,52,73,76,73,79,89,69,93,84,91,83,86,79,59,60,63,66,73,83,73,72,84,57,56,77,86,83,70,80,64,70,71,68,84,82,73,76,88,80,84,80,85,87,86,70,94,93,92,80,96,88,72,75,79,79,76,77,91,90,65,54,64,66,77,81,92,92
,Taiwan*,23.7,121.0,73,52,57,64,62,61,53,45,57,68,63,65,63,32,52,43,63,64,62,54,40,44,61,63,70,86,62,84,76,56,25,38,56,64,72,73,66,66,62,69,74,73,68,57,71,64,69,85,75,61,56,59,53,70,63,69,67,73,73,77,69,65,71,80,94,81,75,67,54,87,83,81,77,99,86,65,75,79,81,80,64,65,69,79,75,76,72,79,64,74
,Tanzania,-6.369,34.8888,84,73,69,73,70,78,85,81,88,96,94,97,86,85,93,95,91,91,84,80,77,85,94,95,98,93,88,98,95,91,92,97,95,94,84,94,93,80,72,69,73,84,89,89,98,94,86,80,79,75,74,83,83,78,80,96,91,88,96,87,90,95,95,98,90,93,89,89,93,87,91,95,92,87,83,90,94,94,95,84,78,82,88,88,87,86,93,94,89,84
,Thailand,15.0,101.0,63,65,60,61,60,57,52,52,55,52,56,60,60,60,57,59,57,48,51,53,54,56,64,63,68,59,56,57,56,56,50,54,47,53,64,62,65,62,47,48,53,51,56,66,64,48,54,49,49,51,50,47,46,48,42,37,46,40,49,68,65,69,68,63,74,74,67,54,51,48,48,52,56,59,75,72,66,69,63,65,68,61,60,60,61,57,56,56,54,56
,Togo,8.6195,0.8248,13,12,12,18,23,32,33,28,26,34,65,62,42,24,18,20,20,22,23,27,31,28,19,11,6,7,12,14,13,5,7,9,7,6,8,11,12,11,10,14,28,12,8,11,12,9,10,19,42,23,35,26,21,23,10,9,18,42,40,28,40,67,69,62,47,60,56,61,72,70,72,56,70,77,53,55,57,62,65,68,72,75,82,90,82,74,63,68,73,72
,Trinidad and Tobago,10.6918,-61.2225,84,79,84,87,85,88,94,87,89,93,90,89,90,93,93,99,92,93,92,97,93,86,84,83,93,88,86,84,90,90,89,89,88,82,83,84,83,82,83,88,89,84,89,84,87,89,82,89,97,94,88,84,87,84,90,93,85,83,84,81,78,77,82,82,84,88,80,81,80,83,81,78,81,83,85,96,90,83,83,82,82,91,82,83,85,81,79,81,93,86
,Tunisia,34.0,9.0,53,54,52,46,56,59,60,60,54,74,65,66,61,60,61,59,56,54,51,49,43,56,56,57,45,44,57,60,50,40,41,46,55,53,42,40,42,42,33,28,30,23,15,27,30,62,65,69,56,54,48,52,49,56,51,36,28,42,36,30,20,38,34,22,32,37,39,38,39,44,51,46,36,35,54,68,72,71,68,71,66,57,61,69,69,41,36,61,81,65
,Turkey,38.9637,35.2433,90,80,75,84,81,66,59,74,71,73,67,63,74,57,60,56,66,64,57,69,73,69,63,65,54,50,51,67,82,83,82,85,87,81,93,82,78,90,69,68,64,64,92,93,75,71,80,79,77,82,81,87,92,90,79,65,49,56,65,79,74,60,51,48,42,56,60,47,44,36,44,44,70,69,75,91,80,82,84,87,79,73,57,64,78,73,64,75,85,79
,Uganda,1.0,32.0,56,61,56,62,69,70,66,73,71,63,50,52,68,56,50,49,66,57,54,55,48,47,44,41,42,56,71,87,94,79,84,81,72,76,78,86,84,67,57,48,44,46,47,40,57,66,67,64,62,70,74,71,70,63,52,60,56,55,74,71,78,76,74,75,74,68,65,65,90,79,77,76,74,78,81,81,78,89,88,78,80,86,77,79,92,89,96,87,87,81
,Ukraine,48.3794,31.1656,78,78,82,80,88,78,70,77,80,89,83,74,78,81,78,86,83,74,76,73,70,69,63,63,66,79,81,84,90,79,79,89,86,84,78,89,61,66,64,72,76,84,81,77,71,77,70,65,79,75,74,74,68,67,83,70,75,82,69,64,65,75,77,73,69,74,75,88,74,79,71,61,65,66,52,48,50,56,62,56,72,80,51,43,40,42,40,36,39,48
,United Arab Emirates,24.0,54.0,59,81,56,35,52,69,64,61,54,77,81,70,70,56,61,56,63,54,43,57,65,56,60,76,65,61,62,69,70,64,61,61,56,66,68,72,75,68,50,34,63,67,61,70,74,77,77,56,43,46,28,70,79,72,63,39,46,57,73,76,66,60,68,59,66,69,65,56,67,65,56,60,49,23,11,37,55,46,46,56,61,65,46,55,54,61,48,22,19,62
Bermuda,United Kingdom,32.3078,-64.7505,92,90,69,68,88,84,70,64,79,67,72,76,79,84,79,83,92,76,66,71,91,70,77,87,93,95,92,83,86,71,72,67,73,85,74,80,86,86,95,91,82,75,94,99,97,94,94,89,86,88,96,99,96,82,71,59,56,79,89,78,76,71,65,65,83,95,98,79,70,65,65,74,79,82,85,89,81,74,77,86,87,86,90,95,89,94,87,67,82,86
Cayman Islands,United Kingdom,19.3133,-81.2546,87,90,93,92,92,93,84,81,86,92,93,91,89,93,90,84,92,92,83,91,90,91,80,72,76,76,81,78,80,81,83,86,90,87,86,95,93,88,91,91,90,92,93,93,91,91,89,88,89,92,93,92,91,88,89,92,91,90,85,93,80,81,93,94,95,90,92,94,83,87,89,85,86,90,93,89,87,87,90,89,92,90,90,88,83,84,81,84,90,90
Channel Islands,United Kingdom,49.3723,-2.3644,85,82,76,69,69,79,86,90,86,67,74,77,80,86,76,80,72,64,64,63,65,76,76,77,83,85,80,62,73,90,90,88,90,84,65,71,68,77,77,81,70,67,72,78,80,84,80,69,72,77,74,71,83,90,88,72,64,74,82,73,72,73,66,83,85,72,78,79,77,91,90,66,72,84,81,68,69,79,83,85,78,71,69,69,60,60,70,72,63,63
Gibraltar,United Kingdom,36.1408,-5.3536,75,81,78,77,76,76,79,84,75,77,71,75,78,78,76,80,78,86,73,76,77,86,84,89,81,80,74,80,79,71,65,79,89,83,83,88,77,81,88,84,85,78,80,81,86,86,81,79,88,84,82,80,79,79,77,74,74,69,79,78,80,78,72,77,81,69,57,73,56,69,66,63,75,86,88,64,74,88,84,86,82,88,88,86,76,79,76,82,76,77
Isle of Man,United Kingdom,54.2361,-4.5481,94,98,86,91,95,94,97,83,95,92,99,93,89,89,80,96,88,83,87,93,98,99,100,98,96,93,86,89,90,96,97,88,97,81,83,91,96,89,89,96,80,77,82,97,96,99,85,82,87,94,88,95,84,84,96,92,85,84,97,89,79,83,91,97,94,94,97,92,95,94,92,83,89,98,89,86,99,86,82,78,75,78,81,89,92,92,84,77,69,85
Montserrat,United Kingdom,16.7425,-62.1874,95,94,96,95,96,96,94,95,98,95,92,97,95,94,98,95,96,96,99,99,93,98,98,97,99,97,98,92,94,93,96,94,97,96,94,95,98,96,95,94,97,95,96,97,95,98,99,98,98,96,96,93,93,93,86,97,98,99,93,95,97,94,91,95,96,92,93,99,90,88,96,94,96,95,95,96,87,88,96,95,95,98,100,99,100,95,96,96,98,94
,United Kingdom,55.3781,-3.4360000000000004,95,96,85,91,95,92,95,87,92,91,96,89,91,90,85,93,88,81,83,91,94,96,95,95,93,93,87,92,93,93,95,92,95,87,85,91,94,79,90,92,88,88,85,92,94,95,87,91,90,93,91,94,85,90,93,92,88,86,95,93,91,90,89,88,84,88,97,92,94,93,93,93,88,96,94,87,94,86,82,77,72,73,73,80,87,87,85,72,61,75
,Uruguay,-32.5228,-55.7658,90,83,74,71,71,65,61,49,50,65,75,68,48,51,63,88,54,48,56,61,71,86,75,71,67,55,66,59,62,69,86,67,68,60,65,63,64,65,64,79,63,60,63,65,60,83,77,76,82,73,67,54,52,60,67,62,55,55,55,50,56,51,59,57,64,61,63,60,62,52,82,65,59,64,68,84,66,64,92,77,70,59,61,65,72,69,69,70,77,87
,US,37.0902,-95.7129,53,56,81,70,44,51,60,48,44,79,93,79,83,87,89,84,59,93,66,59,56,67,89,88,77,80,79,79,84,84,81,77,63,52,46,80,80,69,72,67,75,70,67,88,51,52,67,80,90,65,60,67,52,52,84,93,87,67,62,63,56,67,70,56,56,51,44,43,55,86,80,77,74,52,88,85,94,88,91,85,65,64,91,88,88,79,71,86,65,53
,Uzbekistan,41.3775,64.5853,74,75,71,75,73,68,63,64,74,61,66,70,70,63,69,74,66,61,68,73,70,67,67,80,83,65,69,59,56,65,63,56,48,84,71,57,68,57,32,52,73,51,84,66,56,74,64,62,61,59,52,65,76,72,65,56,73,60,56,68,67,60,53,52,52,50,45,38,44,50,39,32,28,41,31,32,40,42,40,49,61,56,40,19,22,25,28,23,18,30
,Venezuela,6.4238,-66.5897,72,74,69,66,70,67,65,70,72,71,71,70,69,68,74,78,82,76,79,75,79,76,71,67,64,61,63,70,70,67,72,77,73,70,62,61,64,65,62,62,64,56,66,68,68,74,59,54,63,70,65,60,67,64,73,73,70,65,61,62,66,73,66,57,49,56,67,71,67,57,62,65,69,76,75,70,65,64,68,67,66,62,67,72,70,64,59,56,63,67
,Vietnam,16.0,108.0,100,100,100,100,99,96,97,100,100,98,98,97,99,92,90,91,94,93,100,95,94,92,93,91,92,99,97,100,100,100,100,100,91,92,92,92,87,88,96,100,100,99,95,93,89,83,90,100,100,100,100,100,100,95,89,90,92,93,91,90,90,93,93,97,99,96,89,84,70,78,100,93,85,96,94,93,92,91,94,96,92,92,89,87,88,90,87,90,90,89
,Zambia,-15.4167,28.2833,85,79,89,83,88,87,88,83,95,95,97,95,96,94,100,100,98,100,91,91,100,91,82,73,73,68,64,78,72,89,100,90,81,78,81,89,91,94,92,95,89,90,95,94,96,93,87,94,89,89,88,85,82,85,100,97,86,82,86,89,81,86,90,96,95,83,85,85,84,82,81,81,85,76,87,89,87,83,83,82,76,84,78,77,74,71,88,84,73,71
,Zimbabwe,-20.0,30.0,56,55,45,35,36,35,54,78,73,71,95,92,83,87,94,92,88,86,95,100,86,75,66,70,67,51,54,84,64,57,60,60,56,55,72,73,82,79,93,85,96,100,98,91,84,89,96,83,72,73,65,62,72,81,99,83,73,66,57,96,87,81,91,83,80,77,89,86,77,71,69,72,76,68,56,67,90,87,68,63,61,56,59,59,50,42,74,88,67,60
Diamond Princess,Canada,0.0,0.0,80,82,82,71,67,73,82,78,79,82,83,79,80,83,82,86,88,86,86,83,87,86,85,84,83,82,83,83,83,85,83,82,83,83,83,82,83,81,83,82,82,81,83,79,79,86,84,81,79,82,85,84,86,85,83,82,82,85,86,86,85,83,82,83,82,84,88,83,84,82,82,83,88,85,84,83,83,84,81,80,79,80,85,85,80,74,77,81,76,80
,Dominica,15.415,-61.371,93,91,93,98,96,99,93,92,93,92,92,96,92,93,95,94,92,94,98,89,89,97,97,94,95,94,92,87,89,95,94,93,93,93,92,91,90,93,92,96,95,91,94,94,93,95,95,96,95,94,95,88,89,89,94,99,94,96,88,90,93,91,91,94,91,87,92,94,88,88,95,92,94,91,94,91,90,88,92,92,93,95,97,98,96,92,91,91,96,92
,Grenada,12.1165,-61.679,92,91,94,93,92,93,99,96,94,95,92,95,95,94,96,95,93,95,97,92,96,96,94,98,97,99,96,92,97,99,97,97,97,94,92,89,93,96,89,91,94,93,95,96,94,94,92,94,96,100,100,91,91,92,99,98,95,94,95,92,88,90,90,94,91,89,87,92,91,91,91,90,93,96,100,99,96,93,92,92,94,95,96,91,90,91,90,96,97,94
,Mozambique,-18.665695,35.529562,81,81,83,85,88,83,85,81,78,81,89,86,92,90,96,98,100,94,95,100,96,90,86,87,89,81,81,93,89,82,87,93,95,97,94,85,83,88,90,95,93,96,100,95,94,89,86,84,84,86,91,88,83,86,100,97,94,84,84,95,94,92,86,84,81,86,100,97,97,96,96,88,86,82,83,88,81,97,87,84,82,86,92,83,79,75,79,98,85,80
,Syria,34.802075,38.99681500000001,70,74,67,79,83,80,63,75,85,81,64,72,63,44,54,72,77,74,75,79,82,63,66,72,63,66,75,73,73,73,68,53,59,63,65,66,61,70,66,35,35,32,63,80,65,53,71,87,85,91,67,68,75,76,74,61,51,61,57,63,68,61,66,62,46,43,61,54,46,41,40,37,61,89,78,62,59,69,68,63,60,49,48,37,56,59,49,70,54,47
,Timor-Leste,-8.874217,125.727539,90,92,93,95,90,92,84,87,81,83,88,88,88,90,90,94,96,94,91,85,83,86,91,92,93,94,92,92,88,90,95,95,96,97,84,87,91,94,95,96,97,96,96,96,93,94,93,92,92,93,96,96,94,92,92,85,91,90,91,98,95,91,93,94,96,96,96,97,96,98,97,97,91,79,84,85,92,83,86,90,97,88,83,79,84,94,94,94,86,77
,Belize,13.1939,-59.5432,89,91,87,89,91,93,95,89,90,94,87,96,90,91,93,89,91,92,95,88,94,92,98,98,96,95,93,86,96,95,93,95,93,90,91,87,91,89,85,87,89,91,94,93,89,85,86,88,93,99,94,86,87,88,96,93,91,90,89,88,86,90,87,92,83,82,84,88,83,90,87,87,92,92,100,93,88,87,88,90,95,94,92,87,86,89,88,91,91,90
Recovered,Canada,0.0,0.0,80,82,82,71,67,73,82,78,79,82,83,79,80,82,82,86,88,86,86,83,87,86,85,84,83,82,83,83,83,85,83,82,83,83,83,82,83,81,83,82,82,81,83,79,79,86,84,81,79,82,85,84,86,85,83,82,82,85,86,86,85,83,82,83,82,84,88,83,84,82,82,83,88,85,84,83,83,84,81,80,79,80,85,85,80,74,77,81,76,80
,Laos,19.85627,102.495496,79,81,78,78,77,73,71,69,68,67,65,68,72,72,69,61,63,65,67,73,70,68,56,60,57,56,71,70,72,74,83,75,68,65,64,80,72,67,68,71,67,63,62,51,42,42,38,67,66,68,64,61,62,61,59,56,53,57,57,59,59,67,73,81,83,73,63,46,42,40,56,47,41,41,67,71,68,59,56,63,65,57,63,63,72,61,51,45,42,41
,Libya,26.3351,17.228331,62,61,61,59,56,50,53,53,56,63,56,57,51,67,63,65,61,53,48,44,54,56,50,38,36,22,11,24,51,32,28,32,28,35,49,42,45,35,48,51,47,36,20,13,20,35,52,61,54,56,48,49,51,51,49,48,32,19,35,33,28,21,13,16,24,24,17,17,27,24,49,59,46,30,20,13,34,34,21,16,25,18,14,37,25,14,42,28,13,25
,West Bank and Gaza,31.9522,35.2332,86,90,71,85,93,74,70,84,99,97,88,88,95,86,69,49,86,98,98,100,97,92,93,90,78,82,75,78,96,90,81,86,96,89,92,82,63,94,91,94,94,91,90,79,75,67,90,87,74,93,92,78,97,85,91,96,94,78,60,81,92,87,65,47,39,81,92,69,41,83,61,53,96,100,94,83,93,93,94,95,92,85,57,65,81,57,60,86,67,46
,Guinea-Bissau,11.8037,-15.1804,28,27,31,27,25,17,17,16,16,13,22,31,15,20,20,16,12,22,39,43,45,36,27,28,44,36,14,68,65,49,28,37,72,71,46,22,49,46,17,15,39,63,60,42,36,37,65,54,60,68,63,60,53,54,43,64,43,61,66,48,45,60,64,55,59,64,67,71,68,63,64,48,45,21,19,28,40,53,53,43,34,36,38,45,53,46,47,48,41,50
,Mali,17.570692,-3.996166000000001,8,7,11,12,12,11,11,10,12,10,11,10,17,13,6,6,8,9,11,12,11,13,11,7,6,4,3,5,12,9,7,7,6,4,5,5,5,6,7,6,11,43,26,6,14,4,3,3,6,6,6,6,5,4,5,5,4,3,3,2,2,2,2,2,3,4,3,2,4,3,2,5,5,5,3,4,4,4,6,8,9,7,8,8,9,10,8,12,9,6
,Saint Kitts and Nevis,17.357822,-62.782998,100,99,99,100,100,98,99,99,99,99,97,100,99,99,100,99,98,99,100,100,99,99,99,100,100,100,100,99,99,98,98,98,98,98,98,99,100,100,99,98,100,99,100,100,99,100,100,100,100,100,99,98,97,97,92,95,99,100,99,98,99,97,95,98,100,98,98,100,94,93,98,98,100,99,98,96,98,97,99,98,99,100,100,100,100,96,99,99,100,99
Northwest Territories,Canada,64.8255,-124.8457,62,62,64,66,59,57,61,62,51,52,54,64,61,54,54,66,74,70,56,60,65,60,65,72,70,60,57,54,54,52,52,56,55,55,57,53,61,68,70,69,77,80,64,60,59,57,56,52,52,57,72,79,83,80,76,76,73,67,67,64,62,63,69,64,62,65,61,62,68,73,73,64,65,64,72,77,76,85,80,82,81,79,80,67,75,84,73,59,61,63
Yukon,Canada,64.2823,-135.0,79,80,72,62,50,54,55,52,45,45,49,52,54,51,49,53,50,41,28,47,55,60,65,64,53,49,57,65,70,69,74,71,60,54,52,56,72,77,79,75,76,71,62,60,49,51,46,49,47,59,75,79,81,80,74,68,65,67,59,56,54,66,71,61,55,49,45,60,68,75,67,55,53,62,64,75,79,79,81,83,78,78,74,69,78,82,67,50,50,53
,Kosovo,42.602636,20.902977,67,69,55,49,67,60,57,44,52,51,67,81,74,74,71,65,72,68,73,65,56,52,54,53,75,83,88,81,85,69,65,79,80,80,82,70,60,65,71,71,76,78,70,68,79,69,67,60,65,63,73,56,60,57,63,61,66,73,76,57,66,73,70,89,63,67,82,83,74,74,64,64,65,57,69,59,52,48,43,46,48,63,59,74,83,75,72,64,60,60
,Burma,21.9162,95.956,80,83,80,87,91,81,81,81,81,78,74,71,72,65,63,68,66,64,60,56,55,55,55,56,52,57,56,54,56,57,60,63,56,46,52,48,47,52,53,52,62,57,55,45,40,49,53,54,39,27,28,32,40,50,45,40,36,59,57,49,44,39,31,33,42,42,43,44,40,37,30,36,38,37,33,33,38,42,34,31,38,45,44,38,35,33,31,38,40,44
Anguilla,United Kingdom,18.2206,-63.0686,90,88,87,82,82,79,75,82,83,83,80,80,82,79,84,81,82,80,80,87,90,83,81,92,89,84,87,87,87,84,84,83,83,79,80,82,85,86,84,79,83,82,81,85,80,83,88,83,85,82,82,77,78,80,77,79,84,85,82,84,87,83,77,77,81,84,84,83,73,78,77,82,84,85,83,77,82,82,85,83,80,84,87,82,80,76,83,82,82,79
British Virgin Islands,United Kingdom,18.4207,-64.64,99,97,98,95,92,92,94,92,95,96,92,89,94,92,93,94,92,90,93,97,99,97,95,97,100,95,95,97,97,90,94,94,95,91,89,91,96,94,95,90,94,94,91,95,90,94,97,95,95,94,92,90,91,83,84,95,100,96,88,94,93,97,95,91,93,93,94,96,94,99,88,95,94,96,93,86,94,98,95,94,92,92,97,91,93,89,87,91,95,92
Turks and Caicos Islands,United Kingdom,21.69400000000001,-71.7979,78,77,76,82,83,75,88,84,84,85,82,84,83,80,71,84,86,73,76,73,79,80,83,67,68,77,81,79,78,76,80,79,81,83,66,70,79,84,83,85,77,83,81,78,78,78,77,76,79,81,80,82,80,82,76,72,74,75,86,88,82,68,73,82,85,82,82,81,70,71,81,77,80,82,79,75,76,74,77,78,75,74,73,76,73,74,77,74,80,84
,MS Zaandam,0.0,0.0,80,82,82,71,67,73,82,78,79,82,83,79,80,82,82,86,88,86,86,83,87,86,85,84,83,82,83,83,83,85,83,82,83,83,83,82,83,81,83,82,82,81,83,79,79,86,84,81,79,82,85,84,86,85,83,82,82,85,86,86,85,83,82,83,82,84,88,83,84,82,82,83,88,85,84,83,83,84,81,80,79,80,85,85,80,74,77,81,76,80
,Botswana,-22.3285,24.6849,62,67,54,42,46,54,64,78,80,75,72,62,59,55,57,52,73,85,67,65,61,48,43,50,60,55,45,54,45,30,37,31,28,28,39,55,63,65,80,67,65,69,73,66,57,50,61,68,61,63,63,55,53,74,85,76,47,36,32,50,56,73,76,61,52,44,49,57,49,42,35,39,67,60,40,42,53,59,46,46,41,37,54,60,47,39,45,64,56,35
