Province/State,Country/Region,Lat,Long,1/22/20,1/23/20,1/24/20,1/25/20,1/26/20,1/27/20,1/28/20,1/29/20,1/30/20,1/31/20,2/1/20,2/2/20,2/3/20,2/4/20,2/5/20,2/6/20,2/7/20,2/8/20,2/9/20,2/10/20,2/11/20,2/12/20,2/13/20,2/14/20,2/15/20,2/16/20,2/17/20,2/18/20,2/19/20,2/20/20,2/21/20,2/22/20,2/23/20,2/24/20,2/25/20,2/26/20,2/27/20,2/28/20,2/29/20,3/1/20,3/2/20,3/3/20,3/4/20,3/5/20,3/6/20,3/7/20,3/8/20,1/1/20,1/2/20,1/3/20,1/4/20,1/5/20,1/6/20,1/7/20,1/8/20,1/9/20,1/10/20,1/11/20,1/12/20,1/13/20,1/14/20,1/15/20,1/16/20,1/17/20,1/18/20,1/19/20,1/20/20,1/21/20
Anhui,Mainland China,31.8257,117.2264,1022,1024,1029,1029,1026,1024,1024,1025,1025,1026,1025,1025,1027,1025,1028,1028,1030,1032,1030,1023,1020,1018,1014,1014,1027,1031,1032,1031,1025,1029,1029,1032,1025,1015,1017,1026,1026,1019,1018,1022,1026,1025,1027,1025,1016,1015,1012,1031,1029,1028,1027,1022,1020,1020,1029,1026,1023,1024,1025,1024,1028,1027,1028,1029,1027,1025,1026,1024
Beijing,Mainland China,40.1824,116.4142,1024,1029,1038,1034,1033,1026,1024,1026,1026,1024,1030,1029,1028,1031,1037,1035,1031,1032,1024,1019,1018,1014,1012,1025,1032,1029,1029,1027,1026,1030,1027,1030,1021,1019,1023,1032,1030,1019,1018,1024,1024,1025,1031,1023,1014,1016,1016,1032,1032,1030,1029,1031,1027,1027,1029,1028,1027,1028,1026,1027,1030,1031,1032,1028,1024,1022,1027,1026
Chongqing,Mainland China,30.0572,107.874,1018,1019,1024,1026,1024,1021,1023,1026,1024,1021,1021,1024,1026,1023,1020,1021,1026,1029,1029,1021,1019,1017,1011,1010,1025,1032,1032,1027,1024,1025,1031,1029,1022,1015,1017,1018,1015,1015,1014,1017,1018,1022,1024,1019,1014,1012,1006,1024,1025,1025,1022,1016,1016,1022,1020,1019,1020,1024,1020,1019,1021,1020,1025,1025,1023,1025,1022,1019
Fujian,Mainland China,26.0789,117.9874,1019,1018,1020,1019,1017,1019,1021,1023,1024,1024,1024,1024,1024,1023,1024,1023,1025,1027,1028,1024,1021,1018,1016,1016,1016,1025,1030,1029,1027,1027,1028,1027,1026,1021,1018,1019,1021,1018,1014,1015,1020,1020,1021,1023,1018,1014,1011,1028,1026,1024,1022,1022,1020,1017,1023,1020,1017,1018,1021,1020,1022,1022,1021,1023,1023,1023,1024,1024
Gansu,Mainland China,36.0611,103.8343,1021,1027,1033,1027,1023,1023,1025,1028,1024,1022,1024,1030,1024,1023,1022,1023,1026,1033,1029,1018,1017,1014,1013,1031,1041,1035,1033,1027,1020,1032,1033,1026,1016,1016,1016,1016,1022,1015,1019,1024,1022,1023,1018,1011,1013,1006,1013,1022,1028,1027,1019,1020,1027,1025,1022,1024,1027,1024,1023,1023,1017,1023,1029,1027,1032,1029,1023,1019
Guangdong,Mainland China,23.3417,113.4244,1019,1017,1017,1017,1018,1018,1020,1022,1023,1022,1022,1022,1021,1021,1021,1019,1022,1025,1026,1023,1021,1018,1015,1013,1014,1024,1028,1027,1024,1024,1027,1025,1024,1020,1018,1018,1018,1018,1014,1014,1017,1018,1019,1020,1017,1013,1010,1026,1025,1023,1020,1020,1019,1017,1019,1018,1016,1017,1019,1018,1019,1018,1019,1022,1021,1022,1022,1022
Guangxi,Mainland China,23.8298,108.7881,1017,1014,1017,1020,1021,1020,1021,1023,1023,1021,1021,1021,1022,1022,1020,1017,1022,1026,1028,1023,1019,1016,1012,1009,1013,1026,1029,1026,1023,1023,1027,1027,1023,1018,1016,1017,1017,1015,1013,1014,1015,1017,1021,1020,1015,1010,1005,1025,1022,1021,1019,1017,1016,1016,1017,1015,1014,1020,1020,1017,1019,1017,1020,1023,1022,1024,1022,1020
Guizhou,Mainland China,26.8154,106.8748,1015,1016,1022,1026,1024,1021,1023,1025,1023,1020,1019,1022,1025,1023,1019,1019,1025,1029,1029,1020,1017,1015,1009,1007,1021,1030,1031,1026,1023,1022,1030,1027,1021,1012,1014,1015,1014,1013,1012,1016,1016,1020,1023,1018,1011,1010,1002,1021,1021,1024,1020,1013,1012,1019,1015,1015,1017,1023,1019,1017,1020,1018,1024,1024,1023,1024,1020,1016
Hainan,Mainland China,19.1959,109.7453,1016,1014,1014,1013,1015,1015,1017,1020,1019,1019,1018,1018,1017,1017,1017,1016,1017,1020,1023,1021,1018,1015,1012,1010,1010,1019,1024,1023,1021,1021,1024,1024,1022,1018,1016,1016,1016,1015,1013,1013,1014,1014,1014,1016,1014,1012,1007,1022,1022,1020,1018,1017,1016,1016,1016,1015,1014,1013,1015,1015,1015,1015,1015,1017,1017,1018,1019,1019
Hebei,Mainland China,38.0428,114.5149,1023,1028,1037,1034,1032,1025,1024,1026,1025,1023,1028,1028,1028,1028,1035,1033,1030,1031,1024,1019,1017,1014,1010,1022,1032,1030,1031,1026,1024,1029,1028,1030,1020,1017,1022,1031,1030,1019,1017,1025,1022,1025,1031,1022,1013,1016,1014,1031,1031,1029,1028,1030,1026,1026,1029,1028,1026,1027,1025,1027,1030,1031,1031,1028,1024,1023,1027,1025
Heilongjiang,Mainland China,47.861999999999995,127.7615,1024,1024,1034,1035,1033,1029,1030,1031,1027,1024,1022,1023,1022,1026,1033,1031,1027,1030,1020,1024,1014,1011,1021,1032,1031,1027,1022,1020,1025,1031,1027,1019,1017,1020,1030,1030,1028,1020,1021,1024,1026,1028,1024,1021,1019,1015,1015,1026,1024,1023,1026,1031,1030,1028,1024,1025,1022,1022,1020,1023,1029,1030,1028,1027,1023,1018,1021,1022
Henan,Mainland China,33.882020000000004,113.61399999999999,1023,1026,1033,1032,1030,1026,1024,1025,1026,1024,1024,1026,1028,1024,1030,1031,1031,1032,1028,1020,1018,1016,1011,1017,1032,1031,1032,1028,1023,1028,1030,1031,1022,1013,1020,1028,1028,1021,1017,1024,1026,1025,1028,1023,1014,1015,1012,1030,1031,1029,1026,1024,1024,1024,1030,1028,1025,1026,1025,1025,1029,1029,1031,1028,1026,1024,1025,1024
Hubei,Mainland China,30.9756,112.2707,1022,1024,1029,1030,1028,1026,1025,1026,1025,1024,1023,1025,1026,1024,1025,1027,1031,1032,1030,1022,1019,1017,1011,1014,1031,1033,1033,1029,1024,1027,1030,1030,1023,1013,1017,1023,1024,1021,1017,1022,1025,1025,1026,1022,1015,1015,1009,1029,1029,1029,1026,1021,1021,1024,1028,1025,1025,1026,1024,1024,1027,1026,1030,1029,1027,1026,1025,1023
Hunan,Mainland China,27.6104,111.7088,1020,1022,1025,1027,1026,1026,1026,1027,1026,1024,1023,1025,1026,1025,1023,1023,1030,1032,1031,1023,1019,1018,1012,1011,1026,1033,1034,1029,1025,1026,1031,1031,1024,1015,1016,1020,1021,1018,1017,1021,1022,1024,1026,1023,1015,1014,1008,1028,1028,1028,1026,1019,1017,1023,1025,1023,1023,1026,1024,1023,1025,1023,1029,1029,1026,1027,1025,1022
Inner Mongolia,Mainland China,44.0935,113.9448,1024,1035,1038,1036,1033,1028,1029,1034,1027,1028,1035,1034,1030,1039,1038,1033,1035,1033,1024,1016,1012,1012,1021,1038,1040,1038,1034,1029,1030,1027,1029,1030,1018,1020,1027,1036,1022,1021,1021,1028,1020,1033,1032,1015,1016,1015,1016,1034,1038,1034,1035,1028,1031,1037,1035,1032,1033,1034,1032,1033,1032,1035,1037,1031,1024,1022,1026,1021
Jiangsu,Mainland China,32.9711,119.455,1021,1025,1030,1030,1026,1022,1023,1023,1024,1026,1027,1026,1029,1026,1031,1031,1031,1032,1029,1024,1021,1018,1016,1016,1023,1028,1031,1031,1027,1030,1029,1031,1027,1017,1017,1027,1028,1019,1018,1022,1027,1025,1028,1027,1018,1016,1015,1032,1030,1028,1027,1025,1020,1016,1028,1027,1024,1024,1025,1024,1028,1029,1028,1028,1026,1024,1026,1026
Jiangxi,Mainland China,27.614,115.7221,1019,1020,1023,1024,1023,1023,1024,1027,1026,1025,1024,1024,1026,1024,1024,1021,1028,1030,1030,1024,1020,1018,1014,1013,1019,1031,1033,1030,1026,1027,1029,1030,1025,1018,1017,1019,1021,1017,1015,1019,1022,1022,1024,1023,1016,1014,1009,1029,1026,1026,1025,1021,1017,1019,1026,1022,1021,1023,1024,1022,1025,1022,1026,1028,1025,1026,1026,1022
Jilin,Mainland China,43.6661,126.1923,1024,1028,1039,1035,1035,1028,1026,1027,1026,1024,1027,1029,1027,1030,1038,1036,1029,1032,1021,1024,1018,1015,1015,1031,1028,1021,1023,1025,1028,1033,1024,1021,1020,1024,1028,1031,1031,1019,1021,1023,1027,1025,1023,1023,1018,1017,1016,1032,1030,1026,1028,1033,1027,1025,1023,1028,1024,1026,1024,1024,1030,1031,1031,1029,1022,1018,1023,1025
Liaoning,Mainland China,41.2956,122.6085,1024,1029,1038,1034,1034,1026,1025,1026,1025,1023,1029,1030,1028,1031,1039,1035,1029,1031,1022,1021,1019,1015,1015,1028,1026,1022,1025,1026,1029,1031,1024,1025,1021,1023,1024,1031,1030,1019,1022,1022,1026,1022,1027,1024,1016,1017,1017,1032,1031,1028,1029,1032,1026,1025,1026,1028,1025,1027,1025,1025,1030,1031,1032,1028,1022,1019,1024,1026
Ningxia,Mainland China,37.2692,106.1655,1024,1029,1033,1029,1026,1025,1027,1030,1025,1024,1026,1032,1024,1024,1023,1024,1028,1034,1029,1019,1016,1012,1015,1035,1044,1039,1036,1029,1022,1033,1035,1028,1016,1015,1019,1019,1021,1014,1019,1026,1022,1025,1020,1012,1015,1008,1013,1027,1032,1030,1023,1023,1029,1028,1025,1028,1029,1025,1026,1028,1021,1028,1032,1030,1032,1029,1024,1020
Qinghai,Mainland China,35.7452,95.9956,1022,1024,1031,1028,1025,1023,1028,1031,1023,1021,1027,1033,1032,1027,1022,1024,1027,1034,1033,1028,1028,1024,1018,1018,1030,1026,1026,1026,1017,1033,1035,1030,1019,1020,1017,1017,1023,1022,1019,1018,1019,1024,1022,1016,1014,1006,1010,1024,1028,1029,1017,1016,1025,1022,1013,1012,1024,1031,1025,1014,1007,1014,1021,1018,1023,1020,1020,1023
Shaanxi,Mainland China,35.1917,108.8701,1023,1026,1033,1032,1028,1026,1026,1029,1026,1023,1023,1029,1026,1023,1024,1028,1030,1033,1030,1020,1017,1014,1010,1026,1040,1037,1036,1028,1022,1030,1033,1030,1020,1013,1017,1021,1024,1019,1017,1025,1024,1026,1023,1018,1013,1012,1010,1029,1030,1029,1025,1022,1025,1027,1027,1026,1027,1026,1024,1028,1026,1027,1030,1029,1029,1028,1026,1022
Shandong,Mainland China,36.3427,118.1498,1023,1027,1034,1033,1030,1024,1022,1025,1025,1024,1027,1027,1029,1027,1034,1034,1030,1031,1026,1021,1019,1016,1013,1017,1028,1028,1030,1028,1025,1029,1028,1031,1024,1017,1020,1030,1030,1021,1018,1024,1026,1024,1030,1026,1016,1016,1015,1032,1031,1029,1028,1028,1023,1021,1028,1028,1025,1025,1024,1025,1029,1030,1030,1028,1025,1022,1027,1026
Shanghai,Mainland China,31.201999999999998,121.4491,1021,1023,1027,1026,1021,1019,1022,1023,1023,1025,1027,1026,1027,1026,1030,1030,1029,1031,1030,1025,1022,1018,1017,1016,1020,1027,1030,1032,1028,1031,1029,1031,1029,1019,1016,1025,1027,1019,1018,1020,1026,1025,1027,1028,1020,1016,1016,1032,1029,1027,1026,1026,1019,1015,1027,1026,1022,1021,1024,1024,1027,1027,1025,1026,1026,1025,1026,1026
Shanxi,Mainland China,37.5777,112.2922,1024,1028,1035,1033,1031,1026,1024,1028,1027,1025,1027,1029,1028,1027,1030,1030,1030,1033,1029,1021,1018,1015,1010,1024,1037,1033,1034,1028,1024,1029,1031,1032,1021,1016,1020,1026,1027,1019,1016,1026,1022,1027,1027,1021,1013,1016,1013,1031,1031,1030,1028,1027,1025,1027,1030,1028,1027,1027,1026,1028,1031,1030,1031,1030,1028,1027,1028,1024
Sichuan,Mainland China,30.6171,102.7103,1015,1017,1023,1025,1021,1018,1020,1024,1021,1018,1017,1022,1023,1020,1017,1019,1023,1027,1027,1018,1016,1015,1011,1011,1024,1026,1028,1023,1021,1021,1028,1026,1019,1013,1015,1016,1014,1016,1013,1016,1015,1019,1020,1014,1011,1010,1004,1021,1022,1022,1017,1012,1015,1018,1015,1014,1016,1021,1017,1014,1014,1012,1019,1019,1019,1022,1017,1014
Tianjin,Mainland China,39.3054,117.323,1023,1028,1037,1034,1033,1026,1024,1026,1025,1023,1029,1028,1028,1029,1037,1035,1030,1032,1024,1019,1018,1014,1012,1024,1030,1028,1029,1026,1025,1030,1027,1030,1021,1018,1023,1032,1031,1020,1019,1024,1025,1024,1031,1024,1014,1016,1016,1032,1031,1029,1029,1031,1026,1025,1028,1028,1026,1027,1025,1026,1030,1031,1031,1028,1024,1021,1027,1026
Tibet,Mainland China,31.6927,88.0924,1016,1018,1033,1026,1020,1018,1019,1020,1016,1020,1017,1027,1032,1025,1021,1022,1020,1026,1036,1030,1029,1025,1020,1010,1019,1016,1019,1024,1015,1022,1027,1023,1023,1022,1018,1017,1029,1030,1022,1019,1016,1018,1016,1016,1015,1011,1014,1025,1027,1025,1014,1018,1026,1013,1010,1009,1028,1031,1025,1016,1011,1015,1014,1009,1011,1014,1022,1017
Xinjiang,Mainland China,41.1129,85.2401,1028,1033,1033,1027,1027,1027,1029,1031,1030,1029,1032,1030,1025,1025,1026,1026,1034,1036,1027,1020,1018,1018,1022,1033,1035,1035,1035,1027,1033,1038,1031,1024,1021,1018,1019,1024,1017,1017,1026,1025,1025,1021,1016,1015,1011,1011,1028,1029,1032,1028,1027,1029,1028,1029,1029,1030,1028,1029,1026,1021,1022,1029,1032,1036,1039,1031,1025,1026
Yunnan,Mainland China,24.974,101.48700000000001,1015,1012,1012,1014,1016,1011,1012,1017,1016,1013,1013,1014,1014,1014,1012,1013,1015,1017,1018,1014,1014,1014,1011,1008,1011,1017,1019,1017,1017,1016,1020,1020,1018,1014,1014,1015,1013,1013,1012,1012,1011,1011,1013,1012,1011,1010,1006,1022,1021,1018,1015,1014,1013,1017,1015,1014,1011,1013,1015,1012,1011,1011,1013,1014,1013,1014,1014,1015
Zhejiang,Mainland China,29.1832,120.0934,1020,1022,1025,1025,1020,1020,1023,1024,1024,1026,1026,1025,1027,1026,1028,1028,1028,1031,1030,1026,1021,1018,1016,1015,1019,1028,1031,1031,1027,1029,1029,1031,1028,1020,1017,1023,1025,1018,1016,1019,1025,1023,1026,1026,1019,1016,1014,1031,1028,1026,1025,1024,1020,1016,1027,1024,1021,1021,1024,1023,1026,1026,1024,1026,1026,1025,1026,1025
,Thailand,15.0,101.0,1013,1011,1011,1009,1009,1008,1010,1012,1013,1013,1013,1014,1012,1012,1011,1012,1013,1013,1014,1014,1013,1012,1011,1009,1010,1012,1013,1016,1015,1015,1017,1017,1016,1013,1011,1012,1011,1010,1010,1010,1010,1010,1010,1011,1012,1011,1008,1016,1017,1015,1013,1012,1012,1012,1012,1011,1010,1009,1010,1010,1011,1011,1011,1012,1012,1012,1013,1014
,Japan,36.0,138.0,1028,1022,1023,1028,1026,1023,1014,1005,1002,1007,1016,1022,1019,1021,1016,1024,1026,1015,1018,1016,1026,1026,1016,1020,1021,1008,1004,1014,1026,1029,1034,1022,1019,1023,1020,1015,1020,1023,1018,1017,1015,1021,1018,1010,1019,1021,1018,1023,1022,1017,1016,1023,1027,1024,1004,1012,1017,1016,1011,1013,1020,1018,1022,1019,1014,1015,1015,1022
,South Korea,36.0,128.0,1026,1023,1028,1029,1027,1019,1017,1015,1014,1019,1024,1025,1026,1026,1028,1033,1028,1026,1025,1023,1028,1018,1018,1020,1019,1012,1016,1025,1029,1033,1031,1024,1029,1024,1017,1022,1028,1024,1018,1018,1022,1024,1021,1024,1022,1018,1019,1032,1029,1026,1025,1030,1027,1013,1013,1023,1023,1020,1017,1022,1025,1027,1027,1022,1021,1019,1022,1029
Taiwan,Taiwan,23.7,121.0,1020,1019,1019,1017,1012,1013,1017,1018,1019,1021,1022,1022,1021,1020,1020,1019,1020,1022,1023,1022,1022,1018,1016,1015,1015,1018,1024,1025,1023,1024,1025,1025,1024,1020,1018,1018,1019,1017,1015,1014,1018,1018,1017,1019,1017,1014,1011,1025,1024,1022,1020,1020,1019,1018,1019,1019,1016,1015,1015,1017,1019,1019,1018,1018,1018,1019,1021,1022
"King County, WA",US,47.6062,-122.3321,1007,1015,1013,1013,1014,1014,1018,1016,1021,1023,1016,1018,1023,1027,1028,1017,1017,1014,1018,1032,1031,1026,1025,1015,1019,1018,1022,1029,1029,1026,1024,1022,1020,1016,1034,1034,1032,1030,1017,1017,1028,1023,1020,1023,1016,1015,1011,1012,1009,1018,1011,1022,1024,1020,1010,1011,1021,1010,1008,1003,1010,1013,1006,1004,1019,1021,1021,1012
"Cook County, IL",US,41.7377,-87.6976,1035,1024,1019,1011,1011,1014,1015,1019,1023,1023,1022,1013,1002,1007,1016,1018,1005,1008,1020,1019,1020,1021,1016,1020,1035,1022,1020,1016,1020,1036,1040,1034,1023,1015,1012,1015,1019,1019,1019,1022,1010,1007,1004,1014,1015,1027,1031,1007,1007,1002,1010,1016,1016,1020,1016,1027,1018,1017,1011,1024,1025,1020,1019,1037,1037,1011,1027,1036
Macau,Macau,22.1667,113.55,1019,1017,1017,1016,1016,1017,1019,1021,1021,1022,1022,1021,1020,1020,1020,1019,1021,1023,1025,1023,1020,1018,1015,1013,1013,1021,1026,1026,1024,1024,1026,1025,1024,1020,1018,1018,1018,1018,1015,1014,1017,1017,1018,1019,1017,1014,1010,1026,1025,1022,1020,1020,1019,1017,1018,1018,1016,1015,1017,1017,1018,1018,1018,1020,1020,1021,1022,1022
Hong Kong,Hong Kong,22.3,114.2,1019,1017,1017,1016,1015,1016,1018,1021,1021,1022,1022,1022,1020,1020,1020,1019,1021,1023,1025,1023,1021,1018,1015,1013,1014,1021,1026,1026,1024,1024,1026,1025,1024,1020,1018,1018,1019,1018,1015,1014,1017,1018,1018,1019,1017,1014,1011,1026,1025,1023,1020,1020,1019,1017,1018,1018,1016,1015,1017,1017,1019,1018,1018,1020,1020,1021,1022,1022
,Singapore,1.2833,103.8333,1012,1011,1011,1010,1009,1009,1010,1012,1010,1010,1011,1012,1012,1011,1010,1011,1011,1012,1012,1011,1011,1012,1011,1010,1011,1012,1012,1012,1012,1012,1012,1013,1012,1011,1010,1010,1010,1009,1009,1010,1009,1010,1010,1011,1011,1011,1010,1012,1013,1012,1010,1010,1010,1010,1009,1009,1009,1010,1010,1009,1009,1010,1011,1011,1011,1011,1011,1012
,Vietnam,16.0,108.0,1016,1014,1014,1012,1013,1013,1014,1017,1018,1018,1018,1017,1016,1016,1016,1015,1016,1019,1020,1019,1017,1015,1012,1009,1010,1015,1021,1021,1020,1020,1022,1023,1021,1017,1015,1016,1016,1014,1012,1012,1013,1013,1013,1015,1014,1012,1008,1020,1020,1019,1017,1017,1015,1015,1016,1015,1013,1013,1014,1015,1015,1014,1014,1016,1016,1017,1018,1018
,France,47.0,2.0,1033,1026,1023,1020,1018,1012,1009,1017,1015,1017,1015,1019,1021,1026,1035,1029,1023,1022,1018,1015,1020,1023,1013,1024,1022,1016,1022,1030,1027,1023,1032,1031,1030,1024,1011,1012,1008,1018,1002,1001,994,1008,1014,997,1006,1022,1019,1031,1028,1028,1036,1036,1028,1030,1029,1021,1025,1033,1029,1021,1014,1017,1022,1022,1029,1036,1041,1039
,Nepal,28.1667,84.25,1020,1016,1017,1018,1016,1014,1016,1018,1017,1016,1018,1020,1020,1019,1017,1017,1020,1023,1024,1020,1020,1019,1016,1011,1014,1018,1018,1017,1018,1018,1022,1022,1020,1018,1017,1017,1018,1017,1016,1015,1015,1014,1014,1014,1015,1017,1015,1024,1024,1021,1018,1018,1020,1018,1017,1018,1019,1020,1017,1015,1016,1017,1017,1017,1019,1018,1019,1020
,Malaysia,2.5,112.5,1011,1010,1011,1010,1010,1009,1009,1011,1011,1011,1011,1011,1011,1011,1010,1011,1011,1011,1011,1012,1012,1012,1011,1010,1011,1012,1013,1012,1012,1011,1011,1012,1011,1011,1009,1010,1010,1009,1009,1009,1009,1010,1010,1011,1012,1012,1010,1011,1012,1011,1009,1009,1009,1010,1009,1008,1008,1009,1009,1008,1009,1009,1010,1011,1011,1011,1011,1012
"Toronto, ON",Canada,43.6532,-79.3832,1032,1027,1025,1022,1011,1006,1007,1014,1023,1025,1024,1013,999,1008,1012,1020,1004,999,1021,1026,1016,1015,1017,1010,1032,1026,1017,1025,1014,1027,1033,1029,1021,1016,1012,1014,1011,1002,1006,1015,1018,1005,1001,1007,1018,1016,1030,1000,1006,1005,1007,1008,1014,1010,1013,1019,1033,1022,1011,1020,1027,1021,1019,1022,1043,1016,1012,1031
British Columbia,Canada,49.2827,-123.1207,1004,1014,1010,1011,1014,1011,1017,1015,1018,1021,1012,1015,1022,1027,1027,1017,1017,1011,1018,1032,1031,1024,1025,1013,1017,1016,1020,1028,1030,1027,1025,1022,1019,1012,1033,1034,1032,1029,1015,1015,1027,1021,1017,1022,1014,1015,1011,1007,1006,1016,1007,1019,1021,1018,1006,1009,1020,1007,1007,1001,1012,1015,1007,1003,1019,1019,1021,1011
"Los Angeles, CA",US,34.0522,-118.2437,1020,1021,1019,1016,1017,1020,1022,1020,1016,1019,1022,1021,1013,1012,1020,1021,1019,1018,1015,1010,1011,1016,1018,1017,1018,1020,1018,1014,1015,1017,1018,1016,1017,1023,1021,1022,1024,1021,1019,1017,1014,1012,1013,1019,1019,1016,1015,1016,1016,1014,1022,1025,1024,1024,1019,1015,1015,1022,1020,1018,1019,1019,1016,1017,1022,1022,1019,1018
New South Wales,Australia,-33.8688,151.2093,1009,1002,1009,1013,1011,1013,1012,1016,1016,1013,1009,1006,1007,1020,1020,1021,1020,1018,1012,1008,1009,1010,1011,1008,1007,1014,1014,1007,1004,1010,1016,1023,1023,1020,1015,1007,1010,1011,1016,1012,1010,1019,1018,1010,1009,1018,1020,1014,1018,1015,1009,1018,1019,1015,1014,1016,1010,1011,1018,1018,1017,1013,1007,1009,1009,1007,1003,1007
Victoria,Australia,-37.8136,144.9631,1001,1000,1010,1013,1013,1015,1015,1016,1011,1006,1007,1010,1014,1021,1020,1020,1021,1021,1018,1011,1009,1013,1012,1007,1010,1014,1011,1006,1010,1015,1019,1022,1018,1018,1011,1010,1011,1014,1015,1008,1015,1020,1015,1006,1014,1022,1021,1016,1018,1012,1010,1021,1019,1017,1017,1013,1006,1017,1020,1014,1013,1008,1012,1012,1008,1005,1004,1008
Queensland,Australia,-28.0167,153.4,1011,1012,1012,1013,1014,1014,1014,1013,1015,1017,1016,1012,1008,1014,1017,1015,1014,1011,1007,1009,1008,1007,1005,1005,1007,1011,1013,1010,1006,1008,1014,1019,1020,1018,1015,1010,1008,1008,1013,1013,1012,1014,1015,1012,1010,1013,1015,1015,1016,1016,1015,1015,1016,1015,1015,1016,1014,1011,1013,1014,1014,1012,1009,1006,1005,1005,1007,1009
,Cambodia,11.55,104.9167,1013,1012,1012,1011,1010,1010,1011,1012,1012,1013,1013,1014,1013,1012,1012,1013,1013,1013,1013,1013,1013,1013,1012,1010,1011,1012,1013,1014,1014,1014,1015,1015,1015,1013,1012,1012,1011,1010,1010,1010,1010,1010,1010,1011,1012,1012,1009,1015,1015,1014,1012,1012,1012,1011,1011,1010,1010,1010,1010,1010,1011,1012,1012,1012,1012,1012,1013,1014
,Sri Lanka,7.0,81.0,1014,1013,1013,1013,1012,1012,1012,1013,1012,1011,1011,1013,1013,1012,1012,1012,1013,1013,1013,1012,1012,1013,1013,1012,1012,1012,1013,1013,1012,1012,1012,1013,1013,1011,1010,1010,1011,1010,1010,1010,1011,1011,1010,1010,1011,1012,1011,1012,1013,1012,1011,1011,1012,1013,1013,1013,1012,1012,1011,1011,1012,1012,1012,1011,1012,1012,1013,1014
,Germany,51.0,9.0,1037,1033,1025,1023,1019,1010,997,1007,1010,1008,1006,1009,1011,1012,1032,1032,1029,1023,1011,996,1003,1013,1008,1017,1021,1009,1014,1021,1018,1017,1024,1021,1015,1017,1000,998,1002,1014,998,996,993,1002,1011,999,993,1016,1015,1035,1029,1021,1028,1034,1028,1027,1026,1018,1018,1031,1024,1020,1011,1014,1026,1019,1024,1036,1046,1043
,Finland,64.0,26.0,1003,1005,992,994,1004,1013,1003,1003,1005,1002,992,976,987,1001,1000,1008,1018,1011,995,960,962,978,991,1007,1007,991,972,979,992,1009,995,979,969,983,995,998,1002,1003,998,990,996,1014,1019,1000,999,1009,1008,999,992,981,980,1011,1006,1004,989,993,1006,1005,988,996,997,988,998,1009,1006,1009,1011,996
,United Arab Emirates,24.0,54.0,1016,1016,1019,1019,1020,1021,1020,1019,1019,1018,1017,1019,1021,1019,1019,1020,1018,1017,1016,1015,1016,1023,1025,1022,1019,1018,1017,1017,1014,1011,1014,1017,1017,1015,1012,1013,1017,1015,1013,1012,1013,1016,1015,1015,1014,1014,1013,1014,1017,1018,1015,1012,1016,1019,1017,1015,1011,1011,1018,1019,1018,1021,1023,1021,1018,1017,1017,1017
,Philippines,13.0,122.0,1016,1014,1013,1012,1010,1010,1011,1012,1011,1013,1015,1016,1015,1014,1012,1012,1013,1014,1014,1016,1017,1016,1015,1013,1014,1014,1014,1015,1016,1016,1017,1017,1016,1014,1013,1013,1013,1012,1012,1012,1012,1013,1012,1011,1012,1012,1011,1015,1015,1014,1013,1013,1013,1013,1012,1012,1010,1010,1009,1009,1011,1012,1012,1012,1012,1013,1015,1017
,India,21.0,78.0,1016,1016,1016,1014,1014,1011,1010,1014,1015,1014,1015,1017,1016,1014,1014,1013,1014,1017,1019,1018,1017,1018,1016,1013,1014,1015,1016,1015,1014,1013,1014,1016,1014,1011,1012,1014,1014,1012,1011,1011,1011,1010,1010,1009,1009,1012,1012,1016,1017,1016,1015,1016,1018,1016,1013,1015,1017,1018,1016,1013,1013,1013,1013,1014,1015,1015,1016,1016
"London, ON",Canada,42.9849,-81.2453,1033,1028,1025,1018,1010,1008,1010,1016,1023,1024,1023,1013,999,1008,1012,1019,1003,1001,1021,1025,1017,1017,1018,1012,1032,1026,1018,1024,1015,1030,1035,1031,1022,1016,1013,1013,1011,1008,1010,1016,1017,1005,1001,1010,1018,1017,1031,1001,1007,1005,1008,1010,1015,1013,1013,1022,1030,1021,1009,1021,1027,1020,1019,1026,1042,1014,1015,1032
,Italy,43.0,12.0,1034,1030,1027,1022,1020,1020,1012,1012,1020,1020,1020,1020,1018,1009,1017,1027,1027,1028,1030,1021,1013,1017,1020,1018,1027,1029,1027,1024,1020,1024,1025,1030,1029,1022,1013,1002,1011,1014,1017,1008,1001,1000,1010,1010,1000,1009,1018,1030,1031,1029,1024,1027,1030,1027,1029,1029,1026,1026,1027,1026,1026,1028,1029,1027,1021,1024,1035,1039
,UK,55.0,-3.0,1037,1030,1020,1012,1001,992,988,999,995,994,994,1000,1005,1019,1034,1029,1013,1002,974,984,994,1005,996,1007,990,979,996,1007,1009,1000,1006,1005,1011,1001,994,999,1001,996,972,976,985,997,1006,1000,1004,1004,996,1025,1009,1018,1028,1025,1012,1009,1015,1004,1018,1008,1011,995,985,995,1003,1007,1026,1043,1044,1040
,Russia,60.0,90.0,1022,1018,1004,999,1008,1015,1009,1012,1030,1035,1040,1036,1025,1017,1021,1016,1010,1011,992,1003,1015,1026,1034,1034,1035,1037,1036,1025,1015,1015,1014,1015,1024,1031,1031,1031,1023,1011,1021,1033,1025,1013,1010,1001,1012,1027,1010,1016,1010,1008,1014,1014,1018,1021,1026,1030,1031,1028,1021,1014,1014,1016,1016,1005,1003,1008,1009,1009
,Sweden,63.0,16.0,1016,1009,999,1002,1001,1001,995,996,996,992,979,981,998,1005,1006,1018,1020,1008,984,952,966,978,994,1010,1002,977,972,983,998,1001,987,974,979,998,999,1000,1001,1000,996,989,995,1012,1010,998,1002,1008,997,1004,994,983,993,1012,1007,1000,988,1001,1011,1000,993,999,990,987,1000,1008,1003,1017,1016,1009
,Spain,40.0,-4.0,1018,1019,1020,1017,1023,1025,1023,1025,1025,1025,1025,1030,1031,1030,1028,1024,1023,1026,1030,1032,1027,1023,1024,1026,1026,1027,1028,1030,1031,1025,1028,1032,1032,1027,1022,1022,1023,1021,1015,1014,1010,1019,1021,1015,1020,1026,1026,1032,1032,1033,1034,1031,1030,1032,1031,1028,1029,1032,1032,1028,1024,1025,1026,1031,1028,1022,1023,1019
South Australia,Australia,-34.9285,138.6007,1000,1004,1014,1015,1015,1015,1016,1014,1007,1004,1011,1015,1017,1020,1018,1016,1017,1016,1013,1009,1012,1014,1010,1009,1014,1014,1012,1013,1017,1018,1020,1021,1017,1015,1013,1014,1016,1017,1015,1009,1016,1019,1012,1010,1017,1022,1020,1017,1017,1006,1014,1021,1018,1015,1014,1009,1012,1021,1018,1012,1011,1011,1014,1013,1009,1008,1010,1009
"San Benito, CA",US,36.5761,-120.9876,1021,1023,1022,1020,1020,1023,1028,1026,1023,1023,1025,1023,1018,1019,1023,1023,1020,1019,1016,1013,1016,1017,1017,1017,1018,1021,1021,1018,1017,1019,1019,1017,1016,1025,1026,1024,1025,1022,1019,1017,1015,1016,1016,1017,1019,1015,1014,1020,1019,1019,1023,1027,1032,1030,1022,1019,1018,1025,1024,1022,1022,1022,1017,1014,1025,1026,1020,1017
,Belgium,50.8333,4.0,1037,1031,1024,1021,1015,1005,997,1009,1008,1009,1006,1010,1013,1017,1035,1032,1024,1019,1005,998,1007,1015,1003,1018,1016,1004,1013,1021,1020,1015,1025,1021,1018,1015,1001,1001,1002,1012,993,993,990,1003,1010,993,999,1017,1012,1031,1025,1020,1032,1035,1026,1025,1023,1014,1020,1030,1022,1015,1004,1010,1021,1015,1026,1039,1047,1042
"Madison, WI",US,43.0731,-89.4012,1033,1020,1017,1013,1011,1013,1016,1020,1023,1023,1020,1011,1000,1009,1020,1020,1007,1009,1020,1018,1021,1020,1014,1023,1033,1018,1020,1015,1021,1037,1041,1030,1020,1013,1014,1019,1022,1019,1019,1021,1007,1007,1003,1014,1012,1029,1027,1006,1003,1000,1011,1017,1013,1019,1016,1028,1013,1019,1017,1024,1024,1019,1020,1039,1036,1011,1028,1037
Diamond Princess cruise ship,Others,35.4437,139.638,1028,1022,1022,1027,1026,1025,1016,1002,999,1004,1014,1021,1017,1019,1012,1022,1026,1013,1016,1015,1025,1025,1015,1018,1020,1010,1001,1011,1024,1028,1034,1021,1016,1021,1019,1014,1017,1023,1018,1015,1015,1020,1018,1006,1017,1022,1018,1021,1021,1016,1014,1020,1025,1024,1004,1009,1016,1015,1011,1011,1019,1016,1021,1018,1013,1015,1013,1019
"San Diego County, CA",US,32.7157,-117.1611,1021,1021,1019,1016,1017,1020,1022,1020,1015,1018,1022,1021,1014,1011,1019,1021,1020,1018,1015,1011,1011,1016,1018,1017,1018,1021,1019,1014,1015,1017,1018,1016,1018,1024,1021,1021,1023,1020,1019,1018,1015,1011,1013,1019,1019,1016,1016,1015,1016,1014,1023,1026,1024,1023,1019,1016,1015,1022,1021,1018,1019,1019,1016,1018,1022,1021,1018,1018
"San Antonio, TX",US,29.4241,-98.4936,1028,1016,1015,1020,1018,1015,1014,1012,1017,1018,1021,1024,1019,1009,1007,1010,1012,1013,1018,1014,1012,1016,1012,1022,1028,1022,1015,1010,1014,1022,1027,1035,1026,1015,1010,1013,1029,1029,1027,1022,1012,1009,1007,1009,1023,1030,1027,1023,1014,1004,1015,1027,1025,1020,1028,1023,1014,1007,1018,1021,1020,1017,1016,1021,1020,1021,1031,1033
,Egypt,26.0,30.0,1025,1026,1026,1028,1027,1022,1020,1023,1022,1021,1022,1022,1021,1020,1017,1017,1021,1025,1027,1027,1026,1024,1022,1018,1016,1017,1017,1018,1020,1021,1019,1020,1019,1017,1021,1021,1018,1016,1018,1020,1020,1018,1014,1012,1016,1018,1016,1018,1019,1023,1023,1022,1019,1020,1022,1022,1022,1024,1024,1023,1020,1016,1017,1019,1022,1024,1026,1026
,Iran,32.0,53.0,1018,1014,1018,1021,1022,1024,1025,1020,1020,1018,1013,1016,1022,1017,1020,1022,1019,1012,1012,1011,1011,1021,1025,1021,1027,1024,1020,1023,1019,1010,1015,1017,1020,1017,1010,1007,1019,1017,1012,1011,1010,1015,1019,1020,1017,1015,1013,1013,1017,1019,1014,1011,1020,1024,1019,1012,1012,1013,1020,1018,1023,1030,1029,1026,1015,1015,1021,1018
"Omaha, NE (From Diamond Princess)",US,41.2545,-95.9758,1031,1013,1015,1018,1019,1016,1019,1022,1023,1020,1017,1013,1007,1009,1023,1020,1007,1012,1020,1016,1023,1024,1015,1033,1028,1018,1016,1012,1028,1038,1043,1030,1018,1015,1013,1021,1028,1021,1021,1015,1007,1010,1007,1014,1021,1031,1019,1014,1001,1003,1014,1020,1021,1022,1021,1020,1007,1022,1023,1021,1019,1020,1025,1043,1023,1024,1038,1041
"Travis, CA (From Diamond Princess)",US,38.2721,-121.9399,1020,1024,1023,1021,1020,1022,1028,1027,1024,1024,1026,1025,1019,1021,1024,1024,1022,1020,1017,1017,1016,1018,1017,1018,1019,1022,1022,1018,1017,1019,1020,1018,1015,1025,1027,1025,1026,1023,1020,1016,1015,1017,1016,1018,1019,1015,1013,1021,1020,1020,1024,1028,1033,1032,1023,1020,1018,1026,1024,1022,1021,1022,1018,1011,1026,1027,1022,1018
From Diamond Princess,Australia,35.4437,139.638,1028,1022,1022,1027,1026,1025,1016,1002,999,1004,1014,1021,1017,1019,1012,1022,1026,1013,1016,1015,1025,1025,1015,1018,1020,1010,1001,1011,1024,1028,1034,1021,1016,1021,1019,1014,1017,1023,1018,1015,1015,1020,1018,1006,1017,1022,1018,1021,1021,1016,1014,1020,1025,1024,1004,1009,1016,1015,1011,1011,1019,1016,1021,1018,1013,1015,1013,1019
"Lackland, TX (From Diamond Princess)",US,29.3829,-98.6134,1028,1016,1015,1020,1018,1015,1014,1012,1017,1018,1021,1024,1019,1009,1006,1010,1011,1012,1018,1013,1012,1016,1012,1022,1028,1022,1015,1010,1013,1022,1027,1035,1026,1015,1010,1013,1029,1029,1027,1022,1012,1009,1007,1009,1023,1030,1027,1023,1014,1004,1015,1026,1025,1020,1028,1023,1014,1007,1018,1020,1020,1017,1016,1021,1020,1021,1030,1033
,Lebanon,33.8547,35.8623,1020,1020,1018,1028,1028,1024,1017,1019,1020,1015,1018,1022,1021,1017,1015,1014,1014,1014,1024,1025,1023,1022,1022,1023,1017,1015,1017,1017,1014,1017,1014,1016,1018,1013,1012,1018,1020,1015,1011,1014,1020,1021,1016,1011,1010,1017,1020,1017,1016,1017,1014,1014,1015,1014,1012,1012,1016,1022,1022,1022,1024,1022,1017,1014,1016,1017,1022,1019
"Humboldt County, CA",US,40.745,-123.8695,1016,1023,1021,1019,1017,1022,1026,1025,1026,1026,1027,1026,1025,1026,1028,1027,1024,1023,1023,1024,1021,1022,1021,1019,1022,1025,1024,1023,1019,1020,1021,1021,1019,1028,1031,1029,1028,1024,1021,1021,1022,1025,1022,1020,1019,1015,1014,1024,1022,1023,1021,1030,1035,1033,1022,1019,1020,1025,1025,1021,1019,1021,1012,1008,1024,1026,1021,1015
"Sacramento County, CA",US,38.4747,-121.3542,1020,1024,1023,1021,1020,1022,1028,1026,1023,1024,1026,1025,1018,1020,1024,1024,1021,1020,1017,1017,1016,1018,1017,1018,1019,1022,1021,1018,1017,1019,1020,1017,1015,1025,1026,1025,1026,1023,1019,1015,1015,1017,1016,1018,1019,1015,1013,1021,1020,1020,1023,1028,1033,1031,1023,1019,1018,1025,1024,1022,1021,1022,1017,1011,1025,1027,1022,1018
,Iraq,33.0,44.0,1014,1019,1016,1021,1026,1025,1021,1017,1021,1015,1016,1023,1025,1020,1020,1019,1013,1013,1021,1024,1025,1029,1025,1025,1022,1016,1016,1019,1010,1011,1017,1015,1018,1013,1006,1012,1020,1017,1011,1010,1018,1021,1018,1016,1010,1008,1015,1017,1018,1018,1015,1015,1020,1020,1013,1014,1013,1015,1021,1018,1023,1026,1025,1015,1014,1018,1021,1017
Unassigned Location (From Diamond Princess),US,35.4437,139.638,1028,1022,1022,1027,1026,1025,1016,1002,999,1004,1014,1021,1017,1019,1012,1022,1026,1013,1016,1015,1025,1025,1015,1018,1020,1010,1001,1011,1024,1028,1034,1021,1016,1021,1019,1014,1017,1023,1018,1015,1015,1020,1018,1006,1017,1022,1018,1021,1021,1016,1014,1020,1025,1024,1004,1009,1016,1015,1011,1011,1019,1016,1021,1018,1013,1015,1013,1019
,Oman,21.0,57.0,1017,1017,1017,1017,1017,1019,1018,1019,1018,1017,1017,1018,1019,1017,1017,1018,1018,1018,1018,1016,1014,1018,1021,1019,1017,1017,1017,1017,1015,1013,1014,1017,1017,1015,1014,1013,1013,1012,1012,1012,1013,1014,1013,1012,1013,1014,1013,1014,1017,1018,1017,1014,1015,1016,1017,1016,1013,1011,1017,1018,1017,1018,1021,1020,1019,1018,1017,1016
,Afghanistan,33.0,65.0,1028,1026,1020,1022,1020,1019,1021,1025,1024,1022,1024,1022,1020,1024,1024,1025,1026,1024,1022,1019,1015,1016,1025,1027,1025,1028,1028,1023,1021,1022,1022,1023,1022,1019,1020,1017,1013,1016,1017,1018,1017,1013,1011,1013,1015,1016,1020,1019,1021,1023,1022,1016,1017,1023,1025,1023,1023,1020,1014,1019,1022,1025,1027,1027,1027,1023,1020,1023
,Bahrain,26.0275,50.55,1015,1019,1020,1020,1022,1023,1021,1019,1019,1018,1017,1020,1022,1020,1020,1020,1017,1015,1017,1017,1020,1027,1027,1023,1020,1018,1016,1017,1013,1012,1016,1019,1018,1015,1010,1015,1018,1016,1013,1011,1016,1018,1016,1016,1015,1013,1013,1015,1018,1016,1012,1014,1019,1020,1018,1014,1010,1013,1020,1020,1019,1024,1024,1021,1017,1016,1019,1018
,Kuwait,29.5,47.75,1014,1019,1020,1019,1023,1024,1021,1017,1019,1018,1017,1021,1024,1021,1020,1019,1015,1014,1019,1021,1023,1029,1028,1023,1021,1017,1014,1017,1011,1011,1016,1018,1018,1013,1008,1014,1019,1017,1012,1010,1018,1019,1017,1016,1013,1011,1013,1016,1018,1016,1013,1015,1020,1021,1016,1015,1013,1014,1020,1019,1020,1025,1025,1019,1013,1017,1021,1017
,Algeria,28.0339,1.6596,1016,1020,1021,1021,1019,1021,1023,1024,1024,1022,1022,1024,1026,1025,1020,1022,1024,1022,1023,1026,1025,1022,1021,1021,1021,1023,1022,1022,1020,1018,1019,1023,1026,1025,1020,1017,1019,1020,1018,1016,1016,1018,1020,1018,1012,1015,1021,1032,1031,1030,1028,1024,1023,1023,1023,1022,1022,1023,1024,1025,1026,1026,1025,1027,1028,1020,1010,1013
,Croatia,45.1,15.2,1033,1034,1027,1023,1021,1018,1008,1010,1019,1017,1017,1017,1015,1006,1015,1027,1027,1029,1028,1015,1007,1017,1019,1017,1028,1028,1023,1024,1020,1024,1024,1031,1024,1019,1010,1000,1007,1013,1016,1007,1001,999,1011,1010,1000,1011,1019,1033,1032,1026,1023,1029,1032,1028,1031,1027,1023,1028,1029,1026,1025,1027,1029,1026,1024,1030,1042,1043
,Switzerland,46.8182,8.2275,1032,1028,1024,1022,1021,1017,1008,1015,1018,1018,1016,1020,1020,1017,1032,1031,1026,1026,1024,1013,1015,1023,1016,1023,1025,1022,1021,1029,1026,1024,1029,1031,1027,1021,1009,1007,1009,1020,1009,1004,995,1006,1015,1004,1003,1019,1021,1032,1031,1028,1033,1034,1029,1030,1030,1023,1024,1032,1028,1023,1018,1021,1026,1024,1029,1034,1040,1038
,Austria,47.5162,14.5501,1034,1033,1026,1023,1021,1018,1006,1011,1018,1015,1014,1015,1016,1008,1023,1031,1030,1028,1025,1009,1009,1019,1018,1019,1028,1025,1020,1026,1023,1025,1026,1029,1021,1020,1007,1001,1006,1015,1011,1005,998,1001,1014,1007,1000,1015,1022,1036,1033,1028,1027,1034,1032,1030,1032,1025,1024,1032,1031,1026,1023,1024,1031,1026,1026,1033,1045,1042
,Israel,31.0,35.0,1022,1023,1020,1029,1029,1024,1019,1021,1022,1019,1021,1023,1021,1019,1016,1016,1017,1020,1025,1026,1024,1023,1022,1020,1015,1014,1017,1015,1015,1019,1016,1018,1017,1014,1015,1021,1020,1016,1015,1018,1021,1020,1015,1012,1011,1019,1020,1018,1016,1018,1017,1018,1017,1016,1016,1015,1017,1024,1024,1023,1024,1020,1015,1014,1017,1020,1024,1022
,Pakistan,30.3753,69.3451,1024,1023,1018,1016,1015,1013,1012,1018,1020,1016,1020,1020,1018,1017,1020,1017,1020,1021,1021,1019,1019,1020,1019,1018,1017,1019,1020,1016,1011,1015,1019,1021,1019,1015,1014,1013,1012,1011,1012,1015,1014,1011,1009,1010,1010,1013,1016,1021,1023,1020,1017,1017,1019,1018,1017,1021,1022,1020,1019,1012,1018,1020,1020,1019,1022,1022,1019,1019
,Brazil,-14.235,-51.9253,1008,1008,1007,1008,1010,1010,1011,1011,1013,1013,1012,1012,1012,1011,1011,1012,1012,1010,1010,1013,1015,1012,1011,1011,1011,1011,1010,1010,1011,1009,1010,1011,1012,1012,1012,1011,1011,1010,1012,1014,1012,1010,1011,1012,1012,1012,1010,1008,1008,1010,1010,1010,1010,1010,1012,1012,1012,1010,1010,1011,1012,1011,1010,1011,1012,1012,1011,1009
,Georgia,42.3154,43.3569,1028,1016,1026,1031,1026,1027,1020,1017,1015,1010,1016,1022,1018,1010,1014,1011,1008,1011,1023,1031,1022,1017,1022,1030,1029,1028,1032,1028,1021,1016,1016,1019,1024,1015,1015,1022,1018,1014,1012,1017,1022,1023,1021,1016,1014,1019,1023,1016,1023,1026,1019,1016,1020,1020,1017,1020,1023,1026,1021,1026,1029,1030,1033,1027,1024,1024,1028,1029
,Greece,39.0742,21.8243,1031,1027,1032,1027,1024,1018,1017,1013,1017,1021,1019,1019,1018,1010,994,1011,1021,1028,1032,1026,1015,1015,1023,1019,1020,1029,1027,1020,1018,1014,1020,1025,1026,1018,1018,1010,1009,1013,1018,1019,1015,1010,1006,1008,1010,1009,1013,1023,1028,1025,1020,1014,1017,1023,1027,1028,1024,1023,1026,1027,1025,1027,1025,1026,1025,1024,1035,1040
,North Macedonia,41.6086,21.7453,1033,1032,1033,1028,1025,1018,1016,1011,1019,1021,1020,1019,1017,1007,998,1018,1024,1030,1033,1024,1013,1018,1026,1019,1025,1031,1028,1021,1019,1017,1023,1029,1027,1020,1017,1005,1006,1012,1020,1018,1012,1007,1005,1010,1009,1009,1015,1029,1033,1028,1022,1020,1025,1027,1031,1030,1025,1026,1029,1029,1028,1030,1029,1029,1027,1027,1040,1043
,Norway,60.472,8.4689,1027,1016,1007,1007,1004,996,991,989,993,989,980,994,1001,1008,1018,1020,1024,1011,977,960,970,982,1001,1011,1001,975,976,991,1001,996,991,980,990,1004,996,998,999,1000,994,978,985,1002,1005,1002,1005,1008,993,1015,1003,993,1010,1018,1011,1004,996,1007,1016,1004,1001,1004,988,988,1005,1007,1005,1028,1028,1021
,Romania,45.9432,24.9668,1032,1033,1031,1025,1024,1018,1012,1007,1016,1013,1014,1013,1009,1003,999,1019,1022,1031,1031,1017,1007,1015,1023,1018,1027,1032,1026,1021,1021,1020,1023,1028,1022,1013,1013,1000,1001,1009,1018,1014,1007,1006,1004,1009,1007,1008,1016,1030,1033,1028,1021,1021,1030,1031,1033,1031,1024,1026,1031,1029,1028,1032,1032,1032,1027,1030,1042,1044
,Denmark,56.2639,9.5018,1030,1027,1017,1015,1012,1001,986,992,995,994,990,999,1000,1005,1027,1024,1026,1016,991,975,982,992,1003,1014,1009,990,996,1004,1005,1004,1007,999,1000,1007,982,992,997,1004,988,984,990,998,1004,1002,1001,1010,1005,1027,1018,1008,1015,1026,1019,1015,1012,1008,1011,1018,1009,1011,997,998,1017,1012,1011,1030,1039,1032
,Estonia,58.5953,25.0136,1008,1016,1004,1005,1007,1008,1003,997,999,997,993,983,991,1001,1011,1010,1024,1019,1008,975,977,986,996,1012,1018,1005,993,998,1001,1011,1008,998,986,996,998,988,994,999,1002,993,998,1005,1006,1004,1007,1011,1014,1012,1008,1001,993,1016,1016,1017,1008,1009,1011,1018,1004,1008,1010,1004,1011,1022,1015,1020,1027,1013
,Netherlands,52.1326,5.2913,1037,1032,1024,1021,1014,1004,993,1005,1006,1006,1003,1007,1010,1014,1034,1032,1025,1018,1000,992,1001,1011,1002,1016,1014,1000,1009,1017,1017,1011,1021,1017,1014,1012,998,998,1001,1011,991,991,990,1001,1009,996,997,1015,1010,1032,1024,1017,1029,1033,1025,1023,1021,1012,1018,1028,1019,1014,1002,1007,1021,1014,1023,1038,1046,1042
,San Marino,43.9424,12.4578,1034,1030,1027,1024,1021,1019,1009,1010,1019,1019,1018,1019,1017,1007,1017,1028,1026,1028,1029,1017,1008,1016,1019,1017,1027,1028,1025,1023,1020,1024,1024,1031,1026,1020,1011,999,1009,1014,1016,1007,1000,998,1010,1010,999,1010,1019,1031,1032,1028,1023,1027,1031,1027,1030,1028,1025,1027,1028,1026,1026,1028,1029,1026,1021,1027,1038,1041
,Belarus,53.7098,27.9534,1012,1021,1015,1012,1018,1015,1008,999,1001,999,1002,994,996,1001,1014,1012,1021,1024,1022,998,990,997,1007,1017,1026,1023,1012,1012,1013,1017,1019,1018,1002,1001,1003,993,995,1003,1010,1005,1004,1004,1007,1007,1008,1009,1016,1019,1019,1016,1006,1016,1027,1026,1024,1019,1015,1016,1021,1016,1021,1021,1023,1031,1026,1029,1037,1025
" Montreal, QC",Canada,45.5017,-73.5673,1029,1025,1026,1028,1019,1003,1001,1010,1022,1028,1025,1014,1000,1005,1009,1018,1008,992,1019,1031,1017,1013,1014,1008,1029,1028,1014,1026,1019,1020,1031,1026,1017,1016,1011,1014,1016,994,1001,1010,1018,1008,1001,998,1016,1019,1027,1003,999,1006,1005,1006,1009,1010,1013,1010,1037,1024,1015,1019,1031,1025,1018,1016,1039,1028,1008,1025
,Iceland,64.9631,-19.0208,1004,993,998,981,971,973,985,989,986,987,994,996,998,1009,1001,998,982,969,960,959,984,998,1004,969,959,951,974,992,982,966,965,979,997,993,989,997,999,987,982,982,992,988,985,991,1005,993,994,979,977,1007,1001,984,968,956,973,982,974,966,977,976,965,974,987,1000,1014,996,1005,1020
,Lithuania,55.1694,23.8813,1015,1023,1013,1012,1016,1013,1003,995,1001,996,998,992,998,1001,1017,1014,1026,1024,1016,986,986,994,1005,1016,1024,1013,1006,1009,1010,1016,1014,1011,998,1003,998,991,994,1002,1006,998,999,1002,1005,1007,1006,1007,1015,1021,1018,1013,1003,1020,1024,1023,1019,1017,1010,1019,1016,1014,1017,1014,1021,1028,1020,1028,1036,1024
,Mexico,23.6345,-102.5528,1021,1016,1015,1016,1017,1018,1017,1016,1015,1012,1018,1026,1021,1015,1013,1009,1011,1014,1017,1016,1014,1013,1011,1016,1018,1018,1016,1012,1012,1015,1018,1023,1020,1016,1012,1011,1020,1022,1023,1019,1014,1013,1009,1011,1020,1023,1020,1016,1012,1009,1019,1030,1028,1022,1023,1021,1017,1015,1020,1019,1019,1019,1017,1018,1018,1020,1022,1023
,New Zealand,-40.9006,174.886,1015,1015,1017,1016,1018,1016,1014,1010,1010,1013,1015,1012,1011,1006,1013,1018,1024,1017,1020,1019,1019,1019,1017,1020,1021,1018,1017,1016,1011,1012,1010,1010,1019,1023,1019,1017,1015,1013,1014,1022,1022,1013,1014,1025,1027,1021,1015,1015,1010,1003,1005,1006,1000,1008,1015,1016,1018,1017,1015,1017,1023,1022,1022,1020,1018,1016,1015,1015
,Nigeria,9.082,8.6753,1011,1012,1012,1013,1012,1012,1011,1012,1013,1013,1012,1012,1012,1013,1012,1011,1011,1010,1011,1012,1012,1012,1011,1010,1009,1010,1010,1011,1010,1008,1008,1009,1010,1010,1010,1009,1009,1009,1008,1009,1011,1011,1010,1009,1008,1008,1009,1011,1013,1013,1013,1012,1011,1010,1011,1011,1012,1012,1011,1009,1009,1009,1011,1012,1013,1012,1011,1011
Western Australia,Australia,-31.9505,115.8605,1016,1016,1016,1014,1013,1010,1008,1008,1009,1014,1019,1017,1014,1010,1009,1009,1009,1009,1012,1012,1011,1012,1011,1008,1009,1014,1018,1016,1011,1013,1014,1012,1011,1012,1012,1014,1011,1007,1008,1014,1017,1015,1011,1007,1009,1016,1015,1011,1013,1018,1019,1013,1010,1007,1007,1011,1017,1014,1010,1011,1009,1011,1010,1009,1013,1014,1011,1013
,Ireland,53.1424,-7.6921,1039,1032,1022,1011,1001,992,995,1004,999,996,1000,1000,1012,1028,1035,1026,1006,1001,980,994,1006,1008,995,1005,987,983,1003,1014,1010,1007,1010,1012,1015,1003,1000,1006,1006,991,975,982,989,1002,1006,1000,1006,1003,1000,1024,1008,1025,1032,1025,1012,1010,1017,1007,1019,1010,1013,991,986,997,997,1011,1030,1044,1046,1042
,Luxembourg,49.8153,6.1296,1037,1031,1025,1022,1018,1010,1000,1011,1012,1012,1009,1012,1014,1017,1034,1033,1027,1023,1012,1002,1010,1017,1007,1020,1021,1011,1016,1025,1021,1019,1028,1026,1021,1018,1003,1002,1002,1016,998,996,992,1004,1012,995,997,1018,1016,1033,1029,1023,1032,1036,1029,1028,1027,1018,1020,1032,1026,1020,1012,1015,1024,1019,1027,1037,1046,1042
,Monaco,43.7333,7.4167,1031,1027,1024,1022,1020,1018,1011,1012,1018,1018,1018,1019,1018,1012,1021,1028,1026,1027,1029,1018,1012,1018,1019,1017,1026,1028,1025,1023,1021,1023,1023,1030,1027,1020,1010,1004,1010,1015,1015,1006,996,999,1010,1007,1000,1011,1019,1030,1031,1027,1024,1026,1030,1025,1029,1028,1024,1027,1027,1025,1025,1027,1028,1025,1022,1024,1034,1036
,Qatar,25.3548,51.1839,1015,1018,1020,1020,1022,1023,1021,1019,1019,1018,1017,1020,1022,1020,1019,1020,1018,1016,1016,1017,1019,1026,1026,1023,1020,1018,1017,1017,1014,1011,1016,1018,1018,1015,1011,1015,1018,1016,1013,1012,1015,1018,1016,1015,1015,1013,1013,1015,1018,1017,1013,1013,1018,1020,1018,1014,1010,1013,1020,1020,1019,1023,1024,1021,1017,1016,1018,1018
"Snohomish County, WA",US,48.033,-121.8339,1007,1016,1013,1013,1015,1014,1018,1016,1021,1023,1016,1017,1024,1027,1028,1017,1017,1013,1018,1032,1031,1025,1025,1015,1019,1018,1021,1029,1029,1027,1025,1022,1020,1016,1034,1034,1032,1030,1017,1017,1028,1023,1020,1023,1016,1014,1011,1012,1008,1018,1011,1022,1024,1020,1010,1011,1021,1010,1008,1003,1011,1014,1008,1005,1020,1022,1022,1013
,Ecuador,-1.8312,-78.1834,1013,1012,1012,1013,1013,1012,1011,1011,1011,1012,1012,1013,1013,1013,1013,1011,1011,1012,1011,1012,1012,1012,1012,1011,1011,1012,1011,1011,1011,1011,1010,1011,1012,1012,1012,1011,1012,1012,1013,1014,1014,1013,1012,1013,1013,1013,1012,1010,1009,1010,1013,1013,1011,1012,1013,1015,1013,1011,1012,1012,1014,1013,1013,1014,1015,1015,1015,1015
,Azerbaijan,40.1431,47.5769,1023,1011,1020,1029,1021,1027,1021,1015,1014,1007,1011,1019,1016,1006,1015,1011,1004,1004,1017,1028,1023,1014,1019,1026,1032,1029,1034,1032,1022,1015,1017,1021,1020,1015,1008,1022,1019,1010,1013,1013,1022,1023,1023,1018,1018,1023,1026,1014,1019,1026,1021,1015,1022,1022,1017,1017,1020,1024,1020,1022,1028,1030,1037,1028,1022,1027,1030,1027
,Czech Republic,49.8175,15.472999999999999,1035,1035,1027,1024,1022,1016,1002,1007,1014,1008,1008,1009,1011,1005,1024,1030,1030,1028,1021,1000,1003,1014,1015,1016,1026,1020,1017,1023,1019,1022,1023,1024,1014,1018,1003,998,1003,1012,1007,1003,996,999,1012,1006,997,1012,1020,1035,1031,1025,1023,1033,1031,1028,1029,1024,1020,1031,1028,1024,1021,1023,1030,1025,1026,1033,1046,1043
,Armenia,40.0691,45.0382,1025,1016,1022,1031,1027,1029,1025,1020,1019,1010,1010,1022,1022,1013,1018,1017,1008,1004,1018,1027,1025,1022,1024,1030,1033,1028,1031,1033,1024,1016,1018,1020,1022,1018,1012,1022,1024,1016,1013,1012,1019,1023,1024,1020,1017,1020,1024,1016,1020,1025,1020,1016,1023,1025,1019,1017,1021,1024,1022,1023,1029,1028,1035,1029,1021,1024,1028,1026
,Dominican Republic,18.7357,-70.1627,1014,1012,1012,1014,1015,1016,1015,1014,1015,1016,1017,1018,1017,1018,1019,1019,1017,1018,1020,1020,1020,1020,1019,1019,1019,1018,1017,1017,1018,1019,1017,1016,1015,1015,1017,1017,1017,1017,1018,1018,1018,1018,1017,1018,1019,1018,1015,1016,1016,1017,1019,1019,1018,1017,1017,1019,1021,1021,1021,1021,1022,1020,1018,1019,1020,1020,1019,1017
,Indonesia,-0.7893,113.9213,1011,1010,1010,1010,1010,1009,1010,1010,1011,1011,1011,1011,1011,1010,1010,1010,1011,1011,1011,1012,1012,1011,1011,1010,1011,1012,1012,1012,1011,1011,1011,1011,1010,1009,1009,1010,1009,1009,1008,1009,1009,1010,1010,1011,1012,1011,1011,1011,1012,1011,1009,1009,1009,1009,1009,1008,1008,1009,1009,1008,1009,1010,1011,1011,1010,1011,1011,1012
,Portugal,39.3999,-8.2245,1016,1015,1017,1017,1024,1024,1024,1024,1024,1024,1026,1028,1028,1029,1024,1021,1023,1025,1030,1033,1028,1024,1025,1026,1026,1027,1029,1031,1030,1024,1027,1030,1030,1027,1025,1025,1026,1020,1017,1015,1017,1022,1023,1020,1025,1027,1028,1031,1031,1033,1033,1030,1030,1032,1030,1029,1030,1031,1031,1026,1021,1021,1023,1031,1027,1025,1022,1018
,Andorra,42.5063,1.5218,1023,1021,1022,1020,1020,1020,1018,1021,1020,1021,1021,1026,1027,1025,1031,1027,1024,1024,1027,1026,1024,1024,1021,1025,1025,1024,1025,1031,1031,1025,1030,1032,1032,1026,1017,1016,1016,1020,1010,1008,1000,1010,1016,1008,1011,1021,1022,1032,1031,1031,1034,1031,1029,1030,1030,1026,1027,1031,1030,1024,1020,1022,1026,1027,1027,1025,1031,1027
Tasmania,Australia,-41.4545,145.9707,1001,994,1004,1010,1010,1013,1012,1014,1010,1007,1004,1004,1009,1020,1020,1024,1025,1028,1026,1019,1011,1015,1017,1010,1010,1018,1016,1009,1007,1011,1018,1024,1020,1018,1009,1004,1003,1009,1012,1007,1010,1019,1019,1006,1011,1023,1025,1012,1016,1013,1008,1020,1020,1018,1019,1018,1004,1011,1018,1018,1017,1012,1009,1016,1015,1011,1008,1005
,Latvia,56.8796,24.6032,1011,1019,1008,1009,1012,1011,1003,995,999,996,995,987,994,1002,1015,1012,1025,1021,1013,981,982,989,1000,1015,1022,1009,1000,1004,1006,1013,1011,1005,992,1000,998,989,991,999,1004,996,999,1003,1005,1006,1007,1009,1015,1017,1013,1008,998,1018,1020,1020,1014,1014,1010,1019,1010,1011,1014,1010,1016,1026,1018,1024,1032,1018
,Morocco,31.7917,-7.0926,1016,1018,1020,1021,1025,1025,1025,1026,1026,1026,1025,1026,1027,1026,1022,1021,1024,1026,1027,1029,1028,1025,1024,1023,1024,1026,1026,1025,1022,1019,1021,1024,1026,1027,1025,1022,1021,1021,1021,1021,1022,1023,1022,1020,1021,1020,1022,1030,1030,1031,1029,1026,1025,1027,1027,1027,1026,1024,1026,1026,1025,1026,1028,1031,1031,1024,1013,1013
,Saudi Arabia,24.0,45.0,1014,1020,1020,1021,1027,1026,1022,1018,1021,1017,1016,1021,1022,1017,1017,1018,1016,1015,1016,1017,1021,1027,1027,1023,1020,1015,1013,1014,1011,1014,1016,1016,1015,1012,1010,1018,1020,1017,1011,1011,1017,1020,1017,1016,1013,1012,1016,1014,1015,1015,1013,1014,1020,1020,1015,1013,1012,1017,1025,1022,1022,1026,1024,1019,1015,1016,1020,1016
,Senegal,14.4974,-14.4524,1012,1012,1012,1012,1013,1011,1011,1012,1013,1013,1011,1011,1013,1013,1012,1011,1013,1013,1013,1013,1012,1012,1011,1011,1010,1010,1010,1011,1009,1008,1008,1009,1010,1010,1009,1009,1010,1011,1010,1010,1011,1011,1011,1010,1008,1008,1008,1013,1013,1014,1015,1014,1013,1013,1013,1014,1015,1014,1014,1013,1012,1013,1014,1014,1013,1012,1009,1010
"Grafton County, NH",US,43.9088,-71.82600000000001,1029,1028,1027,1029,1021,1004,1001,1008,1017,1026,1024,1013,1000,1006,1009,1016,1008,988,1017,1032,1019,1014,1016,1006,1025,1031,1018,1024,1025,1019,1029,1028,1019,1018,1014,1013,1015,996,1004,1009,1017,1013,1003,999,1015,1017,1022,1004,1001,1008,1007,1005,1006,1012,1014,1011,1035,1029,1018,1014,1030,1025,1018,1012,1033,1028,1005,1022
"Hillsborough, FL",US,27.9904,-82.3018,1024,1022,1018,1017,1019,1019,1014,1014,1013,1014,1016,1016,1021,1021,1020,1016,1008,1015,1025,1027,1023,1020,1018,1017,1020,1024,1019,1018,1020,1021,1019,1022,1025,1023,1017,1013,1014,1021,1024,1025,1025,1020,1016,1016,1016,1019,1026,1018,1018,1017,1016,1017,1026,1024,1022,1028,1029,1026,1022,1024,1026,1024,1023,1024,1026,1025,1019,1022
"Placer County, CA",US,39.0916,-120.8039,1020,1024,1023,1021,1020,1022,1027,1026,1023,1023,1026,1024,1017,1021,1024,1023,1020,1019,1016,1018,1016,1018,1017,1017,1019,1022,1021,1018,1017,1020,1021,1018,1015,1024,1026,1025,1026,1023,1020,1015,1016,1017,1017,1018,1019,1014,1013,1020,1019,1019,1023,1027,1033,1030,1022,1019,1018,1024,1024,1021,1021,1022,1017,1011,1026,1026,1021,1017
"San Mateo, CA",US,37.563,-122.3255,1020,1024,1022,1021,1020,1023,1028,1027,1024,1024,1026,1025,1020,1021,1024,1024,1021,1020,1018,1016,1016,1018,1017,1018,1019,1022,1023,1019,1017,1019,1019,1017,1017,1026,1027,1025,1025,1023,1019,1018,1015,1017,1016,1018,1020,1016,1014,1021,1020,1020,1022,1028,1033,1031,1023,1020,1018,1026,1025,1023,1022,1023,1017,1011,1025,1026,1020,1017
"Sarasota, FL",US,27.3364,-82.5307,1023,1021,1018,1016,1019,1019,1014,1014,1013,1014,1016,1016,1021,1021,1020,1016,1008,1015,1024,1026,1023,1020,1018,1017,1020,1023,1019,1018,1020,1021,1019,1021,1025,1022,1017,1014,1014,1021,1024,1025,1025,1020,1016,1016,1016,1019,1026,1018,1018,1017,1016,1018,1025,1023,1022,1027,1028,1025,1022,1024,1025,1024,1023,1024,1025,1025,1019,1021
"Sonoma County, CA",US,38.578,-122.9888,1019,1024,1023,1021,1020,1023,1028,1026,1024,1024,1026,1025,1020,1022,1025,1024,1021,1020,1018,1019,1017,1018,1017,1018,1019,1022,1022,1019,1017,1019,1020,1018,1016,1025,1027,1025,1026,1023,1020,1017,1016,1018,1017,1018,1020,1015,1013,1020,1020,1020,1022,1028,1034,1031,1022,1019,1018,1025,1024,1022,1021,1022,1016,1010,1025,1026,1020,1017
"Umatilla, OR",US,45.775,-118.7606,1012,1020,1018,1016,1017,1017,1022,1018,1023,1026,1021,1018,1022,1026,1029,1018,1015,1015,1017,1029,1030,1023,1024,1015,1019,1020,1020,1027,1029,1030,1028,1024,1019,1019,1032,1034,1030,1029,1016,1017,1025,1022,1019,1021,1016,1011,1010,1017,1009,1018,1016,1023,1028,1025,1014,1010,1019,1016,1010,1007,1010,1015,1014,1006,1022,1027,1028,1018
"Fulton County, GA",US,33.8034,-84.3963,1031,1028,1023,1016,1019,1019,1015,1017,1017,1020,1021,1017,1016,1017,1016,1011,998,1010,1025,1030,1023,1016,1016,1013,1027,1029,1023,1020,1019,1024,1026,1031,1030,1025,1016,1010,1014,1022,1021,1023,1024,1017,1011,1015,1017,1022,1030,1016,1017,1015,1011,1015,1025,1021,1020,1029,1032,1028,1018,1024,1026,1023,1022,1026,1033,1027,1021,1028
"Washington County, OR",US,45.547,-123.1386,1010,1017,1015,1015,1014,1016,1019,1017,1023,1024,1021,1022,1024,1028,1030,1022,1021,1019,1022,1032,1030,1028,1025,1018,1023,1020,1025,1030,1027,1024,1023,1023,1021,1023,1036,1033,1032,1029,1019,1021,1029,1027,1024,1024,1017,1015,1012,1018,1014,1019,1014,1026,1028,1026,1014,1014,1022,1014,1015,1009,1011,1016,1006,1006,1020,1022,1021,1013
,Argentina,-38.4161,-63.6167,1013,1013,1008,1009,1008,1010,1016,1004,1012,1012,1008,1005,1011,1007,1009,1012,1013,1018,1020,1023,1020,1017,1009,1011,1009,1004,1004,1005,1011,1010,1022,1027,1023,1011,1005,1011,1013,1009,1013,1016,1013,1013,1012,1014,1014,1011,1006,1014,1017,1017,1015,1011,1003,1004,1003,1002,1008,1012,1010,1014,1012,1003,1009,1019,1017,1011,1008,1010
,Chile,-35.6751,-71.543,1011,1011,1015,1015,1015,1016,1014,1013,1014,1014,1014,1014,1014,1015,1016,1013,1015,1016,1014,1014,1013,1012,1013,1014,1014,1012,1010,1014,1012,1011,1011,1013,1016,1015,1016,1017,1015,1014,1015,1014,1014,1015,1014,1014,1013,1013,1013,1012,1013,1015,1016,1014,1015,1016,1013,1016,1017,1015,1012,1011,1012,1012,1014,1011,1010,1009,1010,1012
,Jordan,31.24,36.51,1021,1022,1019,1029,1029,1025,1018,1021,1022,1017,1020,1023,1021,1018,1016,1016,1016,1018,1023,1025,1024,1023,1023,1022,1016,1013,1017,1015,1013,1018,1016,1018,1017,1013,1013,1020,1021,1016,1013,1016,1021,1021,1016,1013,1009,1017,1021,1018,1016,1018,1017,1017,1017,1016,1015,1015,1016,1023,1024,1023,1025,1023,1017,1014,1016,1019,1023,1020
" Norfolk County, MA",US,42.1767,-71.1449,1029,1030,1028,1028,1020,1005,1003,1007,1016,1026,1026,1013,999,1007,1009,1015,1006,987,1017,1033,1021,1013,1018,1006,1022,1034,1020,1023,1025,1019,1029,1029,1021,1020,1016,1012,1014,997,1007,1009,1017,1016,1004,1001,1016,1015,1018,1003,1003,1011,1008,1004,1004,1013,1015,1011,1035,1033,1022,1015,1030,1025,1019,1010,1031,1029,1005,1020
"Maricopa County, AZ",US,33.2918,-112.4291,1018,1019,1018,1015,1017,1018,1018,1019,1013,1016,1022,1023,1013,1007,1015,1018,1018,1017,1014,1009,1010,1014,1017,1018,1017,1019,1017,1012,1014,1015,1018,1017,1015,1020,1019,1022,1027,1023,1020,1015,1010,1008,1009,1018,1019,1015,1012,1016,1015,1012,1023,1025,1023,1025,1021,1013,1011,1019,1019,1017,1018,1017,1015,1016,1020,1022,1020,1017
"Wake County, NC",US,35.8032,-78.5661,1030,1030,1027,1019,1013,1015,1012,1015,1019,1022,1024,1014,1009,1014,1014,1013,1002,1000,1025,1032,1026,1015,1019,1010,1025,1033,1024,1022,1022,1025,1028,1031,1030,1024,1018,1010,1009,1014,1017,1018,1025,1018,1009,1015,1018,1013,1027,1009,1013,1017,1013,1008,1020,1020,1017,1025,1037,1034,1024,1023,1026,1022,1021,1022,1037,1029,1015,1027
"Westchester County, NY",US,41.122,-73.7949,1030,1031,1029,1027,1015,1008,1005,1009,1018,1026,1026,1013,1001,1008,1009,1015,1004,989,1020,1031,1021,1013,1020,1007,1024,1034,1021,1024,1023,1023,1030,1031,1023,1021,1016,1012,1012,1000,1009,1012,1019,1014,1004,1006,1018,1013,1022,1004,1007,1013,1009,1004,1009,1014,1016,1015,1038,1033,1022,1017,1029,1025,1020,1014,1034,1028,1008,1023
,Ukraine,48.3794,31.1656,1018,1021,1024,1019,1023,1020,1012,1003,1008,1008,1008,1006,1002,1004,1000,1013,1015,1026,1030,1018,1000,1005,1016,1022,1026,1033,1027,1019,1019,1020,1022,1026,1015,1000,1011,1000,998,1007,1016,1017,1011,1010,1009,1008,1006,1009,1017,1019,1026,1021,1014,1015,1027,1028,1030,1025,1022,1019,1027,1024,1026,1031,1032,1032,1032,1031,1038,1032
,Saint Barthelemy,17.9,-62.8333,1015,1014,1012,1013,1015,1015,1015,1014,1015,1016,1018,1018,1017,1018,1018,1018,1018,1019,1019,1019,1020,1019,1018,1018,1018,1017,1016,1016,1018,1017,1017,1016,1015,1015,1016,1016,1016,1017,1017,1018,1018,1017,1017,1018,1019,1018,1016,1014,1014,1016,1018,1017,1016,1015,1017,1019,1019,1020,1020,1020,1020,1017,1017,1018,1018,1019,1018,1017
"Orange County, CA",US,33.7879,-117.8531,1020,1021,1019,1016,1017,1020,1022,1020,1016,1019,1022,1021,1013,1012,1020,1021,1020,1018,1015,1010,1011,1016,1018,1017,1018,1020,1018,1014,1015,1017,1018,1016,1017,1023,1021,1022,1024,1020,1019,1017,1014,1011,1013,1019,1019,1016,1015,1016,1016,1014,1022,1026,1024,1024,1019,1015,1015,1022,1020,1018,1019,1019,1016,1017,1022,1022,1019,1018
,Hungary,47.1625,19.5033,1033,1035,1030,1025,1023,1019,1008,1009,1017,1011,1013,1013,1011,1002,1011,1026,1026,1032,1028,1010,1006,1016,1020,1016,1028,1029,1022,1023,1021,1022,1023,1030,1019,1018,1008,999,1005,1009,1016,1008,1001,1001,1008,1010,1003,1010,1019,1033,1033,1029,1023,1026,1033,1030,1033,1029,1024,1029,1031,1028,1027,1029,1031,1030,1027,1030,1043,1044
Northern Territory,Australia,-12.4634,130.8456,1009,1007,1007,1008,1008,1007,1006,1005,1006,1008,1008,1008,1007,1007,1008,1008,1008,1008,1007,1007,1009,1009,1008,1008,1008,1008,1008,1007,1006,1007,1008,1007,1007,1007,1006,1004,1004,1004,1007,1007,1007,1006,1005,1007,1008,1009,1008,1009,1009,1007,1006,1007,1007,1006,1006,1005,1004,1005,1005,1006,1007,1007,1007,1007,1007,1007,1008,1009
,Faroe Islands,61.8926,-6.9118,1023,1010,1005,990,984,980,980,986,979,981,989,997,990,1015,1017,1016,1003,979,961,958,970,992,1000,987,971,952,968,984,990,975,972,975,998,1003,987,987,990,994,973,971,982,987,996,993,996,986,980,1000,983,1000,1015,1002,986,976,988,999,997,983,988,977,954,965,990,981,1012,1021,1019,1028
,Gibraltar,36.1408,-5.3536,1015,1017,1019,1018,1024,1026,1026,1025,1025,1025,1026,1027,1028,1027,1024,1023,1024,1026,1029,1031,1027,1024,1024,1024,1026,1027,1027,1027,1027,1023,1026,1029,1030,1027,1024,1023,1022,1020,1019,1020,1019,1024,1023,1019,1022,1024,1025,1031,1031,1031,1030,1028,1028,1030,1028,1028,1026,1028,1029,1027,1024,1026,1027,1031,1030,1020,1013,1013
,Liechtenstein,47.14,9.55,1033,1029,1025,1022,1021,1016,1007,1014,1019,1018,1016,1019,1019,1015,1032,1032,1027,1026,1024,1012,1014,1022,1016,1023,1026,1022,1021,1029,1025,1024,1029,1030,1026,1021,1008,1005,1008,1019,1009,1004,995,1005,1015,1005,1002,1019,1021,1032,1031,1028,1032,1035,1029,1030,1031,1023,1024,1032,1029,1023,1019,1021,1027,1024,1029,1035,1042,1040
,Poland,51.9194,19.1451,1027,1032,1023,1021,1020,1014,1000,1000,1008,1002,1004,1004,1006,1001,1021,1023,1028,1028,1018,993,995,1006,1013,1014,1026,1016,1013,1017,1015,1020,1017,1018,1008,1012,999,994,1001,1009,1006,1001,997,998,1009,1008,999,1007,1018,1030,1027,1020,1014,1028,1029,1025,1025,1021,1015,1026,1024,1021,1018,1019,1028,1026,1022,1031,1044,1037
,Tunisia,34.0,9.0,1025,1023,1023,1022,1021,1024,1024,1024,1024,1023,1022,1026,1027,1021,1020,1025,1029,1027,1030,1032,1027,1024,1023,1023,1026,1028,1027,1026,1026,1025,1026,1028,1032,1027,1019,1014,1019,1021,1020,1016,1013,1013,1013,1015,1009,1014,1021,1031,1032,1031,1029,1027,1027,1028,1027,1026,1023,1022,1023,1022,1025,1027,1029,1029,1030,1022,1019,1023
"Contra Costa County, CA",US,37.8534,-121.9018,1020,1024,1023,1021,1020,1023,1028,1026,1024,1024,1026,1025,1019,1021,1024,1024,1021,1020,1017,1016,1016,1018,1017,1018,1019,1022,1022,1018,1017,1019,1020,1017,1016,1025,1027,1025,1026,1023,1019,1017,1015,1017,1016,1018,1019,1015,1014,1020,1020,1020,1023,1028,1033,1031,1022,1019,1018,1025,1024,1022,1022,1022,1017,1011,1025,1027,1021,1017
,Palestine,31.9522,35.2332,1022,1022,1019,1028,1028,1024,1018,1021,1021,1018,1020,1023,1021,1019,1016,1015,1016,1019,1024,1026,1023,1023,1022,1021,1015,1014,1017,1015,1014,1018,1016,1018,1018,1014,1014,1020,1020,1016,1014,1017,1021,1021,1015,1011,1011,1019,1020,1017,1016,1018,1016,1017,1016,1015,1014,1014,1016,1023,1024,1023,1024,1021,1015,1014,1016,1019,1023,1021
,Bosnia and Herzegovina,43.9159,17.6791,1032,1033,1028,1025,1022,1018,1012,1011,1020,1019,1019,1018,1015,1006,1010,1025,1026,1029,1030,1018,1010,1017,1021,1017,1027,1029,1025,1024,1020,1023,1024,1030,1024,1020,1011,1001,1008,1013,1019,1012,1005,1001,1009,1010,1002,1010,1019,1032,1033,1027,1023,1028,1031,1028,1031,1028,1025,1028,1029,1027,1025,1027,1029,1026,1023,1028,1041,1042
,Slovenia,46.1512,14.9955,1033,1035,1028,1024,1021,1019,1007,1010,1019,1016,1016,1016,1015,1006,1018,1029,1029,1030,1027,1012,1008,1018,1019,1017,1028,1027,1022,1025,1022,1025,1025,1031,1023,1020,1009,1000,1007,1013,1015,1006,1000,999,1012,1010,1000,1013,1021,1035,1033,1028,1025,1031,1034,1029,1033,1027,1023,1030,1031,1027,1025,1026,1031,1028,1026,1031,1044,1044
"Bergen County, NJ",US,40.9263,-74.077,1030,1031,1029,1027,1014,1009,1006,1010,1018,1026,1025,1013,1001,1008,1009,1015,1004,990,1020,1031,1021,1013,1020,1007,1025,1034,1021,1024,1022,1023,1030,1031,1024,1021,1016,1012,1012,1001,1010,1012,1019,1014,1004,1007,1018,1013,1022,1004,1007,1013,1010,1004,1010,1014,1016,1016,1038,1033,1022,1017,1029,1025,1020,1015,1034,1028,1008,1024
"Harris County, TX",US,29.7752,-95.3103,1031,1019,1014,1020,1020,1015,1016,1012,1016,1018,1020,1024,1020,1013,1008,1007,1010,1013,1020,1017,1014,1016,1011,1022,1028,1023,1016,1012,1015,1021,1025,1035,1028,1018,1010,1013,1026,1029,1027,1024,1015,1011,1009,1008,1021,1030,1029,1023,1015,1005,1013,1026,1026,1021,1028,1026,1017,1011,1017,1023,1021,1018,1019,1023,1023,1021,1030,1033
"San Francisco County, CA",US,37.7749,-122.4194,1020,1024,1022,1021,1020,1023,1028,1027,1024,1024,1026,1025,1020,1021,1024,1024,1021,1020,1018,1017,1017,1018,1017,1018,1019,1022,1023,1019,1017,1019,1020,1017,1016,1026,1027,1025,1026,1023,1020,1018,1015,1017,1016,1018,1020,1016,1014,1021,1020,1020,1023,1028,1033,1031,1023,1020,1018,1026,1024,1023,1022,1023,1017,1011,1025,1026,1020,1017
,South Africa,-30.5595,22.9375,1009,1009,1009,1009,1011,1018,1014,1012,1013,1011,1013,1015,1013,1012,1009,1010,1011,1010,1011,1014,1015,1013,1011,1010,1012,1013,1014,1015,1014,1012,1011,1010,1017,1018,1014,1012,1013,1018,1017,1015,1014,1016,1017,1017,1016,1015,1015,1009,1008,1010,1008,1007,1009,1009,1009,1012,1014,1012,1011,1011,1011,1012,1011,1006,1006,1006,1010,1010
"Clark County, NV",US,36.0796,-115.094,1017,1021,1021,1017,1019,1018,1022,1021,1018,1022,1027,1025,1009,1013,1023,1022,1017,1017,1011,1011,1015,1019,1017,1019,1018,1019,1016,1014,1018,1019,1024,1020,1014,1019,1021,1028,1030,1026,1022,1013,1007,1013,1015,1018,1021,1015,1009,1021,1016,1016,1025,1026,1027,1030,1023,1012,1012,1023,1019,1018,1017,1016,1017,1014,1022,1027,1025,1019
"Fort Bend County, TX",US,29.5693,-95.8143,1030,1018,1015,1021,1019,1015,1016,1012,1017,1018,1021,1024,1020,1012,1008,1008,1010,1013,1020,1017,1013,1016,1011,1022,1028,1023,1016,1012,1014,1021,1026,1035,1028,1018,1010,1013,1027,1029,1028,1024,1015,1010,1008,1008,1021,1030,1029,1023,1015,1005,1013,1026,1026,1021,1028,1025,1017,1011,1018,1022,1021,1018,1018,1023,1022,1021,1030,1033
"Grant County, WA",US,47.1981,-119.3732,1011,1018,1018,1014,1017,1016,1020,1017,1022,1026,1018,1014,1021,1025,1028,1016,1015,1014,1015,1029,1029,1021,1023,1014,1016,1017,1018,1026,1029,1031,1029,1024,1018,1015,1030,1035,1030,1028,1016,1014,1024,1018,1016,1020,1017,1011,1009,1014,1005,1016,1014,1020,1025,1021,1011,1007,1019,1014,1007,1003,1011,1016,1016,1006,1022,1028,1029,1018
"Santa Rosa County, FL",US,30.769000000000002,-86.9824,1030,1026,1018,1016,1021,1019,1015,1016,1013,1018,1017,1019,1020,1019,1016,1010,1001,1015,1024,1026,1020,1018,1015,1015,1026,1027,1019,1017,1018,1022,1020,1030,1030,1024,1013,1010,1016,1024,1024,1025,1023,1016,1012,1012,1013,1024,1030,1019,1018,1012,1011,1020,1028,1023,1023,1029,1027,1023,1017,1023,1024,1023,1022,1025,1028,1024,1023,1029
"Williamson County, TN",US,35.9179,-86.8622,1035,1028,1020,1013,1019,1018,1015,1018,1018,1020,1020,1017,1013,1012,1011,1007,1000,1012,1023,1025,1017,1019,1013,1018,1033,1028,1020,1017,1018,1029,1031,1036,1030,1022,1011,1009,1017,1023,1020,1025,1019,1011,1009,1016,1017,1026,1033,1016,1016,1010,1009,1019,1024,1021,1021,1028,1027,1022,1011,1024,1026,1021,1019,1033,1033,1020,1028,1034
"New York County, NY",US,40.7128,-74.006,1030,1031,1029,1027,1014,1009,1006,1010,1018,1026,1025,1013,1002,1009,1009,1015,1003,990,1020,1031,1022,1013,1020,1007,1024,1035,1022,1024,1022,1023,1030,1031,1024,1021,1016,1012,1012,1000,1010,1012,1020,1014,1004,1007,1018,1012,1021,1004,1008,1013,1010,1003,1010,1015,1016,1016,1038,1034,1023,1017,1029,1025,1020,1014,1034,1028,1008,1024
"Unassigned Location, WA",US,47.7511,-120.7401,1010,1017,1016,1014,1017,1016,1020,1017,1021,1025,1015,1015,1023,1026,1027,1015,1015,1013,1016,1029,1029,1021,1023,1014,1017,1016,1019,1028,1030,1030,1028,1023,1019,1015,1031,1034,1030,1029,1016,1015,1025,1019,1017,1022,1017,1013,1010,1012,1006,1016,1012,1020,1024,1020,1010,1008,1020,1013,1007,1002,1011,1015,1016,1007,1022,1027,1028,1018
"Montgomery County, MD",US,39.1547,-77.2405,1032,1032,1029,1024,1012,1012,1009,1014,1019,1025,1025,1013,1003,1010,1009,1015,1002,994,1022,1030,1021,1014,1021,1008,1027,1034,1022,1024,1020,1026,1031,1033,1027,1022,1016,1010,1009,1009,1013,1016,1022,1014,1005,1011,1019,1012,1026,1007,1011,1014,1010,1005,1016,1017,1016,1021,1039,1033,1022,1020,1028,1023,1021,1020,1038,1027,1013,1028
"Suffolk County, MA",US,42.3601,-71.0589,1029,1030,1028,1028,1020,1005,1002,1007,1016,1026,1025,1013,999,1007,1009,1015,1007,987,1017,1033,1021,1013,1017,1006,1022,1033,1020,1023,1025,1019,1029,1029,1021,1019,1016,1012,1014,997,1007,1009,1017,1015,1004,1001,1016,1015,1018,1003,1003,1011,1008,1004,1004,1013,1015,1011,1035,1032,1022,1015,1031,1025,1019,1010,1030,1029,1005,1020
"Denver County, CO",US,39.7392,-104.9903,1013,1012,1021,1015,1015,1017,1015,1021,1019,1020,1022,1018,1006,1012,1027,1019,1008,1016,1009,1022,1024,1023,1019,1024,1013,1018,1012,1016,1028,1032,1038,1025,1016,1015,1016,1033,1030,1024,1023,1012,1012,1010,1012,1016,1027,1021,1011,1018,1001,1008,1019,1018,1024,1025,1021,1006,1009,1021,1014,1014,1013,1010,1021,1022,1010,1028,1032,1028
"Summit County, CO",US,39.5912,-106.064,1016,1017,1025,1020,1021,1020,1018,1026,1022,1025,1031,1028,1011,1002,1023,1025,1012,1011,1011,1018,1022,1025,1021,1024,1018,1019,1014,1016,1027,1027,1038,1029,1019,1014,1021,1036,1036,1030,1028,1016,1011,1014,1018,1021,1028,1025,1015,1026,1010,1014,1027,1026,1027,1033,1028,1011,1013,1025,1020,1020,1018,1014,1023,1022,1016,1033,1035,1029
,Bhutan,27.5142,90.4336,1017,1014,1015,1015,1012,1011,1013,1015,1014,1014,1015,1016,1017,1016,1014,1015,1017,1019,1020,1017,1017,1015,1012,1008,1012,1015,1015,1014,1016,1017,1020,1021,1019,1017,1016,1016,1016,1016,1014,1014,1013,1013,1014,1014,1015,1015,1011,1022,1023,1020,1015,1015,1018,1016,1017,1016,1016,1017,1015,1013,1013,1015,1016,1016,1017,1016,1016,1018
,Cameroon,3.8480000000000003,11.5021,1011,1011,1012,1012,1012,1011,1011,1011,1012,1012,1011,1012,1012,1012,1012,1011,1011,1011,1011,1011,1011,1011,1011,1009,1009,1010,1010,1011,1010,1008,1008,1008,1009,1009,1009,1009,1010,1010,1009,1010,1011,1012,1012,1010,1009,1010,1010,1010,1010,1011,1011,1011,1011,1010,1011,1012,1013,1012,1012,1011,1010,1010,1011,1012,1013,1012,1011,1011
"Calgary, Alberta",Canada,51.0447,-114.0719,1007,1010,1013,1007,1013,1015,1015,1016,1014,1017,1008,999,1017,1025,1017,1007,1010,1014,1017,1020,1025,1011,1028,1007,1008,1011,1013,1026,1034,1030,1020,1013,1012,1014,1027,1033,1023,1020,1011,1003,1016,1004,1004,1010,1017,1011,1017,1001,995,1008,1009,1006,1016,1019,1016,1003,1024,1015,1012,1022,1026,1030,1035,1025,1029,1038,1028,1014
,Colombia,4.5709,-74.2973,1016,1017,1016,1015,1014,1014,1017,1019,1018,1018,1018,1018,1017,1017,1017,1016,1015,1015,1015,1015,1016,1015,1015,1014,1014,1015,1013,1013,1013,1014,1013,1014,1014,1014,1013,1014,1015,1014,1014,1014,1014,1014,1014,1015,1017,1017,1016,1014,1013,1013,1015,1017,1017,1015,1015,1016,1015,1013,1013,1013,1013,1014,1014,1015,1015,1014,1014,1015
,Costa Rica,9.7489,-83.7534,1018,1018,1017,1018,1019,1019,1018,1016,1016,1016,1016,1017,1018,1017,1016,1015,1014,1015,1017,1017,1015,1015,1014,1014,1015,1015,1014,1013,1014,1015,1015,1017,1018,1016,1014,1014,1015,1016,1016,1017,1016,1015,1015,1015,1016,1018,1018,1016,1015,1015,1015,1018,1020,1018,1017,1018,1016,1013,1013,1014,1015,1015,1015,1015,1015,1014,1014,1017
,Peru,-9.19,-75.0152,1009,1009,1010,1010,1011,1010,1009,1008,1010,1011,1011,1012,1012,1012,1011,1009,1010,1011,1010,1011,1012,1012,1011,1010,1011,1011,1010,1009,1010,1010,1008,1009,1013,1013,1010,1009,1010,1012,1012,1013,1015,1011,1011,1012,1012,1012,1010,1007,1009,1011,1012,1011,1009,1008,1009,1010,1010,1010,1011,1011,1011,1011,1011,1012,1013,1014,1012,1011
,Serbia,44.0165,21.0059,1033,1035,1030,1026,1022,1018,1013,1011,1020,1017,1017,1017,1015,1005,1004,1023,1026,1031,1030,1019,1012,1020,1024,1018,1028,1030,1025,1023,1021,1022,1025,1031,1024,1020,1012,1000,1007,1012,1019,1014,1006,1003,1008,1011,1005,1009,1018,1033,1034,1029,1024,1024,1032,1031,1034,1030,1024,1028,1031,1028,1027,1029,1030,1030,1026,1030,1043,1044
,Slovakia,48.669,19.699,1031,1034,1028,1024,1023,1018,1008,1007,1014,1009,1011,1010,1009,1000,1013,1025,1025,1031,1027,1007,1004,1014,1019,1016,1028,1028,1021,1022,1020,1021,1022,1028,1016,1016,1006,997,1004,1008,1014,1008,1000,1001,1009,1010,1003,1009,1019,1032,1032,1028,1021,1027,1032,1029,1032,1029,1023,1028,1030,1027,1026,1029,1030,1030,1026,1029,1043,1042
,Togo,8.6195,0.8248,1011,1011,1012,1012,1012,1011,1011,1011,1012,1012,1012,1012,1012,1012,1011,1011,1011,1010,1011,1012,1012,1011,1011,1009,1009,1009,1009,1010,1009,1008,1008,1008,1010,1009,1009,1008,1009,1009,1008,1008,1010,1011,1011,1009,1008,1008,1009,1011,1012,1013,1013,1011,1010,1010,1011,1011,1011,1012,1011,1010,1009,1010,1011,1012,1012,1011,1010,1011
"Chatham County, NC",US,35.7211,-79.1781,1030,1030,1027,1019,1013,1015,1012,1015,1019,1022,1024,1014,1010,1014,1014,1012,1001,1001,1025,1032,1025,1014,1019,1010,1025,1033,1024,1022,1021,1025,1028,1031,1030,1024,1018,1010,1009,1014,1017,1019,1025,1018,1009,1015,1018,1014,1027,1010,1014,1017,1013,1008,1020,1020,1017,1025,1037,1033,1024,1023,1026,1022,1021,1022,1037,1029,1015,1027
"Delaware County, PA",US,39.9078,-75.3879,1031,1031,1029,1026,1012,1011,1008,1012,1018,1025,1025,1013,1003,1009,1009,1015,1003,992,1021,1031,1022,1013,1021,1007,1025,1034,1022,1024,1021,1024,1030,1032,1026,1022,1016,1011,1011,1004,1012,1014,1021,1014,1005,1009,1019,1012,1024,1006,1009,1014,1010,1004,1013,1016,1016,1019,1039,1033,1023,1019,1028,1024,1021,1017,1036,1028,1011,1025
"Douglas County, NE",US,41.3148,-96.1951,1030,1013,1015,1019,1019,1016,1019,1022,1023,1019,1017,1013,1007,1010,1023,1020,1006,1012,1019,1016,1023,1024,1015,1033,1027,1018,1015,1012,1029,1038,1043,1030,1018,1015,1013,1022,1029,1021,1021,1015,1008,1010,1007,1014,1022,1031,1019,1014,1001,1003,1014,1020,1021,1022,1022,1019,1007,1022,1023,1021,1019,1020,1026,1043,1022,1024,1038,1041
"Fayette County, KY",US,38.0606,-84.4803,1036,1029,1022,1013,1016,1017,1014,1019,1020,1022,1021,1016,1009,1011,1010,1011,999,1007,1022,1026,1017,1019,1016,1015,1033,1029,1020,1018,1018,1031,1033,1037,1030,1022,1013,1007,1012,1021,1018,1024,1020,1010,1006,1015,1018,1023,1033,1012,1014,1010,1008,1014,1022,1022,1018,1027,1028,1023,1010,1024,1027,1021,1019,1032,1038,1017,1025,1034
"Marion County, IN",US,39.8362,-86.1752,1036,1028,1021,1012,1014,1015,1015,1019,1021,1023,1022,1015,1005,1007,1010,1014,1002,1008,1021,1023,1018,1021,1017,1017,1035,1026,1020,1018,1019,1033,1037,1037,1027,1019,1012,1009,1015,1020,1018,1023,1016,1007,1005,1014,1017,1024,1033,1009,1011,1006,1008,1015,1019,1022,1018,1027,1024,1019,1006,1024,1026,1021,1019,1034,1038,1015,1027,1035
"Middlesex County, MA",US,42.4672,-71.2874,1030,1031,1028,1030,1021,1006,1003,1008,1017,1027,1026,1014,1000,1008,1010,1016,1008,988,1018,1034,1021,1014,1018,1007,1023,1035,1021,1024,1026,1020,1030,1031,1022,1020,1016,1013,1015,998,1007,1010,1018,1016,1004,1002,1016,1016,1019,1004,1004,1011,1009,1005,1005,1014,1016,1012,1036,1033,1022,1015,1032,1026,1020,1011,1032,1030,1006,1022
"Nassau County, NY",US,40.6546,-73.5594,1030,1031,1029,1027,1014,1009,1006,1009,1017,1025,1025,1013,1001,1009,1009,1015,1004,990,1020,1031,1022,1013,1020,1007,1024,1034,1022,1024,1022,1023,1030,1031,1024,1021,1017,1012,1012,1000,1010,1012,1020,1015,1005,1007,1018,1012,1021,1004,1007,1013,1010,1004,1009,1015,1016,1016,1038,1034,1024,1018,1029,1025,1020,1014,1034,1028,1008,1023
"Ramsey County, MN",US,44.9964,-93.0616,1027,1013,1017,1017,1015,1015,1019,1022,1024,1022,1018,1008,1001,1014,1026,1020,1007,1011,1020,1020,1020,1019,1013,1031,1027,1014,1021,1014,1027,1040,1041,1024,1015,1012,1017,1025,1027,1022,1022,1016,1005,1008,1002,1013,1013,1031,1019,1008,998,999,1011,1018,1012,1017,1018,1027,1009,1025,1026,1025,1022,1018,1025,1043,1031,1014,1032,1039
"Washoe County, NV",US,40.5608,-119.6035,1016,1023,1024,1020,1020,1020,1026,1024,1027,1026,1029,1025,1016,1025,1030,1026,1023,1021,1018,1026,1026,1025,1022,1019,1019,1021,1021,1025,1024,1026,1026,1023,1018,1022,1030,1032,1029,1028,1021,1014,1021,1024,1022,1020,1019,1012,1009,1025,1017,1022,1024,1026,1032,1034,1022,1017,1019,1025,1021,1019,1016,1018,1017,1008,1025,1029,1027,1019
"Wayne County, PA",US,41.6739,-75.2479,1031,1030,1028,1026,1014,1009,1006,1011,1019,1026,1025,1013,1001,1008,1009,1016,1003,990,1020,1031,1019,1014,1019,1007,1027,1032,1020,1024,1021,1024,1031,1031,1023,1020,1015,1011,1011,1001,1009,1013,1019,1012,1003,1007,1018,1013,1025,1005,1007,1011,1009,1004,1011,1013,1016,1017,1037,1031,1019,1017,1028,1024,1020,1016,1037,1026,1009,1026
"Yolo County, CA",US,38.7646,-121.9018,1019,1024,1023,1021,1020,1021,1027,1026,1024,1023,1026,1025,1018,1021,1025,1024,1021,1020,1017,1019,1017,1018,1017,1017,1019,1022,1021,1018,1017,1019,1020,1018,1015,1025,1027,1025,1026,1023,1019,1015,1016,1018,1016,1018,1018,1014,1013,1021,1020,1020,1023,1028,1033,1031,1022,1019,1018,1025,1023,1021,1020,1021,1017,1010,1025,1027,1022,1018
,Vatican City,41.9029,12.4534,1033,1029,1026,1023,1020,1020,1016,1014,1020,1021,1021,1021,1019,1010,1015,1024,1027,1028,1031,1024,1015,1018,1021,1018,1026,1029,1027,1024,1021,1023,1024,1030,1029,1022,1014,1005,1012,1014,1018,1010,1005,1002,1009,1011,1003,1008,1017,1029,1030,1028,1024,1026,1028,1026,1028,1029,1025,1025,1026,1025,1026,1028,1028,1027,1022,1023,1033,1037
"Santa Clara County, CA",US,37.3541,-121.9552,1020,1023,1022,1021,1020,1023,1028,1027,1024,1024,1025,1024,1020,1020,1024,1024,1021,1020,1017,1015,1016,1017,1017,1018,1019,1022,1023,1018,1017,1019,1019,1017,1016,1026,1027,1024,1025,1022,1019,1018,1015,1017,1016,1017,1019,1015,1014,1020,1020,1020,1022,1028,1033,1031,1022,1020,1018,1025,1024,1023,1022,1023,1017,1012,1025,1026,1020,1017
Grand Princess Cruise Ship,US,37.6489,-122.6655,1019,1024,1022,1021,1020,1023,1028,1027,1024,1024,1026,1025,1020,1021,1024,1024,1021,1020,1018,1017,1017,1018,1017,1018,1019,1023,1023,1019,1017,1019,1020,1017,1017,1026,1027,1025,1026,1023,1020,1018,1016,1018,1017,1018,1020,1016,1014,1021,1020,1020,1022,1028,1034,1031,1023,1020,1018,1026,1025,1023,1022,1023,1017,1011,1025,1026,1020,1017
,French Guiana,3.9339,-53.1258,1012,1011,1011,1011,1012,1013,1013,1012,1012,1012,1013,1014,1013,1014,1014,1013,1013,1013,1013,1015,1014,1012,1012,1012,1012,1012,1011,1011,1012,1012,1011,1011,1012,1012,1012,1012,1012,1013,1013,1014,1013,1012,1013,1014,1014,1013,1012,1012,1012,1012,1013,1013,1012,1012,1013,1013,1013,1013,1012,1013,1013,1012,1011,1013,1013,1013,1012,1012
,Malta,35.9375,14.3754,1032,1028,1027,1023,1020,1022,1023,1021,1023,1023,1022,1023,1022,1015,1011,1019,1026,1028,1032,1031,1022,1021,1023,1021,1024,1028,1028,1024,1022,1021,1024,1027,1030,1023,1018,1013,1017,1019,1021,1017,1013,1010,1009,1014,1010,1011,1016,1027,1028,1028,1024,1020,1022,1025,1025,1028,1025,1023,1022,1022,1024,1026,1027,1027,1025,1023,1028,1033
"Douglas County, CO",US,39.2587,-104.9389,1012,1012,1021,1015,1016,1017,1015,1021,1020,1020,1023,1020,1008,1009,1027,1020,1008,1015,1009,1021,1023,1023,1019,1023,1013,1017,1012,1015,1027,1030,1037,1025,1016,1015,1016,1033,1030,1025,1024,1013,1011,1010,1012,1016,1026,1022,1012,1019,1002,1009,1020,1019,1023,1026,1021,1007,1009,1021,1014,1015,1013,1010,1020,1021,1010,1026,1031,1027
"Providence County, RI",US,41.8882,-71.4774,1029,1030,1028,1028,1019,1006,1003,1007,1016,1026,1026,1013,1000,1007,1009,1015,1006,988,1018,1033,1021,1013,1018,1006,1022,1034,1021,1023,1025,1020,1029,1030,1022,1020,1016,1012,1014,998,1008,1010,1018,1016,1004,1002,1016,1014,1018,1003,1004,1011,1009,1004,1005,1013,1015,1012,1036,1033,1023,1016,1030,1025,1019,1011,1031,1029,1005,1021
,Martinique,14.6415,-61.0242,1014,1013,1012,1013,1015,1015,1015,1015,1015,1016,1017,1017,1016,1017,1017,1017,1016,1017,1016,1017,1018,1017,1016,1015,1016,1015,1014,1014,1015,1015,1014,1015,1015,1014,1014,1015,1015,1015,1016,1017,1017,1016,1016,1017,1018,1017,1015,1014,1014,1015,1016,1016,1014,1014,1015,1017,1017,1017,1017,1017,1016,1015,1015,1016,1016,1017,1016,1016
"Alameda County, CA",US,37.6017,-121.7195,1020,1024,1022,1021,1020,1023,1028,1027,1024,1024,1025,1024,1019,1021,1024,1024,1021,1020,1017,1016,1016,1018,1017,1018,1019,1022,1022,1018,1017,1019,1019,1017,1016,1025,1027,1025,1025,1023,1019,1017,1015,1017,1016,1017,1019,1015,1014,1020,1020,1020,1023,1028,1033,1031,1022,1020,1018,1025,1024,1022,1022,1023,1017,1012,1025,1026,1020,1017
"Broward County, FL",US,26.1901,-80.3659,1020,1018,1016,1016,1018,1018,1014,1013,1013,1013,1016,1015,1020,1022,1021,1017,1011,1014,1023,1025,1023,1020,1019,1018,1020,1021,1019,1018,1020,1021,1018,1018,1022,1021,1018,1015,1014,1019,1023,1025,1025,1021,1017,1017,1017,1017,1023,1016,1018,1018,1018,1018,1024,1023,1022,1026,1027,1025,1023,1024,1026,1024,1023,1024,1025,1025,1020,1019
"Fairfield County, CT",US,41.256,-73.3709,1030,1031,1029,1027,1016,1008,1005,1009,1017,1026,1026,1013,1001,1008,1009,1015,1004,989,1019,1032,1021,1013,1019,1007,1024,1034,1021,1024,1023,1022,1030,1030,1023,1021,1016,1012,1012,999,1009,1011,1019,1014,1004,1005,1018,1013,1021,1004,1006,1012,1009,1004,1008,1014,1016,1015,1037,1033,1023,1017,1029,1025,1020,1013,1034,1028,1007,1023
"Lee County, FL",US,26.663,-81.9535,1022,1020,1017,1017,1018,1019,1014,1013,1013,1014,1016,1015,1021,1022,1020,1016,1009,1015,1024,1025,1022,1020,1018,1017,1020,1022,1019,1018,1020,1021,1019,1020,1023,1022,1018,1014,1014,1021,1024,1025,1025,1020,1017,1016,1017,1019,1025,1017,1018,1017,1017,1018,1025,1023,1022,1026,1027,1025,1022,1024,1025,1024,1023,1024,1025,1024,1020,1020
"Pinal County, AZ",US,32.8162,-111.2845,1018,1019,1018,1015,1017,1018,1018,1019,1013,1016,1022,1023,1014,1007,1015,1018,1018,1017,1014,1010,1010,1014,1018,1018,1017,1019,1018,1012,1014,1015,1018,1018,1016,1020,1019,1022,1026,1023,1020,1016,1011,1009,1010,1018,1019,1016,1013,1015,1015,1012,1023,1025,1023,1024,1021,1014,1012,1019,1019,1017,1018,1017,1015,1016,1020,1022,1019,1017
"Rockland County, NY",US,41.1489,-73.983,1030,1031,1029,1027,1015,1008,1006,1010,1018,1026,1026,1013,1001,1008,1009,1015,1004,990,1020,1031,1021,1013,1020,1007,1025,1034,1021,1024,1023,1023,1030,1031,1024,1021,1016,1012,1012,1000,1009,1012,1019,1014,1004,1006,1018,1013,1022,1004,1007,1013,1009,1004,1009,1014,1016,1015,1038,1033,1022,1017,1029,1025,1020,1014,1034,1028,1008,1024
"Saratoga County, NY",US,43.0324,-73.936,1031,1030,1028,1027,1017,1006,1004,1010,1019,1027,1025,1013,1001,1007,1009,1017,1005,989,1020,1032,1019,1014,1018,1007,1027,1032,1019,1025,1022,1023,1030,1030,1022,1019,1015,1012,1013,998,1006,1011,1019,1011,1002,1004,1018,1015,1024,1004,1004,1009,1008,1005,1009,1012,1015,1013,1037,1030,1017,1016,1029,1024,1019,1014,1037,1027,1007,1025
"Edmonton, Alberta",Canada,53.5461,-113.4938,1008,1010,1013,1008,1014,1016,1015,1017,1013,1013,1007,996,1014,1026,1014,1004,1007,1012,1018,1016,1021,1012,1033,1007,1009,1014,1014,1032,1038,1029,1018,1010,1010,1016,1029,1033,1021,1016,1012,1004,1014,999,1001,1006,1016,1015,1023,999,995,1005,1010,1003,1013,1018,1021,1009,1026,1020,1017,1027,1030,1034,1041,1034,1033,1042,1032,1014
"Charleston County, SC",US,32.7957,-79.7848,1026,1025,1023,1017,1016,1017,1014,1015,1017,1019,1020,1014,1015,1018,1018,1016,1004,1007,1026,1032,1026,1019,1018,1014,1023,1030,1022,1020,1021,1023,1023,1028,1030,1025,1018,1012,1011,1017,1020,1020,1026,1020,1013,1015,1016,1016,1028,1014,1016,1018,1015,1012,1023,1021,1019,1028,1034,1031,1025,1025,1028,1024,1022,1023,1034,1028,1016,1025
"Clark County, WA",US,45.7466,-122.5194,1010,1018,1016,1016,1014,1016,1020,1017,1023,1024,1021,1022,1024,1028,1031,1022,1020,1018,1022,1032,1030,1028,1025,1018,1022,1021,1024,1029,1027,1025,1024,1023,1021,1022,1036,1033,1032,1029,1019,1020,1029,1027,1023,1024,1017,1015,1012,1018,1014,1020,1015,1026,1028,1026,1014,1013,1022,1014,1014,1008,1011,1016,1007,1006,1020,1023,1022,1013
"Cobb County, GA",US,33.8999,-84.5641,1031,1028,1023,1015,1019,1019,1015,1017,1017,1020,1021,1017,1016,1017,1016,1011,998,1010,1025,1030,1023,1016,1015,1013,1027,1029,1022,1020,1019,1024,1026,1031,1030,1024,1016,1010,1014,1022,1021,1023,1024,1017,1010,1015,1017,1022,1030,1016,1017,1015,1011,1015,1026,1021,1020,1029,1032,1028,1018,1024,1026,1023,1022,1027,1033,1026,1021,1028
"Davis County, UT",US,40.9629,-112.0953,1018,1023,1026,1021,1023,1020,1026,1024,1025,1028,1033,1029,1007,1014,1029,1026,1017,1017,1014,1023,1027,1028,1022,1022,1018,1023,1018,1025,1030,1032,1036,1029,1021,1019,1029,1037,1034,1032,1027,1012,1014,1022,1023,1023,1024,1017,1008,1029,1015,1019,1028,1027,1031,1035,1026,1013,1015,1029,1019,1019,1016,1015,1023,1014,1021,1034,1035,1026
"El Paso County, CO",US,38.9108,-104.4723,1013,1011,1021,1016,1015,1017,1014,1020,1020,1019,1022,1019,1007,1008,1026,1019,1008,1016,1010,1020,1022,1024,1018,1025,1014,1017,1011,1015,1027,1029,1039,1026,1016,1014,1015,1031,1030,1024,1024,1012,1009,1010,1012,1016,1026,1022,1012,1019,1001,1008,1020,1019,1024,1025,1021,1007,1009,1020,1015,1014,1013,1011,1022,1026,1010,1028,1031,1028
"Honolulu County, HI",US,21.307,-157.8584,1019,1018,1017,1018,1019,1020,1020,1019,1018,1017,1018,1018,1017,1016,1016,1014,1012,1011,1011,1012,1008,1009,1011,1014,1015,1016,1017,1017,1019,1020,1022,1020,1019,1019,1021,1021,1021,1020,1020,1021,1021,1019,1017,1017,1017,1020,1023,1020,1018,1017,1020,1022,1021,1020,1020,1018,1016,1014,1013,1014,1015,1016,1014,1012,1014,1018,1019,1019
"Jackson County, OR ",US,42.3345,-122.7647,1015,1022,1020,1019,1017,1020,1024,1023,1026,1026,1026,1025,1024,1028,1031,1028,1026,1023,1025,1029,1026,1026,1022,1018,1023,1024,1024,1027,1022,1021,1022,1021,1019,1026,1034,1031,1029,1026,1020,1022,1026,1027,1024,1022,1017,1013,1013,1024,1020,1023,1020,1029,1034,1033,1020,1017,1022,1022,1022,1018,1015,1019,1010,1007,1023,1025,1022,1014
"Jefferson County, WA",US,47.7425,-123.304,1005,1014,1011,1012,1013,1012,1017,1015,1020,1021,1014,1018,1023,1027,1026,1016,1016,1012,1018,1031,1030,1025,1024,1014,1019,1017,1022,1029,1028,1025,1023,1021,1019,1015,1033,1032,1032,1028,1015,1018,1027,1022,1019,1022,1015,1015,1012,1010,1009,1016,1009,1021,1023,1018,1008,1011,1021,1007,1008,1002,1010,1013,1004,1004,1019,1019,1020,1012
"Kershaw County, SC",US,34.3672,-80.5883,1030,1028,1026,1017,1015,1016,1012,1015,1018,1021,1022,1015,1013,1016,1016,1013,1001,1005,1026,1032,1025,1016,1017,1011,1025,1032,1023,1021,1021,1024,1027,1031,1030,1025,1018,1010,1010,1017,1019,1020,1025,1019,1011,1015,1017,1016,1029,1012,1015,1017,1012,1010,1022,1020,1017,1027,1035,1032,1023,1023,1027,1023,1021,1023,1036,1029,1016,1027
"Klamath County, OR",US,42.6953,-121.6142,1015,1023,1022,1019,1018,1020,1024,1022,1026,1026,1027,1024,1023,1028,1031,1025,1024,1021,1023,1029,1027,1026,1023,1018,1021,1023,1023,1028,1025,1025,1025,1023,1019,1024,1033,1032,1030,1028,1020,1020,1026,1025,1023,1022,1018,1011,1011,1024,1017,1022,1021,1028,1033,1033,1020,1016,1021,1021,1020,1015,1014,1018,1013,1006,1024,1027,1025,1017
"Madera County, CA",US,37.2519,-119.6963,1020,1023,1022,1020,1020,1022,1027,1025,1022,1023,1025,1024,1016,1018,1023,1023,1020,1019,1015,1013,1015,1018,1017,1017,1018,1021,1020,1017,1017,1019,1020,1017,1016,1024,1025,1025,1026,1023,1020,1015,1014,1016,1016,1018,1019,1014,1014,1020,1018,1018,1023,1027,1030,1030,1022,1019,1018,1025,1023,1021,1021,1022,1017,1014,1025,1026,1021,1017
"Pierce County, WA",US,47.0676,-122.1295,1008,1016,1014,1014,1014,1014,1018,1016,1021,1023,1017,1019,1024,1027,1028,1018,1017,1015,1019,1032,1031,1026,1024,1016,1020,1019,1023,1029,1028,1026,1024,1022,1020,1018,1034,1033,1032,1029,1017,1018,1028,1024,1021,1023,1016,1014,1012,1014,1011,1018,1012,1023,1026,1021,1011,1012,1021,1011,1010,1005,1010,1014,1006,1005,1020,1021,1021,1013
"Plymouth County, MA",US,42.1615,-70.7928,1029,1030,1028,1028,1020,1005,1003,1006,1015,1026,1026,1013,999,1007,1009,1015,1007,987,1017,1033,1021,1013,1017,1007,1022,1034,1020,1023,1025,1019,1029,1029,1021,1020,1016,1013,1014,997,1007,1009,1017,1016,1004,1001,1016,1015,1018,1002,1003,1011,1008,1004,1004,1013,1015,1011,1035,1033,1023,1015,1030,1026,1019,1010,1030,1029,1005,1020
"Tulsa County, OK",US,36.1593,-95.941,1032,1018,1015,1019,1019,1016,1015,1015,1020,1021,1020,1019,1011,1004,1014,1014,1008,1012,1020,1014,1020,1024,1013,1028,1031,1020,1015,1009,1024,1030,1037,1037,1024,1014,1004,1015,1028,1024,1024,1019,1007,1008,1011,1017,1024,1032,1027,1021,1009,1002,1014,1025,1023,1022,1025,1020,1012,1010,1019,1020,1020,1017,1018,1034,1022,1025,1035,1036
"Montgomery County, TX",US,30.3213,-95.4778,1031,1019,1015,1020,1020,1015,1016,1012,1016,1019,1021,1024,1019,1012,1008,1008,1010,1013,1021,1017,1014,1016,1011,1022,1029,1023,1016,1012,1015,1022,1027,1035,1028,1018,1010,1013,1027,1029,1027,1024,1015,1010,1009,1008,1021,1030,1029,1023,1015,1005,1013,1026,1026,1021,1028,1026,1017,1011,1018,1023,1021,1018,1018,1023,1023,1021,1031,1034
,Republic of Ireland,53.1424,-7.6921,1039,1032,1022,1011,1001,992,995,1004,999,996,1000,1000,1012,1028,1035,1026,1006,1001,980,994,1006,1008,995,1005,987,983,1003,1014,1010,1007,1010,1012,1015,1003,1000,1006,1006,991,975,982,989,1002,1006,1000,1006,1003,1000,1024,1008,1025,1032,1025,1012,1010,1017,1007,1019,1010,1013,991,986,997,997,1011,1030,1044,1046,1042
,Bulgaria,42.7339,25.4858,1029,1028,1031,1024,1022,1016,1013,1009,1015,1016,1015,1015,1011,1005,995,1014,1019,1031,1032,1022,1010,1016,1024,1019,1024,1032,1027,1020,1019,1017,1022,1027,1023,1014,1016,1003,1002,1010,1017,1017,1011,1009,1006,1008,1008,1009,1014,1026,1031,1025,1018,1017,1025,1027,1030,1028,1024,1023,1029,1027,1025,1029,1029,1031,1028,1027,1039,1040
,Maldives,3.2028,73.2207,1010,1009,1010,1011,1012,1012,1012,1012,1012,1010,1011,1012,1012,1011,1011,1012,1012,1013,1012,1011,1010,1011,1012,1011,1011,1011,1012,1011,1011,1010,1011,1012,1011,1010,1010,1010,1010,1009,1010,1010,1011,1011,1011,1011,1011,1012,1011,1012,1012,1012,1011,1010,1011,1011,1011,1011,1010,1010,1011,1011,1010,1010,1011,1010,1009,1010,1011,1011
"Montgomery County, PA",US,40.229,-75.3879,1031,1031,1029,1026,1013,1010,1007,1012,1019,1025,1025,1013,1002,1009,1009,1015,1003,991,1021,1031,1021,1013,1021,1007,1026,1034,1022,1024,1021,1024,1031,1032,1025,1022,1016,1011,1011,1004,1011,1014,1021,1014,1004,1009,1019,1012,1024,1005,1009,1013,1010,1004,1012,1015,1016,1018,1039,1033,1022,1019,1029,1024,1021,1017,1036,1028,1011,1025
,Bangladesh,23.685,90.3563,1017,1015,1015,1014,1013,1012,1013,1015,1013,1013,1015,1017,1017,1015,1013,1015,1016,1016,1017,1016,1016,1015,1013,1010,1011,1014,1014,1014,1015,1015,1017,1017,1015,1013,1013,1013,1014,1013,1011,1011,1011,1010,1011,1011,1012,1014,1012,1018,1019,1017,1015,1014,1018,1016,1015,1015,1015,1016,1014,1012,1013,1014,1015,1015,1015,1014,1016,1018
"Fairfax County, VA",US,38.9085,-77.2405,1032,1032,1029,1023,1012,1012,1010,1014,1019,1025,1025,1013,1003,1010,1010,1014,1002,994,1023,1030,1022,1014,1021,1008,1027,1034,1022,1023,1020,1026,1031,1033,1027,1022,1016,1010,1009,1009,1013,1016,1023,1014,1005,1011,1019,1012,1026,1007,1011,1014,1010,1005,1016,1017,1016,1021,1039,1033,1022,1020,1028,1023,1021,1020,1038,1027,1013,1027
"Rockingham County, NH",US,42.9931,-71.0498,1029,1029,1027,1029,1021,1004,1002,1007,1016,1026,1025,1013,999,1006,1009,1015,1008,987,1017,1033,1020,1014,1017,1006,1023,1033,1019,1023,1026,1019,1029,1029,1020,1019,1015,1013,1015,997,1005,1009,1017,1015,1003,999,1015,1016,1019,1004,1002,1010,1007,1004,1004,1013,1015,1010,1035,1031,1020,1014,1031,1026,1018,1010,1031,1029,1005,1020
"Washington, D.C.",US,38.9072,-77.0369,1032,1032,1029,1024,1012,1012,1009,1013,1019,1025,1025,1013,1003,1010,1010,1014,1002,994,1023,1030,1022,1014,1021,1008,1027,1034,1022,1023,1021,1026,1030,1033,1027,1022,1016,1010,1009,1009,1013,1016,1023,1014,1005,1011,1019,1012,1025,1006,1011,1014,1010,1005,1016,1017,1016,1021,1039,1033,1022,1020,1028,1023,1021,1020,1038,1027,1013,1027
,Moldova,47.4116,28.3699,1023,1026,1027,1021,1023,1018,1011,1003,1011,1009,1010,1008,1004,1003,999,1016,1018,1029,1029,1015,1001,1009,1019,1019,1026,1032,1024,1019,1020,1019,1022,1026,1016,1006,1011,998,999,1008,1016,1014,1007,1007,1006,1008,1007,1008,1016,1023,1028,1023,1016,1017,1029,1029,1031,1027,1022,1022,1028,1026,1026,1030,1031,1033,1030,1031,1040,1036
,Paraguay,-23.4425,-58.4438,1004,1004,1007,1008,1009,1008,1009,1007,1006,1010,1013,1011,1010,1009,1008,1006,1008,1009,1007,1008,1010,1011,1009,1008,1008,1007,1005,1004,1006,1007,1009,1014,1018,1014,1008,1006,1011,1012,1013,1014,1014,1013,1012,1012,1012,1011,1008,1007,1007,1008,1009,1008,1003,1002,1006,1006,1006,1006,1007,1008,1009,1008,1006,1010,1013,1012,1010,1007
"Berkshire County, MA",US,42.3118,-73.1822,1030,1030,1028,1027,1017,1007,1004,1009,1018,1026,1025,1013,1000,1007,1009,1015,1005,988,1019,1032,1020,1014,1018,1006,1025,1032,1020,1024,1023,1022,1030,1030,1022,1019,1015,1012,1013,998,1007,1011,1018,1013,1003,1004,1017,1014,1022,1004,1005,1010,1008,1004,1008,1013,1015,1014,1036,1031,1020,1015,1029,1024,1019,1013,1034,1027,1007,1023
"Davidson County, TN",US,36.1343,-86.822,1035,1028,1020,1013,1019,1017,1015,1018,1018,1021,1020,1017,1013,1012,1011,1008,1000,1012,1023,1025,1017,1019,1013,1018,1033,1028,1020,1017,1018,1029,1031,1036,1030,1022,1011,1009,1017,1023,1020,1025,1019,1011,1009,1016,1017,1027,1033,1015,1016,1010,1009,1019,1024,1021,1020,1028,1027,1022,1010,1024,1026,1021,1019,1033,1033,1020,1028,1035
"Douglas County, OR",US,43.1261,-123.2492,1014,1020,1018,1018,1015,1019,1022,1022,1025,1025,1025,1025,1025,1029,1032,1028,1026,1023,1026,1030,1028,1028,1024,1019,1024,1024,1025,1028,1023,1021,1022,1022,1021,1027,1035,1032,1031,1027,1021,1023,1028,1029,1025,1023,1018,1015,1013,1023,1019,1022,1018,1029,1033,1032,1019,1016,1022,1020,1022,1016,1014,1019,1008,1007,1022,1023,1021,1013
"Fresno County, CA",US,36.9859,-119.2321,1020,1023,1022,1020,1019,1022,1026,1025,1022,1022,1025,1024,1016,1018,1023,1022,1020,1019,1015,1014,1015,1018,1017,1017,1018,1021,1020,1017,1017,1019,1020,1017,1016,1023,1025,1025,1026,1023,1020,1016,1014,1016,1016,1018,1019,1015,1014,1020,1018,1018,1023,1027,1030,1029,1022,1019,1018,1024,1023,1021,1021,1021,1017,1014,1025,1025,1021,1018
"Harford County, MD",US,39.5839,-76.3637,1032,1031,1029,1025,1012,1011,1009,1013,1019,1025,1025,1013,1003,1009,1009,1015,1002,993,1022,1030,1021,1014,1021,1008,1026,1034,1022,1024,1021,1025,1031,1032,1026,1022,1016,1011,1010,1007,1012,1015,1022,1014,1005,1010,1019,1012,1025,1006,1010,1014,1010,1004,1014,1016,1016,1020,1039,1033,1022,1020,1028,1024,1021,1019,1037,1027,1012,1026
"Hendricks County, IN",US,39.8065,-86.5401,1036,1027,1020,1012,1014,1015,1015,1019,1021,1023,1022,1015,1006,1007,1011,1014,1002,1008,1021,1023,1018,1021,1017,1018,1035,1026,1020,1017,1019,1034,1037,1037,1027,1018,1011,1009,1015,1020,1019,1023,1015,1007,1005,1014,1017,1025,1033,1010,1011,1006,1008,1016,1019,1022,1018,1027,1023,1019,1006,1024,1026,1021,1019,1035,1037,1015,1027,1036
"Hudson County, NJ",US,40.7453,-74.0535,1030,1031,1029,1027,1014,1009,1006,1010,1018,1026,1025,1013,1001,1008,1009,1015,1003,990,1020,1031,1021,1013,1020,1007,1024,1034,1022,1023,1022,1023,1030,1031,1024,1021,1016,1011,1012,1001,1010,1012,1020,1014,1004,1007,1018,1012,1022,1004,1008,1013,1009,1003,1010,1014,1016,1016,1038,1033,1023,1017,1029,1025,1020,1014,1034,1028,1008,1024
"Johnson County, KS",US,38.8454,-94.8521,1033,1017,1013,1016,1020,1016,1018,1020,1022,1021,1019,1017,1008,1003,1017,1016,1007,1011,1021,1015,1022,1024,1015,1031,1032,1019,1017,1011,1027,1034,1041,1036,1022,1014,1007,1017,1027,1022,1022,1019,1007,1010,1010,1016,1022,1032,1025,1016,1005,1002,1014,1023,1022,1022,1023,1020,1010,1014,1019,1021,1020,1018,1021,1040,1024,1023,1036,1039
"Kittitas County, WA",US,47.175,-120.9319,1010,1017,1017,1015,1016,1016,1020,1017,1021,1025,1017,1016,1023,1026,1027,1015,1015,1013,1017,1030,1029,1022,1023,1014,1018,1017,1020,1028,1030,1030,1028,1023,1019,1017,1031,1034,1031,1029,1016,1016,1026,1020,1018,1022,1016,1012,1010,1013,1007,1016,1013,1021,1025,1021,1011,1009,1020,1013,1008,1004,1011,1014,1014,1007,1022,1026,1027,1017
"Manatee County, FL",US,27.4799,-82.3452,1023,1021,1018,1017,1019,1019,1014,1014,1013,1014,1016,1016,1021,1022,1020,1016,1008,1015,1024,1026,1023,1020,1018,1017,1020,1023,1019,1018,1020,1021,1018,1021,1025,1022,1017,1014,1014,1021,1024,1025,1025,1020,1016,1016,1016,1019,1026,1018,1018,1017,1017,1018,1025,1024,1022,1027,1028,1025,1022,1024,1026,1024,1023,1024,1026,1025,1019,1021
"Marion County, OR",US,44.8446,-122.5927,1012,1018,1017,1017,1015,1017,1020,1019,1024,1024,1023,1023,1025,1028,1031,1024,1023,1021,1024,1031,1029,1028,1024,1018,1023,1022,1025,1030,1025,1023,1023,1023,1021,1024,1036,1033,1032,1028,1020,1022,1028,1028,1024,1023,1017,1015,1013,1020,1016,1021,1016,1027,1030,1029,1016,1014,1022,1016,1017,1011,1012,1017,1007,1006,1021,1023,1021,1013
"Okaloosa County, FL",US,30.5773,-86.6611,1030,1026,1018,1016,1021,1019,1015,1016,1013,1018,1017,1019,1021,1019,1017,1011,1001,1015,1024,1027,1021,1018,1015,1015,1026,1027,1019,1017,1019,1022,1020,1029,1030,1024,1013,1010,1016,1024,1024,1025,1024,1016,1013,1012,1013,1024,1030,1020,1018,1012,1011,1019,1028,1023,1023,1030,1028,1024,1018,1023,1025,1023,1022,1025,1028,1024,1023,1028
"Polk County, GA",US,34.0132,-85.1479,1032,1028,1022,1015,1019,1019,1015,1017,1017,1020,1021,1017,1016,1016,1015,1010,998,1011,1025,1029,1022,1016,1015,1014,1028,1029,1022,1019,1019,1025,1026,1032,1030,1024,1015,1010,1015,1023,1022,1024,1023,1016,1010,1015,1017,1023,1031,1016,1017,1014,1011,1016,1026,1021,1020,1029,1031,1027,1016,1024,1026,1023,1021,1027,1033,1025,1023,1030
"Riverside County, CA",US,33.9533,-117.3961,1020,1021,1019,1015,1017,1020,1021,1020,1016,1019,1022,1021,1012,1011,1020,1021,1019,1017,1014,1010,1010,1015,1018,1017,1017,1020,1018,1013,1014,1017,1018,1016,1017,1022,1021,1022,1024,1021,1019,1016,1014,1011,1013,1018,1019,1015,1015,1016,1015,1014,1022,1025,1024,1025,1019,1015,1014,1022,1020,1018,1018,1018,1016,1017,1021,1022,1019,1018
"Shelby County, TN",US,35.1269,-89.9253,1035,1026,1017,1015,1021,1017,1016,1017,1017,1021,1020,1019,1014,1012,1010,1008,1003,1013,1023,1022,1015,1021,1012,1021,1033,1026,1019,1015,1018,1029,1031,1037,1030,1021,1007,1011,1020,1025,1022,1024,1016,1009,1010,1015,1019,1029,1032,1018,1015,1007,1010,1022,1024,1020,1024,1027,1023,1017,1010,1025,1025,1021,1019,1033,1029,1021,1030,1035
"Spokane County, WA",US,47.6587,-117.4225,1012,1019,1019,1015,1018,1017,1021,1018,1022,1026,1019,1014,1021,1025,1028,1017,1015,1014,1014,1028,1029,1020,1024,1014,1016,1018,1017,1025,1030,1033,1030,1025,1019,1015,1029,1036,1030,1029,1016,1013,1023,1018,1015,1020,1018,1012,1008,1015,1004,1016,1016,1019,1026,1022,1013,1006,1018,1017,1007,1003,1010,1014,1018,1006,1022,1029,1030,1019
"St. Louis County, MO",US,38.6103,-90.4125,1036,1024,1016,1012,1018,1016,1017,1020,1022,1023,1020,1016,1008,1005,1013,1014,1005,1011,1022,1018,1021,1023,1015,1025,1035,1023,1019,1013,1023,1034,1039,1037,1026,1017,1007,1012,1021,1022,1020,1023,1011,1008,1008,1016,1019,1030,1031,1013,1010,1004,1011,1020,1021,1022,1020,1026,1017,1014,1012,1024,1025,1021,1019,1039,1032,1018,1032,1038
"Suffolk County, NY",US,40.9849,-72.6151,1030,1031,1029,1027,1016,1008,1005,1008,1017,1026,1026,1013,1001,1008,1009,1015,1004,989,1019,1032,1022,1013,1020,1007,1023,1034,1022,1024,1023,1022,1030,1030,1023,1021,1017,1012,1012,999,1009,1011,1019,1016,1005,1005,1018,1013,1020,1004,1006,1013,1010,1004,1007,1014,1016,1014,1037,1034,1024,1018,1029,1025,1020,1013,1033,1029,1007,1022
"Ulster County, NY",US,41.8586,-74.3118,1030,1030,1028,1027,1016,1008,1005,1010,1018,1026,1025,1013,1001,1008,1009,1016,1004,989,1019,1031,1020,1014,1019,1007,1025,1033,1020,1024,1022,1023,1030,1030,1023,1020,1015,1012,1012,999,1008,1012,1019,1013,1003,1006,1018,1013,1023,1004,1006,1011,1009,1004,1009,1013,1015,1015,1037,1031,1020,1016,1029,1024,1020,1014,1035,1027,1008,1024
"Unassigned Location, VT",US,44.3378,-72.7563,1030,1028,1027,1028,1019,1004,1002,1009,1020,1027,1025,1014,1000,1006,1009,1017,1007,989,1019,1032,1018,1014,1016,1007,1027,1031,1017,1025,1023,1021,1030,1028,1019,1018,1014,1014,1015,996,1003,1010,1018,1011,1002,1000,1016,1017,1025,1004,1001,1008,1007,1005,1008,1011,1014,1011,1037,1028,1016,1016,1029,1025,1018,1014,1037,1028,1006,1024
"Unknown Location, MA",US,42.4072,-71.3824,1029,1030,1028,1029,1020,1005,1003,1007,1016,1026,1025,1013,1000,1007,1009,1015,1007,988,1018,1033,1020,1014,1017,1007,1023,1033,1020,1023,1025,1019,1029,1030,1021,1019,1016,1012,1014,997,1007,1009,1017,1015,1004,1001,1016,1015,1019,1003,1003,1011,1008,1004,1005,1013,1015,1011,1035,1032,1021,1015,1031,1025,1019,1011,1031,1029,1005,1021
"Volusia County, FL",US,29.028000000000002,-81.0755,1023,1020,1019,1016,1018,1019,1015,1015,1014,1014,1016,1015,1020,1021,1020,1017,1008,1013,1025,1028,1024,1020,1019,1017,1021,1025,1020,1018,1020,1021,1019,1022,1026,1023,1018,1013,1013,1020,1023,1024,1026,1021,1016,1015,1015,1018,1027,1017,1018,1018,1017,1016,1025,1024,1022,1028,1030,1028,1024,1025,1027,1025,1023,1024,1028,1026,1019,1022
