Province/State,Country/Region,Lat,Long,1/1/2020,1/2/2020,1/3/2020,1/4/2020,1/5/2020,1/6/2020,1/7/2020,1/8/2020,1/9/2020,1/10/2020,1/11/2020,1/12/2020,1/13/2020,1/14/2020,1/15/2020,1/16/2020,1/17/2020,1/18/2020,1/19/2020,1/20/2020,1/21/2020,1/22/2020,1/23/2020,1/24/2020,1/25/2020,1/26/2020,1/27/2020,1/28/2020,1/29/2020,1/30/2020,1/31/2020,2/1/2020,2/2/2020,2/3/2020,2/4/2020,2/5/2020,2/6/2020,2/7/2020,2/8/2020,2/9/2020,2/10/2020,2/11/2020,2/12/2020,2/13/2020,2/14/2020,2/15/2020,2/16/2020,2/17/2020,2/18/2020,2/19/2020,2/20/2020,2/21/2020,2/22/2020,2/23/2020,2/24/2020,2/25/2020,2/26/2020,2/27/2020,2/28/2020,2/29/2020,3/1/2020,3/2/2020,3/3/2020,3/4/2020,3/5/2020,3/6/2020,3/7/2020,3/8/2020,3/9/2020,3/10/2020
Anhui,Mainland China,31.8257,117.2264,6,9,8,9,11,9,5,6,4,5,5,8,9,7,2,4,6,7,11,12,7,8,9,7,7,3,6,9,11,10,12,13,14,13,15,12,4,6,10,14,15,15,17,19,17,3,7,11,13,15,18,16,18,19,24,19,14,14,10,12,12,12,14,15,15,15,19,15,11,15
Beijing,Mainland China,40.1824,116.4142,-1,2,5,7,3,4,4,4,2,5,0,2,1,0,1,2,3,3,5,4,4,6,8,3,4,4,5,8,9,7,10,5,5,4,1,-2,0,4,6,10,12,12,14,13,5,1,4,10,11,11,8,11,10,11,12,11,11,9,12,7,11,11,8,9,12,13,17,9,13,13
Chongqing,Mainland China,30.0572,107.874,13,13,15,12,12,11,14,10,12,11,12,14,12,11,11,11,14,11,12,14,14,15,11,10,10,12,13,13,14,16,13,11,10,12,15,13,11,14,15,17,13,17,19,20,17,7,11,14,14,15,13,14,15,16,14,15,19,22,15,19,21,12,12,14,16,15,19,17,13,18
Fujian,Mainland China,26.0789,117.9874,15,19,18,20,20,22,23,18,20,19,14,11,16,16,15,14,10,12,10,15,16,22,23,21,16,10,7,8,9,9,13,14,12,8,10,12,11,13,13,14,18,19,18,18,16,20,4,9,12,15,19,22,21,21,24,25,25,23,24,23,20,17,19,13,13,19,20,20,18,15
Gansu,Mainland China,36.0611,103.8343,5,3,7,6,5,2,5,5,2,1,7,3,2,4,0,2,3,2,2,3,6,6,2,3,4,4,5,6,7,7,7,5,6,9,8,6,8,8,8,11,13,14,16,8,-1,1,5,7,7,10,6,6,13,14,15,15,15,10,18,12,11,11,13,16,14,15,19,8,7,13
Guangdong,Mainland China,23.3417,113.4244,23,22,25,26,24,25,27,26,22,24,21,19,21,20,23,20,19,14,14,19,21,24,26,25,19,14,14,16,17,19,20,19,21,16,16,18,20,18,19,18,20,17,24,22,22,22,11,16,19,21,22,25,26,26,25,26,29,27,25,27,27,25,25,17,21,22,24,25,26,23
Guangxi,Mainland China,23.8298,108.7881,21,22,23,23,25,26,26,25,23,22,10,17,15,10,12,10,10,10,11,12,17,22,23,16,9,13,12,13,16,18,19,14,14,10,13,12,17,13,10,13,16,19,22,22,23,22,13,15,18,19,18,19,23,24,25,25,26,27,24,25,24,20,16,11,15,20,25,27,26,20
Guizhou,Mainland China,26.8154,106.8748,16,13,7,11,17,16,14,16,7,4,8,13,7,3,3,4,5,4,7,7,16,15,8,4,1,5,4,5,8,10,8,9,6,5,9,8,8,5,5,8,10,12,16,18,19,6,4,8,10,15,12,9,11,15,20,19,19,20,14,17,12,11,7,9,12,16,16,22,15,11
Hainan,Mainland China,19.1959,109.7453,20,21,22,21,22,25,26,24,24,25,23,17,23,23,23,26,22,23,21,22,24,26,27,26,26,12,12,12,14,17,19,20,23,24,23,22,25,24,19,17,18,23,26,25,26,29,14,13,16,21,21,21,22,23,25,27,26,25,23,26,28,27,27,25,18,24,30,32,33,24
Hebei,Mainland China,38.0428,114.5149,1,3,7,8,0,5,3,6,3,4,0,0,2,1,0,1,2,7,7,4,4,6,7,5,7,6,8,9,9,9,12,7,9,8,5,2,2,7,10,17,16,15,17,16,7,4,8,13,14,13,9,14,14,19,9,13,11,8,13,10,13,16,11,9,15,18,18,15,14,16
Heilongjiang,Mainland China,47.862,127.7615,-18,-16,-15,-12,-13,-7,-6,-7,-9,-11,-12,-15,-12,-13,-14,-16,-15,-12,-9,-11,-10,-12,-12,-15,-13,-12,-5,-6,-8,-7,-8,-13,-14,-17,-17,-17,-17,-13,-12,-10,-9,0,0,-8,-9,-7,-11,-7,-9,-5,-6,-4,-5,-5,-5,-1,0,-2,-1,-3,-2,-1,-1,-1,-3,0,0,0,-1,0
Henan,Mainland China,33.88202,113.614,6,7,12,13,5,3,6,5,6,8,7,5,9,6,3,5,10,10,11,10,8,10,11,5,8,5,8,12,12,13,16,13,15,12,14,2,2,9,14,19,19,18,19,20,16,6,10,14,17,17,17,18,17,22,21,17,10,6,13,15,16,13,15,15,17,18,21,17,13,18
Hubei,Mainland China,30.9756,112.2707,5,10,9,12,8,3,10,4,4,4,11,11,9,11,4,8,10,9,13,13,11,9,8,6,7,6,8,11,14,15,16,14,14,15,17,15,4,11,14,17,15,14,18,20,16,5,12,14,15,18,18,19,20,20,25,22,17,10,11,16,18,8,15,17,16,17,21,15,13,19
Hunan,Mainland China,27.6104,111.7088,10,7,8,10,17,16,12,10,5,3,8,9,9,6,5,4,6,5,11,9,9,9,7,7,4,6,6,10,12,14,15,10,9,10,14,13,9,7,8,14,12,13,18,20,21,5,9,12,14,15,17,11,14,21,24,23,18,15,15,11,17,10,7,10,11,13,13,17,13,17
Inner Mongolia,Mainland China,44.0935,113.9448,-12,-11,-9,-9,-3,-9,-9,-10,-11,-11,-12,-13,-12,-9,-11,-9,-10,-6,-6,-5,-4,-4,-8,-6,-4,-3,-3,-4,-6,-4,-8,-10,-12,-11,-16,-12,-9,-7,-3,0,3,5,6,-5,-10,-8,-6,0,-1,-2,0,-4,-2,3,0,-2,-1,4,0,-3,-1,0,-5,-2,7,3,8,1,-1,0
Jiangsu,Mainland China,32.9711,119.455,7,8,10,10,8,10,9,6,6,6,8,7,7,5,6,4,6,6,9,9,10,10,11,9,8,6,7,7,8,7,9,12,12,10,13,7,7,8,10,13,15,10,15,18,16,6,5,7,11,12,16,14,15,17,21,17,14,13,10,11,11,12,13,13,13,15,18,19,11,14
Jiangxi,Mainland China,27.614,115.7221,15,16,13,13,21,25,18,13,10,9,8,10,13,12,7,6,8,7,12,13,15,16,10,10,7,6,8,10,12,13,14,17,12,12,15,16,10,12,12,15,15,14,21,21,23,16,10,12,15,16,20,19,19,23,26,27,24,21,25,19,17,17,10,12,15,16,16,23,18,17
Jilin,Mainland China,43.6661,126.1923,-12,-9,-8,-9,-4,-2,-6,-8,-8,-6,-13,-12,-11,-12,-10,-11,-8,-5,-7,-8,-4,-3,-5,-10,-7,-6,-2,-5,-8,-10,-8,-10,-11,-13,-17,-19,-12,-9,-11,-5,-4,4,4,2,-9,-8,-11,-12,-5,-3,0,0,-5,0,-2,-3,-3,0,0,-3,-3,-4,-2,-4,-2,1,1,3,0,0
Liaoning,Mainland China,41.2956,122.6085,-7,-6,-2,-2,-1,1,-5,-3,-3,-1,-6,-8,-5,-7,-5,-4,-6,-1,-1,0,3,0,0,-4,-1,-2,-1,-1,-5,-6,-1,0,-5,-2,-7,-10,-4,0,-1,5,8,13,12,13,-3,-4,-5,-5,2,2,6,3,3,7,6,4,4,6,7,3,4,5,5,1,6,11,7,10,4,6
Ningxia,Mainland China,37.2692,106.1655,5,2,5,6,0,-2,1,1,-1,-2,1,-2,-1,2,-4,0,1,-1,0,4,3,3,1,2,4,3,2,3,5,7,6,3,3,8,8,7,10,7,6,11,14,14,16,7,-3,-2,1,8,7,13,4,7,14,19,13,17,14,11,18,11,10,10,12,15,16,12,19,7,5,11
Qinghai,Mainland China,35.7452,95.9956,-6,-6,-7,-7,-9,-13,-8,-5,-6,-14,-13,-10,-4,-1,-6,-4,-4,-10,-7,-9,-10,-8,-11,-11,-12,-9,-11,-11,-9,-7,-8,-12,-13,-11,-8,-9,-9,-9,-11,-9,-8,-6,-4,-3,-6,-9,-6,-6,-8,-3,-9,-4,-4,-1,-2,-1,-3,-5,-2,-1,-4,-6,-7,-5,-4,-2,0,-6,-8,-5
Shaanxi,Mainland China,35.1917,108.8701,5,6,7,5,2,3,3,2,1,2,5,4,2,0,0,3,5,2,4,4,7,7,6,3,2,1,2,5,7,9,9,5,6,8,9,6,5,8,10,12,13,15,16,17,3,1,5,8,11,13,5,11,12,16,17,18,11,3,13,16,11,9,10,14,11,16,16,13,11,13
Shandong,Mainland China,36.3427,118.1498,2,5,6,8,1,3,0,0,2,3,0,0,-1,-2,0,0,0,2,2,2,4,6,7,2,3,1,2,2,-1,0,6,5,4,2,3,-1,0,4,5,9,12,10,12,15,10,-3,-3,0,7,9,11,9,6,13,8,6,6,7,7,9,4,7,7,4,9,11,13,13,8,9
Shanghai,Mainland China,31.202,121.4491,11,12,10,9,13,20,19,7,7,9,7,8,10,8,8,7,7,8,9,11,13,10,10,9,8,9,7,9,9,8,10,12,13,12,12,11,7,8,10,13,16,12,18,16,17,14,6,9,10,12,16,19,18,16,21,25,12,13,15,13,11,12,13,12,11,13,17,16,13,13
Shanxi,Mainland China,37.5777,112.2922,3,5,7,7,0,4,1,2,3,2,0,1,0,-1,0,1,2,4,5,2,4,5,6,5,5,4,4,6,6,6,9,6,5,6,7,5,6,8,10,12,13,14,16,18,6,0,5,9,10,13,10,8,11,19,8,17,14,6,15,17,10,14,9,11,14,18,17,13,13,12
Sichuan,Mainland China,30.6171,102.7103,9,9,7,5,6,3,7,4,6,2,5,8,7,3,6,4,1,0,0,2,6,6,2,0,0,0,0,0,3,0,0,4,0,2,5,1,1,2,1,2,5,7,10,13,8,0,2,1,2,7,4,7,9,9,12,11,11,8,8,12,4,5,2,5,7,10,11,13,2,4
Tianjin,Mainland China,39.3054,117.323,0,2,5,7,4,3,3,5,4,5,0,2,0,1,2,2,3,4,5,5,6,8,9,4,6,5,6,7,7,7,9,6,3,4,1,-1,0,5,7,11,13,16,17,16,1,0,1,7,10,9,8,11,10,16,12,10,9,8,11,8,11,11,9,7,12,16,16,13,10,11
Tibet,Mainland China,31.6927,88.0924,-5,-6,-4,-7,-11,-4,-1,-3,-4,-8,-6,-1,3,0,0,0,-1,-3,-8,-8,-6,-6,-9,-12,-8,-6,-6,-5,-4,-6,-7,-6,-10,-9,-8,-9,-7,-6,-9,-10,-6,-3,0,3,2,0,2,0,-1,0,-2,0,-1,-2,-3,-1,-2,-5,-2,-2,0,-1,-3,-1,-1,0,1,0,0,1
Xinjiang,Mainland China,41.1129,85.2401,2,0,0,0,0,0,-1,0,0,0,0,-1,0,0,2,2,0,1,1,0,2,2,1,1,1,1,2,3,2,2,3,3,3,4,4,5,5,6,7,7,8,9,9,7,5,5,5,6,5,6,8,9,11,12,13,13,14,15,16,12,12,13,15,16,16,15,13,8,9,10
Yunnan,Mainland China,24.974,101.487,19,19,20,12,12,15,16,19,20,18,17,19,19,20,20,22,20,21,20,20,20,20,20,16,13,14,16,14,15,16,17,18,17,18,19,19,19,20,19,18,16,19,19,20,20,18,16,18,17,19,21,22,23,21,21,21,22,19,19,22,23,23,21,20,20,20,22,22,23,23
Zhejiang,Mainland China,29.1832,120.0934,11,13,12,10,17,21,21,10,9,7,7,8,9,8,4,6,6,7,8,10,13,17,11,8,6,6,6,7,8,9,10,12,13,10,7,12,6,7,9,12,15,16,19,16,20,15,7,9,11,15,17,18,17,20,24,25,13,16,21,19,10,12,11,8,13,15,17,16,17,14
,Thailand,15,101,33,33,35,34,34,35,36,36,36,37,36,36,35,36,36,36,36,36,36,35,36,37,36,37,35,35,35,35,35,33,33,34,36,36,35,36,35,37,37,35,34,36,37,37,37,37,38,35,33,34,36,35,35,36,36,38,38,37,37,35,36,35,36,37,33,34,36,38,39,40
,Japan,36,138,6,8,8,7,5,5,5,9,7,5,9,7,8,9,6,6,6,3,6,8,6,10,7,12,5,7,3,7,12,8,5,7,7,8,8,5,0,5,5,3,4,7,12,15,13,13,11,7,2,8,9,12,9,6,13,10,8,4,8,12,12,13,12,10,4,9,12,8,19,11
"King County, WA",US,47.6062,-122.3321,10,11,6,12,8,8,10,11,7,4,6,7,7,1,0,3,7,5,9,10,11,9,8,11,11,10,11,10,10,9,8,13,11,6,5,3,9,9,11,8,8,9,8,9,7,9,7,8,8,8,12,13,12,8,9,9,10,11,14,10,9,9,9,11,11,12,6,7,8,10
"Cook County, IL",US,41.7377,-87.6976,-1,5,9,4,1,5,5,5,-4,9,8,1,0,1,5,3,-3,-1,2,-6,0,-1,1,1,3,2,1,2,0,1,2,3,2,11,6,2,0,-1,2,2,2,1,1,2,-4,-9,0,3,4,3,-1,-4,2,9,12,5,3,0,0,-1,1,11,10,10,8,12,4,10,17,14
,Singapore,1.2833,103.8333,31,30,31,30,31,31,29,31,31,31,30,31,31,32,31,31,32,31,31,31,29,31,31,32,32,31,31,31,29,31,31,31,30,31,31,31,32,31,31,29,30,30,31,32,32,31,31,32,30,31,31,31,30,31,30,31,32,32,32,33,33,32,32,32,30,31,31,31,32,32
,France,47,2,8,9,11,8,8,9,9,12,11,8,9,8,12,12,14,16,11,9,7,7,7,7,6,13,12,11,9,8,10,12,14,13,14,15,9,9,10,13,14,14,13,9,11,12,12,15,19,10,11,12,12,11,13,14,14,11,8,12,12,13,10,9,7,9,12,9,10,12,11,12
,Nepal,28.1667,84.25,20,22,14,17,17,19,19,19,19,19,20,21,22,24,24,19,14,21,20,20,19,21,20,19,19,16,18,22,23,21,21,19,19,20,21,21,20,21,19,20,22,22,23,25,22,23,22,23,24,22,24,19,25,25,25,21,19,23,24,25,26,25,25,25,25,23,19,24,26,27
,Malaysia,2.5,112.5,28,28,28,27,29,29,28,29,29,26,27,26,28,27,29,28,26,29,29,29,29,29,28,28,30,28,28,31,27,28,29,30,29,26,26,25,28,30,30,27,27,29,31,29,27,28,29,24,27,27,29,29,28,29,27,29,27,28,26,28,27,30,27,29,25,27,29,31,29,29
British Columbia,Canada,49.2827,-123.1207,8,10,6,11,7,7,5,9,5,4,4,6,4,-2,-3,-1,3,3,5,7,8,8,7,9,10,9,10,8,9,9,8,11,9,5,4,1,5,6,7,8,6,7,8,8,7,9,7,7,7,7,8,9,10,7,8,7,6,8,9,8,9,7,6,8,9,8,8,7,7,8
"Los Angeles, CA",US,34.0522,-118.2437,22,21,20,24,21,22,25,24,18,16,19,17,17,17,18,18,16,17,22,24,18,17,18,24,23,22,16,23,25,24,24,28,29,21,17,17,17,18,20,21,15,23,23,20,22,20,21,21,22,22,20,27,25,18,19,21,28,27,30,30,23,16,23,27,23,25,22,17,19,23
New South Wales,Australia,-33.8688,151.2093,24,25,28,37,24,24,28,26,25,29,22,21,25,26,27,28,22,22,24,28,29,29,38,27,28,32,28,29,26,28,30,35,29,31,22,25,24,21,22,22,26,28,25,25,25,26,25,24,29,27,22,24,23,25,26,28,32,24,24,25,28,34,23,25,25,26,23,22,22,23
Victoria,Australia,-37.8136,144.9631,25,26,32,27,17,20,23,25,31,33,18,21,31,32,34,19,25,29,28,21,23,31,21,23,27,24,23,25,29,38,41,31,23,17,21,21,27,26,29,27,25,26,27,30,31,21,25,27,21,18,18,20,23,30,26,30,18,21,21,24,31,18,21,25,20,18,21,21,21,23
Queensland,Australia,-28.0167,153.4,29,30,29,30,31,30,29,30,30,30,30,25,27,27,28,28,28,26,28,31,33,32,30,31,29,28,29,29,32,30,30,31,32,34,25,25,23,26,27,27,29,28,27,26,29,30,31,30,31,32,30,28,27,27,26,27,29,29,29,28,30,32,30,28,29,30,29,27,23,24
,Cambodia,11.55,104.9167,34,34,34,33,33,34,33,34,34,35,33,33,33,33,33,34,34,33,33,34,34,35,34,34,34,34,34,34,33,29,31,33,33,34,34,34,34,35,34,32,31,35,35,36,36,36,36,34,35,35,35,35,35,35,35,35,36,35,35,35,36,35,36,35,34,35,36,37,37,38
,Sri Lanka,7,81,27,27,28,28,28,27,27,25,27,27,26,25,25,26,26,27,26,27,28,27,25,23,25,25,25,26,27,28,28,27,27,27,27,26,26,25,27,26,28,28,26,26,24,24,25,28,27,27,27,27,27,25,26,23,27,28,28,28,28,28,28,29,30,30,30,27,27,28,29,30
,Germany,51,9,1,0,6,4,4,3,5,5,9,7,4,4,5,7,10,9,7,4,4,3,3,2,3,1,2,3,5,4,4,7,11,9,11,8,4,6,5,5,3,9,6,5,5,3,6,8,13,9,5,5,7,6,10,10,9,7,4,2,4,11,8,9,6,7,5,4,6,8,9,10
,Finland,64,26,3,4,3,0,-4,0,3,3,1,-1,0,2,0,1,2,1,1,3,0,3,3,-1,0,0,-2,-3,-8,-5,-2,-3,-4,-2,0,-2,-8,-2,-4,-2,0,2,3,2,2,2,-2,1,3,3,3,0,-4,3,4,2,0,0,-3,-2,-3,-4,-3,-5,-3,-2,2,-1,2,3,4,4
,United Arab Emirates,24,54,28,26,30,30,29,23,23,25,27,24,20,17,21,21,21,22,23,27,27,26,23,28,28,20,22,18,20,22,23,24,23,25,25,22,22,24,25,27,30,31,25,21,19,20,22,24,26,29,31,31,32,25,27,31,32,36,28,24,24,26,30,30,25,24,25,27,29,31,26,27
,Philippines,13,122,29,28,29,28,27,28,27,28,28,28,28,28,28,28,28,28,28,28,28,28,28,28,28,28,27,28,28,28,28,28,26,27,27,27,26,28,28,28,28,27,27,28,27,28,28,28,28,29,27,27,27,28,28,29,28,28,27,28,28,28,28,28,28,28,30,29,28,28,28,29
,India,21,78,22,20,24,24,24,25,27,26,25,23,25,26,28,29,29,27,27,28,27,27,29,30,29,29,30,31,30,30,28,28,28,26,27,27,28,28,27,29,27,27,28,28,31,32,33,33,33,32,33,33,35,34,33,34,33,30,31,33,33,34,34,33,34,33,33,33,33,34,32,32
,Italy,43,12,11,11,10,13,11,9,9,10,11,11,12,12,11,11,12,12,11,10,8,8,10,13,12,12,14,12,13,15,14,15,13,16,17,18,16,12,11,14,14,14,16,17,17,16,17,17,18,17,15,14,15,16,17,19,18,16,13,14,15,16,14,15,11,11,13,15,13,14,14,16
,UK,55,-3,5,10,7,8,9,9,13,7,5,6,12,7,8,6,8,9,6,7,5,6,8,10,8,8,8,8,7,5,8,10,11,8,8,6,11,7,8,9,9,11,5,5,5,4,9,10,7,8,6,8,8,9,5,6,6,5,6,7,8,6,7,5,8,8,9,7,9,8,7,9
,Sweden,63,16,5,8,3,1,0,1,1,3,0,-4,3,1,0,2,2,0,2,1,3,8,2,1,4,1,0,5,2,0,0,0,0,2,2,-2,-4,3,-3,3,2,2,3,0,-1,-1,-2,2,5,4,3,0,0,3,3,2,0,-1,-3,-3,-1,0,-5,-5,-4,-1,-3,3,2,4,5,3
,Spain,40,-4,11,11,8,13,11,12,12,14,13,13,12,10,10,9,12,17,14,11,12,9,10,12,12,12,10,12,12,14,15,14,16,17,16,17,18,16,14,14,13,14,17,17,15,16,15,17,17,15,15,17,17,20,21,22,22,19,17,19,20,14,15,14,15,17,16,14,17,18,19,23
South Australia,Australia,-34.9285,138.6007,25,29,37,23,18,25,28,32,36,23,23,27,31,30,25,23,22,24,22,21,25,23,19,23,24,25,25,28,35,39,34,22,23,21,24,26,28,29,31,29,29,27,25,28,24,24,24,27,21,21,22,23,25,30,30,26,21,20,23,26,27,21,20,23,22,22,24,24,25,28
"San Benito, CA",US,36.5761,-120.9876,13,14,13,17,15,12,13,15,9,7,12,9,9,10,9,11,6,8,10,15,13,12,14,16,16,17,13,15,13,13,14,19,20,10,8,9,14,17,19,17,12,17,17,18,16,16,18,18,17,17,17,18,18,15,14,18,20,22,22,23,17,8,14,20,22,21,20,9,11,14
,Belgium,50.8333,4,4,6,10,8,7,7,8,12,13,8,7,9,9,11,12,12,10,8,8,7,3,3,6,4,4,9,9,6,9,11,13,12,12,12,7,9,9,10,11,13,9,8,9,9,10,13,16,10,9,8,11,9,12,13,12,9,6,4,6,10,10,8,8,10,8,7,11,10,11,12
Diamond Princess cruise ship,Others,35.4437,139.638,10,12,12,12,11,12,10,12,14,12,12,11,13,12,11,10,11,6,9,12,12,9,9,14,10,8,9,10,17,16,11,13,13,15,12,15,7,7,12,8,10,11,16,17,15,16,12,16,12,12,13,14,17,15,15,15,10,11,10,13,16,9,15,12,12,14,12,10,18,16
"San Diego County, CA",US,32.7157,-117.1611,21,18,19,20,19,18,24,21,16,16,18,17,17,16,16,16,15,16,19,21,17,15,17,19,18,17,16,18,21,21,21,24,26,19,17,16,16,17,18,18,14,15,19,18,18,18,19,18,18,17,18,22,19,17,17,18,23,23,27,27,19,16,17,22,18,21,19,18,18,21
,Egypt,26,30,17,14,14,13,13,17,15,13,13,14,16,18,20,21,24,17,15,16,15,16,15,14,16,16,17,19,21,21,19,19,18,19,19,19,20,21,24,18,17,16,15,17,21,24,25,25,20,19,19,18,20,21,20,19,12,19,23,26,27,22,22,23,27,30,30,23,24,27,32,26
From Diamond Princess,Australia,35.4437,139.638,10,12,12,12,11,12,10,12,14,12,12,11,13,12,11,10,11,6,9,12,12,9,9,14,10,8,9,10,17,16,11,13,13,15,12,15,7,7,12,8,10,11,16,17,15,16,12,16,12,12,13,14,17,15,15,15,10,11,10,13,16,9,15,12,12,14,12,10,18,16
,Lebanon,33.8547,35.8623,7,6,6,4,6,9,8,4,4,5,7,8,9,9,12,13,7,6,5,5,4,6,5,3,6,8,11,10,8,8,3,4,8,10,9,12,13,3,0,0,0,3,7,9,9,10,10,9,11,9,8,10,6,8,11,9,11,14,15,9,7,10,14,18,19,10,12,17,19,16
"Humboldt County, CA",US,40.745,-123.8695,13,12,13,15,10,8,11,10,8,10,9,7,8,9,6,8,7,9,10,13,14,9,11,14,14,13,12,11,10,14,16,16,13,7,7,9,10,13,12,9,14,17,16,13,13,11,12,12,13,14,15,16,16,13,11,15,18,16,20,15,9,12,14,16,19,15,11,9,11,14
"Sacramento County, CA",US,38.4747,-121.3542,13,14,16,15,13,14,12,9,9,11,12,14,11,13,13,10,9,10,11,8,12,14,15,13,17,14,17,17,15,17,17,19,19,14,12,13,15,16,18,17,18,22,21,19,17,18,18,19,21,18,19,20,22,22,17,23,23,24,24,23,19,15,22,24,25,22,17,13,15,19
,Iraq,33,44,18,18,20,17,17,19,19,18,16,16,16,17,17,16,16,18,22,18,16,18,16,11,13,15,12,14,16,17,18,19,21,15,15,16,18,21,24,23,19,13,7,7,11,19,18,19,20,20,23,23,19,21,25,23,25,19,16,21,23,25,20,20,22,23,25,27,22,26,28,29
,Oman,21,57,28,28,28,27,27,27,27,27,27,27,27,22,24,23,22,24,25,27,26,27,28,28,27,27,29,26,23,24,25,26,27,28,27,29,27,28,28,29,29,29,29,29,29,27,27,29,29,31,30,31,32,31,31,32,33,34,33,33,31,31,31,31,33,31,30,30,30,31,31,31
,Afghanistan,33,65,8,4,7,7,4,6,6,6,8,6,4,2,1,1,3,3,2,5,6,5,4,6,7,5,6,6,7,6,6,7,6,7,9,5,6,8,8,9,10,11,4,7,7,7,10,11,11,12,12,9,11,11,13,12,13,13,15,12,11,14,16,17,12,14,11,14,13,11,9,8
,Bahrain,26.0275,50.55,21,22,24,26,18,19,20,20,20,19,17,17,18,18,19,19,20,21,21,21,21,22,15,17,18,15,16,18,17,19,18,19,18,18,18,19,21,23,24,20,19,16,13,16,19,20,20,23,22,23,22,21,21,23,25,27,21,21,21,21,24,21,21,21,22,22,24,24,22,23
,Kuwait,29.5,47.75,19,19,21,22,19,20,20,20,20,19,17,18,19,15,20,20,22,23,22,21,20,20,17,17,15,18,19,20,21,21,20,20,18,19,19,20,22,24,25,20,15,12,13,19,21,24,23,24,22,27,23,23,24,24,25,26,21,23,25,25,28,23,23,24,26,26,27,25,29,28
,Algeria,28.0339,1.6596,16,17,18,20,20,18,17,19,18,17,17,16,17,17,17,17,19,21,22,22,24,25,25,25,24,27,23,21,21,24,25,26,24,24,26,27,22,22,24,24,27,28,26,26,27,26,27,27,25,25,25,27,26,24,25,26,27,27,28,29,30,30,29,29,31,32,24,22,23,25
,Croatia,45.1,15.2,3,6,8,6,0,0,4,3,7,7,4,2,5,5,6,6,4,1,0,-1,2,7,2,8,6,6,6,6,6,6,8,9,10,10,9,1,3,4,7,6,7,10,8,9,9,7,10,9,5,7,7,9,8,10,8,8,5,5,6,7,7,10,9,4,9,7,6,6,7,9
,Switzerland,46.8182,8.2275,4,3,4,2,2,4,2,6,8,3,2,4,4,5,7,6,4,-2,-3,0,4,6,5,6,4,4,5,2,0,5,6,5,5,5,-1,-2,2,4,4,4,5,0,1,2,3,7,7,6,1,0,6,3,9,8,11,5,-4,1,1,3,4,3,0,1,3,0,0,5,0,2
,Austria,47.5162,14.5501,2,6,6,2,-1,2,2,3,8,5,0,4,5,6,7,7,5,1,0,1,8,6,5,7,5,5,6,5,1,5,6,9,7,3,3,-2,1,2,5,6,5,3,3,5,1,6,8,10,5,4,4,3,10,9,5,12,0,3,0,4,6,6,3,3,4,5,3,6,5,6
,Israel,31,35,14,14,13,11,13,15,15,12,11,10,13,14,14,15,18,20,15,13,13,13,8,10,12,9,12,14,15,15,13,16,14,13,15,16,15,17,20,11,11,9,9,12,17,19,19,20,15,17,18,13,13,17,15,16,15,13,17,20,22,16,15,16,21,24,25,14,17,23,25,21
,Pakistan,30.3753,69.3451,12,12,13,14,8,7,11,11,12,11,12,8,8,8,9,10,11,10,11,11,12,13,15,15,17,16,13,12,11,12,12,14,14,14,13,12,16,16,17,16,17,18,18,17,21,23,23,22,24,18,18,19,20,21,22,24,26,25,22,20,20,23,20,17,11,13,16,19,19,17
,Brazil,-14.235,-51.9253,31,33,30,30,26,25,29,30,31,29,33,32,32,31,33,34,35,34,34,35,33,32,27,26,27,28,30,27,28,30,29,34,33,32,33,29,31,30,26,27,25,26,33,32,32,34,28,33,33,32,31,30,30,31,33,29,31,31,32,31,25,30,29,30,31,30,27,30,31,28
,Georgia,42.3154,43.3569,5,4,7,7,8,9,9,10,4,4,4,4,4,7,7,8,7,7,6,7,5,3,3,1,3,6,8,9,9,10,7,4,4,6,3,7,12,4,1,0,1,3,5,4,3,5,7,6,8,11,10,12,13,7,12,5,9,14,15,13,6,11,15,18,19,18,17,19,20,19
,Greece,39.0742,21.8243,8,4,7,12,3,2,3,3,6,10,11,7,8,10,8,10,7,7,6,5,7,11,12,10,11,13,7,10,11,11,11,14,12,13,13,5,3,6,7,10,9,12,14,13,8,6,7,12,15,13,9,8,6,12,18,17,13,7,8,12,12,15,16,11,11,12,16,11,10,12
,North Macedonia,41.6086,21.7453,6,5,6,8,5,4,4,4,4,7,9,3,8,6,5,7,5,5,5,4,3,7,7,6,10,9,9,12,8,11,12,15,16,17,18,5,2,5,6,6,9,14,12,13,11,11,13,13,17,15,7,12,10,14,16,18,20,12,13,12,17,22,20,13,12,15,12,11,11,11
,Norway,60.472,8.4689,0,3,0,-3,2,4,1,2,-3,-7,4,0,-1,1,1,2,4,0,-3,6,2,-3,3,0,2,2,2,-4,0,-5,0,3,-2,-7,-4,3,4,2,2,2,0,0,0,-3,-2,0,3,4,1,0,3,4,1,0,0,-3,-5,-4,0,-3,-2,3,0,0,0,0,0,3,4,1
,Romania,45.9432,24.9668,0,1,0,1,-2,-2,-2,-2,-1,3,2,2,2,0,0,2,3,4,-1,-1,0,0,0,1,6,7,7,6,2,1,7,10,9,7,6,2,0,0,-2,3,7,5,4,4,8,4,8,11,11,7,5,6,5,9,8,14,16,3,7,5,13,13,18,16,4,12,15,8,8,9
,Denmark,56.2639,9.5018,5,5,8,5,6,7,7,9,9,6,7,8,6,8,9,7,7,7,6,7,8,7,8,7,7,6,7,6,7,8,7,8,5,7,4,5,8,6,6,10,7,6,6,5,5,8,11,6,6,6,7,6,8,5,5,5,2,5,6,8,6,8,6,7,6,4,6,8,10,8
,Estonia,58.5953,25.0136,2,4,5,2,0,3,4,6,4,3,0,6,3,3,7,6,4,4,5,3,6,3,2,5,3,5,5,2,3,2,2,4,5,2,0,1,-1,0,1,3,5,4,5,4,3,2,5,7,6,4,3,3,4,5,4,2,1,0,0,2,3,4,2,5,4,5,4,5,6,4
,Netherlands,52.1326,5.2913,2,4,9,7,7,5,8,11,12,7,7,10,8,10,11,9,10,7,8,7,5,6,7,4,3,8,9,5,6,9,11,11,10,10,6,8,9,8,10,11,8,5,7,8,8,12,15,9,9,7,10,9,12,11,10,8,6,3,7,10,9,7,8,10,7,8,10,9,9,12
,San Marino,43.9424,12.4578,9,9,9,10,8,7,5,7,9,10,8,8,7,8,8,8,9,6,5,4,6,9,8,8,7,7,10,13,11,12,11,13,13,13,14,9,8,11,9,11,15,16,14,13,12,13,13,15,10,11,10,12,13,14,15,15,13,10,11,14,12,13,11,5,11,12,8,9,10,12
,Belarus,53.7098,27.9534,0,1,2,3,1,0,0,0,2,2,5,2,3,3,4,4,2,0,1,1,3,4,1,2,5,3,1,2,1,2,1,4,7,2,1,0,3,-2,1,1,3,3,2,3,4,4,4,10,9,6,6,5,6,5,5,5,7,4,3,4,5,7,9,10,7,5,7,9,8,8
,Iceland,64.9631,-19.0208,-1,-9,-14,1,-1,-1,-3,-6,-7,1,-1,-12,-6,-2,-3,-2,-6,-8,2,-2,-2,3,-6,-6,-3,-3,-3,-8,-7,-3,-4,-10,-9,-6,0,2,3,2,-3,-7,-2,-6,-11,-12,0,-3,-3,-2,-3,-3,-2,-3,-6,-5,-3,-6,-8,-10,-3,-2,-2,-3,-4,-5,-8,-9,-8,-8,-9,-3
,Lithuania,55.1694,23.8813,4,5,2,4,2,1,2,3,4,6,4,3,5,5,6,7,4,3,3,4,6,5,3,5,5,3,2,4,3,5,4,9,6,4,2,1,4,1,3,4,7,3,4,5,4,4,7,9,7,6,6,4,4,6,6,4,6,3,4,5,9,9,7,8,8,8,6,7,9,8
,Mexico,23.6345,-102.5528,19,18,14,15,14,18,21,19,23,23,22,20,22,24,24,24,22,22,20,18,19,23,20,21,22,15,18,21,18,22,19,17,15,18,15,18,18,21,25,25,24,24,25,22,24,25,26,27,28,29,29,28,22,27,26,27,24,18,22,23,29,28,28,25,24,21,20,25,23,24
,New Zealand,-40.9006,174.886,18,18,19,17,16,18,17,17,18,18,17,18,17,18,19,20,20,20,21,21,19,18,19,20,20,20,19,20,20,20,20,19,19,20,22,18,19,20,19,18,19,18,19,18,22,21,22,19,19,19,20,22,20,18,19,21,20,20,20,19,22,20,21,19,18,19,19,20,19,19
,Nigeria,9.082,8.6753,35,32,32,32,33,34,35,36,37,36,35,35,37,37,37,36,36,35,35,36,36,36,36,35,34,36,36,37,36,37,37,36,36,36,34,34,35,37,38,37,36,36,35,36,37,37,37,36,35,37,38,38,39,39,39,37,37,38,37,39,36,35,37,38,39,39,37,38,39,38
Western Australia,Australia,-31.9505,115.8605,28,24,21,25,32,30,29,27,26,31,33,30,33,33,33,31,27,30,29,28,24,24,27,29,31,32,35,32,27,22,23,26,33,36,39,33,28,27,27,26,31,32,31,33,36,26,25,30,32,34,32,30,29,30,31,32,29,29,29,26,28,29,31,32,30,25,25,29,32,32
,Ireland,53.1424,-7.6921,7,11,8,8,10,9,13,8,4,8,12,7,8,6,8,10,6,6,6,6,8,9,7,8,9,7,6,6,9,11,12,9,10,8,9,9,9,9,8,11,5,5,7,8,10,10,7,7,7,9,6,10,7,8,11,5,7,8,11,5,6,7,8,8,8,9,11,8,11,10
,Luxembourg,49.8153,6.1296,1,2,7,5,5,2,5,8,11,8,5,4,6,8,12,10,8,5,5,4,3,4,4,4,4,5,6,5,6,7,10,11,12,9,5,8,6,6,6,12,7,4,5,6,8,11,14,8,7,5,7,7,8,11,10,7,4,2,4,10,8,6,5,6,7,6,8,10,8,11
,Monaco,43.7333,7.4167,13,13,13,14,15,13,13,15,13,13,15,14,12,13,14,13,12,13,13,12,15,16,15,14,13,13,13,16,16,13,14,15,14,16,18,15,13,13,13,14,20,20,15,14,16,15,13,14,15,15,14,15,14,14,14,16,14,13,15,14,15,14,14,15,12,13,16,15,14,15
,Qatar,25.3548,51.1839,24,25,29,31,22,21,22,23,22,21,18,18,20,20,22,21,23,25,26,24,24,25,17,19,23,16,18,21,21,23,23,26,22,21,21,25,27,29,31,27,21,18,15,19,23,26,26,28,31,31,31,25,28,30,32,33,25,24,25,27,31,27,24,24,26,28,30,29,26,29
"Snohomish County, WA",US,48.033,-121.8339,8,8,4,13,6,5,8,9,4,4,4,5,4,2,-1,1,5,5,5,8,10,8,6,10,9,9,10,10,8,8,9,13,9,5,5,2,6,5,9,7,6,7,5,8,5,7,5,5,6,9,11,13,12,7,6,6,9,9,13,9,7,7,6,8,9,10,6,7,7,10
,Ecuador,-1.8312,-78.1834,21,22,22,21,24,24,24,24,23,24,19,21,19,23,22,22,20,21,19,19,22,25,24,23,20,21,21,25,25,23,22,23,23,21,21,22,25,24,22,23,21,22,23,22,23,23,21,20,22,22,22,23,24,21,21,21,21,22,20,20,21,22,20,21,21,21,20,22,23,22
,Azerbaijan,40.1431,47.5769,13,11,6,8,10,10,10,10,9,9,8,10,11,11,8,9,8,9,4,7,8,11,13,9,8,14,11,11,13,17,17,5,12,15,18,14,22,24,14,5,5,5,10,12,13,10,11,9,12,14,12,16,11,18,15,17,13,16,22,18,18,10,17,18,20,19,18,18,18,18
,Czech Republic,49.8175,15.473,2,4,4,3,1,2,2,4,5,7,3,5,4,3,3,6,3,2,1,1,0,0,2,0,2,2,5,6,4,6,11,13,9,8,4,1,2,4,4,7,9,6,5,6,7,8,10,12,7,6,6,5,12,12,8,9,5,6,4,4,10,11,7,7,9,9,4,9,8,8
,Armenia,40.0691,45.0382,-2,-4,-5,-3,-4,-3,-2,-2,-4,-4,-5,-2,-5,-2,-1,-5,-5,-4,-4,-4,-4,-5,-4,-10,-7,-4,-3,-2,-2,-3,-1,-6,-5,-3,-4,-2,0,-1,-4,-14,-13,-12,-9,-7,-9,-4,-2,-5,-1,0,0,0,0,0,0,-1,-2,3,2,2,0,0,1,4,5,5,4,4,5,5
,Dominican Republic,18.7357,-70.1627,25,26,24,25,26,25,26,25,26,25,23,25,23,23,21,23,24,24,23,22,25,25,26,23,23,24,23,25,25,25,25,26,26,27,23,24,25,25,26,27,26,25,23,23,24,26,25,24,23,22,22,25,25,25,24,23,25,25,26,26,27,25,22,23,25,26,26,26,21,20
,Indonesia,-0.7893,113.9213,32,31,28,32,29,32,32,32,31,30,28,30,34,33,29,30,32,32,30,30,32,34,33,31,31,32,34,30,34,26,31,33,32,29,31,29,31,29,32,27,29,34,35,33,33,31,31,29,28,33,32,32,34,35,32,32,30,32,28,31,31,32,29,31,29,29,33,30,32,34
,Portugal,39.3999,-8.2245,14,13,15,15,14,15,15,14,17,15,15,14,13,13,16,17,15,16,14,11,14,12,11,13,13,14,13,16,16,15,16,17,21,21,21,19,17,17,14,16,19,18,16,17,18,18,18,16,17,19,18,21,23,24,23,18,16,19,21,17,16,14,18,19,16,16,19,17,20,24
,Andorra,42.5063,1.5218,13,14,11,10,13,13,13,13,11,6,10,11,10,11,11,9,6,8,2,5,8,6,7,8,7,7,8,10,11,12,13,13,16,16,10,11,11,12,11,11,17,14,11,13,15,16,16,14,12,14,16,16,18,20,20,14,8,12,15,13,10,6,5,11,10,4,6,14,7,16
Tasmania,Australia,-41.4545,145.9707,15,19,21,18,17,20,19,22,20,16,9,21,18,22,21,15,17,17,17,15,19,17,8,13,14,14,16,14,20,28,27,19,11,9,15,20,18,22,20,18,16,18,22,21,16,19,18,17,14,17,14,12,16,19,18,21,8,10,13,18,14,10,18,13,13,16,15,14,15,15
,Latvia,56.8796,24.6032,2,4,4,3,1,2,2,4,3,3,0,5,5,3,6,7,4,3,5,3,7,4,3,6,5,5,4,1,4,3,3,6,6,3,1,1,2,0,2,4,6,4,5,4,3,3,6,9,6,5,5,4,4,5,4,2,4,3,0,3,7,6,6,7,6,9,4,7,9,6
,Morocco,31.7917,-7.0926,20,19,19,18,17,17,18,18,18,19,14,18,18,17,18,19,20,22,16,10,14,14,17,18,16,16,19,21,22,23,23,23,26,26,26,27,26,21,21,22,24,25,23,22,25,24,26,26,24,20,22,25,26,27,27,24,24,26,29,22,23,23,27,30,24,22,24,27,26,28
,Saudi Arabia,24,45,24,27,29,26,18,18,20,22,21,18,14,14,19,17,17,20,22,26,24,21,23,22,15,19,17,14,17,20,23,20,24,22,21,20,23,23,26,29,28,26,21,16,16,20,24,25,27,29,31,32,24,23,28,30,32,32,23,25,29,30,31,25,25,27,29,29,31,26,25,27
,Senegal,14.4974,-14.4524,33,34,32,32,32,31,31,31,33,34,34,35,34,33,33,35,34,35,36,37,36,36,36,38,38,37,39,39,39,39,39,40,39,38,38,38,38,38,37,37,37,38,39,39,39,39,40,40,40,40,39,40,40,38,41,41,40,40,40,40,40,40,41,42,42,42,41,41,41,41
"Grafton County, NH",US,43.9088,-71.826,1,-1,2,3,1,-4,-4,-1,-1,-7,1,11,10,-3,0,1,0,-12,-7,-2,-8,-7,0,2,3,1,1,1,-1,-4,-1,0,0,-1,2,2,-4,-2,0,-9,-3,1,0,0,0,-13,-5,0,-3,-2,-3,-8,-4,0,5,8,6,3,1,-3,-6,-5,2,8,2,3,2,0,5,13
"Hillsborough, FL",US,27.9904,-82.3018,19,22,28,29,25,18,20,22,19,25,27,29,29,28,28,28,27,26,26,24,17,13,15,22,24,21,20,21,21,22,19,22,18,17,23,25,27,29,17,21,25,29,29,29,29,25,26,28,28,30,28,27,12,21,24,26,28,27,15,17,18,23,26,28,30,30,23,20,23,25
"Placer County, CA",US,39.0916,-120.8039,13,10,14,15,11,8,12,13,5,4,9,4,4,4,2,6,4,4,10,13,12,6,10,12,12,14,7,11,8,14,15,17,18,6,5,9,13,15,17,13,10,17,18,16,14,15,14,14,17,14,14,16,18,16,14,18,20,19,20,18,14,7,15,21,20,19,16,4,6,12
"San Mateo, CA",US,37.563,-122.3255,16,15,15,15,14,14,14,13,13,12,14,14,12,13,12,11,10,12,11,12,13,14,15,14,17,16,15,14,14,15,16,18,17,12,13,13,15,17,17,14,16,20,21,18,12,14,16,14,20,18,16,18,20,14,14,18,21,21,22,20,13,14,21,21,22,15,14,12,14,18
"Sonoma County, CA",US,38.578,-122.9888,17,15,17,15,13,11,14,12,8,11,12,9,8,9,8,7,7,8,11,11,11,10,14,13,12,13,14,13,13,15,19,19,19,8,10,12,17,19,18,14,15,23,23,20,11,16,17,16,20,17,16,16,20,18,17,20,23,22,22,20,14,12,20,25,23,12,10,9,10,15
"Umatilla, OR",US,45.775,-118.7606,10,10,7,14,8,7,11,12,6,4,6,5,6,2,-1,2,2,2,4,5,5,6,6,11,10,12,9,11,10,9,8,17,13,4,3,3,7,10,12,7,7,8,12,9,12,9,7,8,7,6,7,9,11,14,13,8,11,13,16,19,9,8,11,15,12,17,14,8,9,11
"Fulton County, GA",US,33.8034,-84.3963,12,13,9,15,13,12,16,14,16,17,18,21,20,18,18,21,17,12,10,8,3,4,10,9,13,7,10,11,14,11,14,6,9,18,24,20,20,21,5,6,13,11,21,22,18,11,13,8,12,16,11,6,9,14,13,8,19,13,9,11,13,18,12,21,13,11,14,15,17,20
"Washington County, OR",US,45.547,-123.1386,10,13,9,12,8,9,11,13,9,5,8,10,7,7,6,6,7,5,9,11,9,10,10,13,11,13,12,10,12,11,10,15,14,6,7,5,10,12,12,8,8,10,8,9,6,8,7,8,9,10,12,12,13,12,12,9,12,13,16,12,8,9,9,13,12,13,10,7,10,12
,Argentina,-38.4161,-63.6167,29,29,32,35,31,31,26,32,30,29,28,34,34,27,37,24,27,32,36,39,35,34,37,38,33,32,30,31,34,28,34,35,39,34,35,26,29,26,29,27,27,30,32,35,26,31,35,34,26,30,25,24,24,29,33,27,27,33,35,34,35,39,37,37,36,34,35,34,30,30
,Chile,-35.6751,-71.543,35,33,33,34,32,25,28,29,24,27,31,34,34,33,31,28,34,36,37,35,35,36,32,31,35,34,34,34,31,31,34,35,32,34,31,28,28,29,32,34,35,35,34,30,28,31,32,31,25,33,33,35,31,30,29,25,31,33,34,33,35,31,31,33,33,34,34,31,32,33
,Jordan,31.24,36.51,13,13,12,11,13,16,14,10,9,8,12,14,14,14,17,17,15,12,12,13,8,10,11,7,9,13,16,15,14,16,12,12,15,18,15,18,19,15,9,7,6,9,17,19,17,21,16,15,17,14,14,18,15,17,16,12,15,20,21,17,13,16,20,24,25,17,16,22,25,24
"Norfolk County, MA",US,42.1767,-71.1449,5,5,8,9,7,3,2,5,5,0,10,19,22,6,5,10,7,-4,-4,7,0,-2,3,8,8,7,9,7,4,4,1,7,5,5,8,8,4,4,12,2,1,7,6,6,3,0,-1,6,7,4,6,1,0,8,12,16,13,8,10,4,2,1,12,18,11,11,9,7,12,23
"Maricopa County, AZ",US,33.2918,-112.4291,16,17,17,18,20,20,21,22,20,16,18,17,18,20,21,21,19,19,20,24,25,14,18,20,22,23,22,23,21,20,21,23,25,25,17,12,13,16,20,23,23,19,15,17,19,22,23,24,25,25,26,26,26,19,17,21,21,19,25,26,26,24,18,24,22,28,30,27,23,25
"Wake County, NC",US,35.8032,-78.5661,15,13,14,16,18,11,15,11,15,11,19,22,21,20,20,20,19,8,10,12,4,4,7,9,17,14,12,13,12,11,11,8,7,16,23,21,18,22,15,8,13,18,23,13,20,12,7,14,16,17,11,7,2,11,17,12,18,19,10,12,8,14,20,18,17,13,14,13,17,21
"Wetchester County, NY",US,41.122,-73.7949,6,4,9,8,8,4,7,5,4,1,8,18,18,7,6,10,8,-1,-1,5,0,0,3,6,9,7,7,6,5,4,2,6,5,6,12,12,5,4,10,4,5,6,7,8,5,-1,-1,7,10,5,7,2,1,9,13,16,11,8,6,4,1,5,14,14,13,11,8,8,15,22
,Ukraine,48.3794,31.1656,2,1,2,4,3,0,0,0,0,1,5,3,5,5,5,4,4,2,1,0,3,5,2,3,6,4,4,5,5,4,5,7,10,5,5,2,0,-3,-2,0,4,7,4,4,7,7,7,8,9,9,8,6,6,9,6,8,13,10,7,7,9,8,15,18,16,17,14,12,18,14
,Saint Barthelemy,17.9,-62.8333,27,27,27,27,26,27,27,27,27,27,27,27,26,26,26,26,26,26,26,25,26,26,26,26,26,26,26,27,27,26,27,27,27,27,27,26,27,27,27,27,26,26,26,26,26,27,26,26,26,26,26,26,26,26,27,26,27,26,26,26,26,27,26,27,26,27,26,26,27,27
"Orange County, CA",US,33.7879,-117.8531,22,19,18,22,21,20,26,25,16,16,18,17,17,17,17,18,15,16,21,23,17,15,17,23,21,20,14,22,23,24,23,27,29,20,17,16,16,18,20,20,13,22,22,19,20,20,20,20,20,21,20,26,24,16,18,21,28,27,28,30,21,15,21,26,21,26,21,18,18,23
,Hungary,47.1625,19.5033,4,3,1,5,4,2,1,0,2,2,6,3,2,3,3,3,1,1,1,3,3,1,5,2,1,2,5,7,5,6,11,15,13,11,9,8,5,9,5,8,13,9,9,10,10,9,12,14,12,11,10,8,11,14,11,17,8,9,7,10,13,14,14,7,10,7,11,11,12,14
Northern Territory,Australia,-12.4634,130.8456,34,34,34,33,33,32,33,34,31,28,28,32,33,34,34,34,33,34,32,31,31,29,31,31,32,33,33,33,33,32,33,33,32,32,32,33,33,34,34,34,34,32,34,34,34,34,33,34,34,34,33,33,34,33,33,33,31,31,32,32,33,33,32,33,33,33,33,30,28,32
,Faroe Islands,61.8926,-6.9118,7,5,1,6,6,7,8,3,4,6,5,3,5,4,5,4,4,4,8,8,5,7,4,3,6,5,3,3,3,3,2,1,2,3,4,6,7,6,4,2,3,2,1,0,5,4,4,4,4,3,4,5,3,3,3,3,2,1,2,3,2,1,3,3,3,3,5,4,2,4
,Gibraltar,36.1408,-5.3536,16,15,16,15,15,15,15,15,15,15,16,15,15,16,16,16,18,17,16,11,14,12,14,14,14,16,16,17,19,19,19,20,17,18,18,16,15,15,17,18,17,21,18,18,17,17,16,20,16,16,16,16,16,17,17,19,17,19,17,18,18,19,17,21,17,17,18,18,23,18
,Liechtenstein,47.14,9.55,3,3,4,1,0,4,1,5,8,3,2,4,4,5,5,5,4,0,-2,0,4,4,6,6,3,4,4,0,-1,3,5,4,2,4,-1,-2,1,4,4,5,3,0,0,4,2,6,8,6,2,-1,4,2,7,7,9,6,-3,0,0,3,4,4,0,1,2,0,0,3,1,0
,Poland,51.9194,19.1451,2,3,4,3,2,2,0,3,6,8,6,4,5,4,8,7,5,5,4,3,5,4,2,2,1,1,5,4,4,5,9,11,7,5,5,3,4,2,6,7,9,5,5,6,5,6,12,12,8,9,6,6,10,6,6,11,6,5,6,7,12,6,11,8,9,6,6,8,11,12
,Tunisia,34,9,16,17,17,16,17,18,17,16,18,17,15,16,16,18,18,18,18,18,17,19,20,19,21,22,22,22,21,20,22,22,23,23,23,24,26,19,19,18,20,22,24,24,23,22,24,22,22,20,22,23,21,21,22,21,24,25,26,23,26,27,29,28,22,26,26,26,20,21,22,20
"Contra Costa County, CA",US,37.8534,-121.9018,13,14,15,13,11,12,12,12,10,7,12,10,8,9,9,8,7,8,9,8,10,11,14,13,16,16,12,13,12,15,15,17,17,10,8,8,15,16,18,13,12,18,19,17,13,14,16,15,18,16,16,16,19,17,14,19,20,21,22,22,13,11,18,21,23,17,13,9,10,15
,Bosnia and Herzegovina,43.9159,17.6791,-1,1,5,2,-6,-6,0,-1,2,4,1,0,2,3,4,4,5,3,-2,-4,2,5,1,4,4,2,4,3,4,1,4,6,7,8,5,-3,-2,0,3,4,4,7,3,6,1,3,8,12,4,4,0,5,4,10,6,10,6,0,0,2,2,5,4,0,6,4,-1,0,3,5
,Slovenia,46.1512,14.9955,3,5,5,7,6,2,3,4,7,8,7,6,6,8,8,8,3,3,6,5,4,8,5,7,8,7,8,10,9,8,11,13,12,14,9,7,8,8,9,10,11,10,10,11,14,11,12,12,9,10,10,13,12,12,10,12,8,8,9,10,9,11,11,9,11,6,11,11,12,12
"Bergen County, NJ",US,40.9263,-74.077,7,4,9,8,10,5,7,7,5,1,9,19,19,7,7,11,9,0,-1,6,0,0,3,7,10,8,7,7,6,5,2,6,6,7,13,14,6,5,10,5,6,7,8,8,5,0,0,7,11,6,8,3,2,10,13,17,11,8,6,5,2,6,16,15,13,12,8,9,16,23
"Harris County, TX",US,29.7752,-95.3103,17,16,18,20,20,23,23,19,19,24,23,15,14,17,25,25,23,21,22,15,16,15,14,16,19,19,23,18,17,12,13,15,20,23,24,25,11,10,22,21,22,25,14,14,14,16,18,22,26,25,15,10,13,17,20,23,23,12,15,23,23,21,26,27,24,23,23,17,22,23
"San Francisco County, CA",US,37.7749,-122.4194,16,13,16,14,13,14,14,12,12,11,13,13,12,12,12,11,10,11,11,11,13,13,14,14,16,16,14,14,14,15,15,18,17,12,12,13,15,18,16,15,16,19,21,17,11,14,15,14,19,18,15,18,20,13,14,18,22,21,22,18,12,15,21,21,21,15,12,12,13,17
,South Africa,-30.5595,22.9375,37,38,37,38,35,36,28,29,30,32,35,36,36,36,38,40,40,34,33,33,34,33,34,34,33,27,28,33,37,37,39,37,36,37,36,36,32,31,32,30,31,33,34,34,36,32,29,28,29,30,31,34,34,29,32,34,32,26,28,29,30,28,31,32,34,35,35,34,32,20
"Clark County, NV",US,36.0796,-115.094,14,13,16,15,15,15,16,16,17,15,13,11,13,14,15,15,16,15,15,18,17,18,16,19,19,20,19,20,18,17,18,18,20,23,9,10,12,17,21,20,15,19,15,18,18,19,20,22,22,16,19,18,21,13,20,22,16,17,22,22,22,19,18,23,23,25,26,24,22,22
"Fort Bend County, TX",US,29.5693,-95.8143,16,16,18,20,21,23,23,20,20,24,24,13,15,18,25,26,23,23,22,15,17,17,15,17,19,19,23,18,19,12,13,14,20,24,23,25,9,11,22,22,23,25,13,13,13,16,21,23,26,26,16,10,13,18,21,22,22,12,15,22,24,22,27,27,24,23,22,19,23,23
"Grant County, WA",US,47.1981,-119.3732,5,12,8,10,9,7,11,11,7,5,2,5,7,-4,-5,-2,1,0,0,4,5,3,4,4,9,6,7,8,7,6,3,13,13,6,5,0,3,4,6,10,7,10,14,11,7,12,10,11,10,9,8,8,9,12,12,11,9,13,14,15,12,11,16,17,13,13,14,11,11,11
"Santa Rosa County, FL",US,30.769,-86.9824,17,18,22,23,17,16,20,18,18,20,22,23,22,23,24,25,24,22,19,12,10,7,11,15,17,15,12,15,19,10,17,13,13,20,22,22,22,22,13,19,22,23,26,24,19,17,19,14,20,24,24,18,13,15,19,21,21,16,12,17,20,20,23,25,21,18,20,18,20,22
"Williamson County, TN",US,35.9179,-86.8622,9,10,11,14,6,12,12,11,13,16,19,19,10,13,16,20,10,7,13,3,-1,1,7,7,9,5,9,13,8,9,9,11,9,19,20,17,13,5,3,10,16,13,8,15,6,0,11,14,18,14,11,5,5,12,13,11,13,6,7,8,9,19,15,18,18,18,10,12,19,18
"New York County, NY",US,40.7128,-74.006,6,4,9,8,10,6,7,6,6,1,11,18,19,7,7,11,10,0,1,6,1,1,5,7,11,10,8,7,6,5,3,6,6,6,13,13,6,5,12,5,7,8,9,7,6,1,0,7,10,9,9,2,2,10,12,15,9,8,5,5,2,8,13,13,13,11,7,9,14,21
"Montgomery County, MD",US,39.1547,-77.2405,11,9,10,12,13,5,10,5,6,3,12,20,17,11,7,14,10,2,1,4,1,2,4,6,9,9,8,9,7,7,5,7,8,11,19,19,5,7,13,6,9,7,12,9,12,1,1,10,12,15,11,5,3,12,14,16,10,10,4,6,2,10,18,17,17,13,10,10,17,23
"Suffolk County, MA",US,42.3601,-71.0589,5,5,8,10,8,3,2,5,6,0,10,20,21,5,5,9,7,-5,-5,6,-2,-3,2,8,7,6,9,8,4,4,0,7,4,5,8,7,4,4,9,1,1,7,5,7,4,0,-1,6,7,4,7,1,0,7,12,16,10,8,11,3,2,1,12,15,10,10,6,6,12,23
"Denver County, CO",US,39.7392,-104.9903,9,11,8,10,17,6,6,15,17,8,1,6,7,7,14,9,3,12,7,9,11,10,11,6,14,14,13,6,10,7,5,12,19,23,-2,-6,0,5,-1,8,-1,0,3,2,0,14,7,11,5,3,-3,3,14,16,7,4,-1,7,11,17,16,5,12,16,18,14,21,21,21,16
"Summit County, CO",US,39.5912,-106.064,-3,-2,-4,-3,5,1,-5,1,4,-3,-8,-2,-6,-6,2,2,4,-2,-4,-1,4,1,-1,-3,1,0,3,0,-3,-2,-5,-3,3,11,2,-11,-13,-5,-2,4,-3,-3,-4,-6,-6,3,1,0,-3,-3,0,0,4,6,0,-4,-11,-5,-1,3,5,2,-1,1,5,5,9,8,8,4
,Bhutan,27.5142,90.4336,10,9,7,6,4,12,11,10,9,11,13,16,14,14,14,14,11,12,9,10,11,11,7,10,11,8,7,7,11,8,9,10,9,8,8,6,8,10,10,9,12,12,15,16,10,12,14,12,14,10,11,14,9,11,9,11,7,12,15,15,13,11,10,8,11,10,11,14,15,13
,Cameroon,3.848,11.5021,32,32,32,32,33,32,33,33,33,31,29,31,33,34,32,33,32,32,31,33,33,33,33,32,33,33,33,34,33,32,32,33,34,30,31,28,29,33,35,32,33,35,34,34,34,35,34,31,31,34,35,35,36,35,35,36,33,34,34,35,32,31,33,30,32,31,29,32,33,32
,Colombia,4.5709,-74.2973,17,18,19,20,20,20,19,21,21,22,21,21,21,22,21,21,22,22,22,22,20,17,18,18,18,19,17,18,18,18,20,21,21,20,22,22,22,22,22,18,19,22,22,23,22,20,21,22,22,23,22,20,19,18,17,18,18,16,19,19,19,19,19,19,20,22,20,20,18,20
,Costa Rica,9.7489,-83.7534,22,23,22,23,24,23,23,21,20,21,20,21,21,19,19,21,23,21,20,20,19,20,20,21,21,21,21,22,23,21,23,23,23,20,20,23,22,24,24,21,20,23,21,21,22,20,21,19,18,20,21,21,20,22,24,25,24,25,25,21,21,24,25,23,25,25,22,21,21,22
,Peru,-9.19,-75.0152,32,29,29,31,31,31,33,29,33,34,34,33,34,32,31,27,34,33,27,32,33,34,30,27,30,33,35,37,33,26,33,32,32,34,30,31,32,31,28,34,29,27,29,32,33,29,30,31,35,33,32,34,31,24,31,33,33,30,28,31,32,26,36,35,30,34,30,35,30,31
,Serbia,44.0165,21.0059,1,3,3,4,1,0,0,1,2,7,5,3,3,7,8,7,5,4,1,2,2,5,3,6,10,11,5,10,9,7,13,16,14,14,15,2,3,3,7,11,12,10,9,11,7,10,12,16,12,11,6,10,9,14,12,18,19,6,5,10,15,20,19,8,10,13,13,5,8,6
,Slovakia,48.669,19.699,1,3,1,0,-2,-1,-1,0,0,1,1,2,1,0,1,3,2,0,0,1,1,1,0,0,1,1,3,-1,-1,0,5,7,3,3,2,0,0,2,1,1,2,1,0,0,2,2,4,5,4,2,2,1,2,4,2,6,3,2,1,1,3,4,3,0,3,0,3,4,5,6
,Togo,8.6195,0.8248,34,32,31,33,34,34,34,35,36,36,33,33,36,34,36,36,35,34,34,34,35,35,35,34,34,35,35,35,37,36,36,35,35,35,35,35,35,36,37,37,36,36,35,35,36,37,37,37,38,37,37,37,38,38,38,37,38,38,37,40,38,35,35,35,36,35,36,36,34,35
"Chatham County, NC",US,35.7211,-79.1781,15,13,13,15,18,12,15,11,14,12,18,22,21,20,21,20,17,8,9,12,4,4,7,8,17,14,12,11,12,11,11,6,8,17,23,21,18,20,13,8,13,17,22,14,20,12,7,14,16,16,10,7,4,12,17,11,18,19,10,12,9,15,20,17,17,13,14,13,17,21
"Delaware County, PA",US,39.9078,-75.3879,8,5,8,9,12,5,9,7,4,1,12,19,17,9,7,12,9,0,0,5,0,1,4,7,12,10,8,7,6,6,3,8,7,5,15,17,6,6,14,5,8,6,10,8,8,1,0,9,11,15,10,3,2,10,14,16,9,10,5,5,1,7,17,14,14,12,6,8,15,21
"Douglas County, NE",US,41.3148,-96.1951,2,6,4,4,5,7,6,7,2,7,-2,-5,-3,1,0,-1,-9,0,-7,-12,-12,-4,1,0,0,0,3,0,-1,0,1,1,7,11,1,-2,0,2,-3,2,1,5,5,6,-9,-1,8,11,9,5,-4,0,9,13,15,9,5,3,5,8,17,14,10,14,16,10,13,20,22,3
"Fayette County, KY",US,38.0606,-84.4803,4,9,10,12,6,8,8,8,7,14,18,21,8,9,13,17,7,3,10,-3,-2,0,4,9,9,3,7,8,3,3,7,5,6,15,17,13,4,4,0,4,9,10,5,4,4,-2,7,9,13,11,7,4,3,9,12,7,11,6,3,5,4,17,13,14,17,16,4,9,18,19
"Marion County, IN",US,39.8362,-86.1752,0,8,11,9,0,8,6,7,0,12,13,16,0,5,9,9,0,0,7,-8,0,0,0,6,5,1,0,0,0,0,2,4,5,16,16,13,1,0,1,1,0,1,3,3,0,-7,5,7,8,7,0,0,0,9,12,6,4,0,0,0,1,13,11,12,12,14,1,9,17,17
"Middlesex County, MA",US,42.4672,-71.2874,2,4,7,9,6,2,2,4,5,0,9,20,22,2,5,8,6,-5,-5,6,-1,-2,2,7,8,6,9,7,4,4,1,7,4,5,7,8,4,3,3,0,0,7,4,6,2,-1,-1,5,7,3,6,0,0,7,12,17,13,10,10,3,2,1,13,18,10,11,10,7,13,23
"Nassau County, NY",US,40.6546,-73.5594,7,4,8,8,9,5,7,7,6,0,10,14,17,8,7,10,9,-1,2,6,0,0,2,7,10,9,8,6,6,4,2,6,5,6,10,10,5,5,11,5,7,8,7,7,6,1,0,6,9,8,8,2,0,8,10,11,9,8,6,5,2,6,10,11,12,9,8,7,11,16
"Ramsey County, MN",US,44.9964,-93.0616,-4,0,2,0,0,2,2,-2,-12,1,-6,-9,-6,-2,0,-5,-15,-6,-3,-10,-6,-7,2,0,0,0,-2,-2,-6,-5,-3,0,2,5,0,-5,-1,0,-1,-6,-3,-1,-1,1,-17,-10,2,-5,1,-5,-10,-9,2,5,7,4,3,-1,-4,-3,2,9,2,5,4,3,4,10,14,4
"Washoe County, NV",US,40.5608,-119.6035,7,11,10,11,9,9,9,10,7,6,4,6,6,7,5,6,8,6,8,9,10,10,12,11,12,13,11,10,10,10,11,14,15,6,3,3,9,13,16,10,8,11,11,12,13,14,16,13,10,7,9,11,13,16,16,14,14,18,18,18,16,6,13,17,20,21,21,11,13,13
"Wayne County, PA",US,41.6739,-75.2479,3,1,7,5,6,0,3,2,0,-1,6,14,14,5,4,7,4,-5,-5,0,-5,-3,1,4,8,2,3,2,1,0,1,3,4,2,9,12,2,2,1,0,2,6,5,4,2,-7,0,4,5,3,1,-1,0,7,10,14,9,6,1,0,-4,3,15,12,8,9,5,4,14,19
"Yolo County, CA",US,38.7646,-121.9018,15,14,17,14,14,15,15,12,11,11,11,14,12,14,14,11,9,9,11,11,12,12,14,12,17,16,19,18,16,19,19,19,18,15,13,14,17,18,19,17,17,22,23,20,18,18,18,20,21,19,19,19,22,23,17,22,24,23,24,22,19,16,21,26,24,22,18,14,14,19
"Santa Clara County, CA",US,37.3541,-121.9552,17,14,16,18,15,14,16,14,14,13,15,14,13,13,13,12,10,13,12,13,14,14,16,16,19,19,16,15,16,16,16,20,20,13,13,13,17,20,20,15,17,22,23,21,16,17,19,16,22,21,20,21,20,19,15,21,24,25,26,25,16,15,22,24,26,20,18,13,16,19
,French Guiana,3.9339,-53.1258,28,29,30,29,29,30,30,27,29,28,29,31,29,26,25,27,29,28,29,31,29,29,31,31,32,28,27,26,27,29,30,27,30,30,30,31,30,30,28,28,28,29,28,29,28,31,28,28,29,30,28,29,31,29,28,27,29,32,30,30,32,31,32,30,28,32,32,30,32,32
,Malta,35.9375,14.3754,13,14,14,15,15,12,13,14,14,13,14,14,14,14,14,14,14,15,15,15,15,15,15,15,17,17,16,15,15,15,16,16,16,16,17,13,12,12,14,15,16,17,17,16,16,16,15,15,15,15,15,15,15,15,15,16,16,15,16,16,18,18,16,14,15,17,14,14,14,14
"Douglas County, CO",US,39.2587,-104.9389,6,10,5,7,12,8,5,12,13,6,0,8,5,6,11,9,7,10,7,7,11,12,10,6,11,11,12,7,6,4,6,10,16,18,-1,-8,-2,4,-1,9,-2,-1,3,-1,0,11,6,11,5,0,-4,4,11,14,3,3,-5,5,8,13,13,10,9,13,15,12,18,18,18,13
"Providence County, RI",US,41.8882,-71.4774,4,4,7,8,6,3,2,4,4,0,8,17,19,5,5,9,7,-3,-4,5,-1,-2,2,7,8,7,8,6,4,4,2,6,4,5,8,8,4,3,11,2,2,6,5,7,4,0,-1,6,8,4,6,1,0,8,12,15,13,10,9,3,1,1,12,16,11,11,9,7,12,21
,Martinique,14.6415,-61.0242,29,29,29,28,29,29,29,29,29,29,28,28,28,28,28,28,29,29,28,28,29,29,28,29,29,29,28,29,29,29,29,29,29,29,28,28,28,29,29,28,29,28,28,28,28,27,28,28,28,28,27,27,28,29,29,28,29,28,28,29,28,28,28,28,28,28,28,29,28,28
"Alameda County, CA",US,37.6017,-121.7195,14,14,15,15,12,12,13,13,10,9,12,11,9,10,10,9,11,10,9,8,10,14,14,13,17,16,13,12,14,15,15,18,18,11,9,9,15,16,18,13,13,18,19,17,14,14,17,14,19,16,17,17,19,18,13,20,20,22,22,23,12,11,18,21,23,18,16,11,12,15
"Broward County, FL",US,26.1901,-80.3659,27,27,28,29,30,21,23,25,24,25,25,28,27,28,27,27,27,25,24,28,23,19,16,24,25,25,24,25,25,27,23,27,24,19,23,26,27,29,23,24,25,27,29,29,30,29,26,26,29,28,29,29,24,23,24,26,29,30,20,19,21,23,25,28,31,33,28,22,23,24
"Lee County, FL",US,26.663,-81.9535,24,24,28,28,27,20,22,23,22,26,26,29,29,28,28,28,28,27,27,26,20,16,16,25,25,23,21,22,24,22,20,24,20,18,23,25,27,27,19,23,27,29,28,29,28,28,27,27,28,29,28,28,21,23,25,26,27,28,19,19,21,24,26,27,29,28,25,22,23,25
"Pinal County, AZ",US,32.8162,-111.2845,17,16,14,15,20,19,21,20,20,16,14,16,18,20,20,23,20,17,21,24,25,12,15,20,22,21,22,20,20,18,19,21,23,26,16,9,10,14,19,22,22,20,13,15,19,21,20,23,24,24,24,27,24,18,16,19,18,18,25,26,25,23,19,20,21,28,28,28,22,25
"Rockland County, NY",US,41.1489,-73.983,6,4,9,8,10,5,8,6,5,0,9,20,18,6,7,11,8,-1,-2,5,0,0,3,7,10,7,7,7,6,5,2,6,5,6,13,13,6,4,10,5,5,7,8,9,5,-1,0,7,11,6,7,3,2,11,13,17,12,9,6,5,2,6,16,15,13,12,8,8,16,23
"Saratoga County, NY",US,43.0324,-73.936,2,2,4,7,2,0,3,1,2,-4,2,15,14,3,5,6,5,-5,-7,2,-4,-3,0,0,3,2,3,4,2,2,0,2,3,3,5,6,3,0,0,-4,-2,4,2,3,3,-6,-4,3,2,2,0,-2,0,4,8,12,9,2,2,0,-4,1,11,14,7,7,8,6,12,21
"Charleston County, SC",US,32.7957,-79.7848,16,15,15,18,18,13,16,17,15,17,19,20,20,20,20,20,22,11,18,16,7,6,11,12,17,15,14,14,13,13,12,12,10,15,17,17,18,19,13,12,13,19,19,19,19,15,12,16,16,17,18,10,8,11,15,17,19,18,12,14,13,14,19,20,18,13,17,14,15,19
"Clark County, WA",US,45.7466,-122.5194,9,11,8,13,8,8,10,11,7,4,7,8,6,3,3,3,4,5,8,10,10,9,9,11,11,13,11,10,10,8,11,15,11,6,6,3,9,12,11,8,6,10,6,9,6,8,7,9,9,11,12,13,13,11,9,8,12,12,15,13,7,8,7,13,12,14,7,7,10,12
"Cobb County, GA",US,33.8999,-84.5641,12,13,8,15,12,11,15,13,14,17,18,21,18,17,17,21,16,12,9,8,2,4,9,8,12,7,10,10,14,11,14,5,9,17,23,19,19,19,4,6,12,11,20,21,16,10,12,9,12,15,11,6,8,13,14,8,18,12,8,10,12,18,11,20,13,10,13,14,17,19
"Davis County, UT",US,40.9629,-112.0953,0,3,4,5,5,2,4,6,4,3,0,2,1,2,4,2,6,3,3,2,2,5,4,6,4,5,5,4,5,3,2,4,7,8,-2,-2,-2,4,6,7,3,1,1,4,6,8,5,5,3,2,1,1,3,5,8,4,3,6,8,11,13,3,4,7,12,15,17,16,9,11
"El Paso County, CO",US,38.9108,-104.4723,6,10,5,7,12,4,5,11,12,5,0,5,4,7,11,3,0,9,1,6,10,9,10,5,10,11,10,8,5,3,6,10,17,20,-1,-8,-3,3,-3,5,-2,0,-2,0,-2,8,3,10,4,-2,-2,0,9,12,4,4,-4,5,7,13,13,12,9,11,15,10,17,18,18,14
"Honolulu County, HI",US,21.307,-157.8584,26,26,25,25,25,26,26,26,25,25,25,25,24,26,25,25,25,24,25,25,25,26,26,25,25,26,27,26,26,26,27,26,25,26,27,26,25,22,23,23,24,21,24,26,28,27,25,25,25,26,25,24,25,26,25,26,26,25,24,24,25,24,24,26,25,26,25,24,24,23
"Jackson County, OR ",US,42.3345,-122.7647,10,9,9,13,6,5,8,7,4,5,6,4,5,4,1,7,0,5,8,9,10,5,9,11,11,12,10,8,8,10,11,15,11,3,3,3,5,9,11,4,8,11,11,12,11,9,8,8,8,10,13,14,14,14,12,10,15,14,18,16,7,7,10,14,15,17,11,6,7,11
"Jefferson County, WA",US,47.7425,-123.304,2,0,0,2,-3,-3,2,0,-5,-3,0,-3,-4,-7,-9,-6,-5,-5,0,3,0,-1,0,2,-1,2,-1,0,0,1,2,4,0,-4,-4,-2,3,2,2,-2,2,3,2,2,0,-1,1,-3,-1,0,2,4,3,0,-2,0,2,0,5,2,-1,-2,3,2,0,0,-2,-3,-3,0
"Kershaw County, SC",US,34.3672,-80.5883,16,15,13,24,19,14,17,15,17,16,16,23,20,22,21,23,21,11,13,15,6,5,10,10,18,12,13,15,14,13,13,4,9,17,23,22,21,22,10,8,13,19,24,23,23,14,11,10,17,15,15,7,7,12,17,10,18,19,11,14,12,16,21,19,15,11,15,14,17,22
"Klamath County, OR",US,42.6953,-121.6142,5,4,5,8,2,0,4,4,0,1,2,0,1,1,-1,0,0,0,3,6,5,2,3,6,5,5,4,4,3,5,6,10,10,0,0,1,4,7,8,1,4,8,9,8,8,6,4,6,3,4,7,8,10,11,7,8,10,12,14,13,2,4,10,12,13,15,11,2,3,6
"Madera County, CA",US,37.2519,-119.6963,12,13,10,19,16,11,11,14,5,7,9,9,9,9,8,11,9,8,9,14,15,13,13,15,13,13,12,13,12,10,12,18,20,12,8,7,10,14,17,16,12,14,15,16,17,16,16,17,15,16,16,19,18,13,14,15,19,21,22,24,20,9,13,18,22,24,22,10,12,15
"Pierce County, WA",US,47.0676,-122.1295,10,9,6,13,6,5,8,11,3,2,5,5,4,2,0,4,4,4,9,12,11,9,8,11,10,12,10,10,10,8,10,13,10,6,3,3,8,9,9,6,7,7,6,8,5,7,6,6,8,8,10,12,11,8,7,6,10,9,14,11,6,8,7,10,10,13,6,6,7,10
"Tulsa County, OK",US,36.1593,-95.941,11,15,15,11,10,16,14,15,16,16,19,0,9,12,14,15,5,6,8,6,5,7,2,10,5,11,14,18,4,4,6,10,15,23,22,3,0,3,9,12,17,7,8,5,0,5,14,13,18,9,12,4,7,14,11,11,10,5,13,17,22,22,13,19,16,19,17,20,19,22
,Bulgaria,42.7339,25.4858,-1,-1,3,5,-2,-4,-4,-2,2,6,7,1,5,5,6,4,1,1,-1,-2,1,6,0,3,8,9,7,6,5,1,6,10,11,12,8,-1,-5,-1,-4,1,3,5,3,3,4,1,4,8,10,4,1,2,1,7,8,10,11,9,4,2,7,13,13,10,3,8,12,10,9,4
,Maldives,3.2028,73.2207,29,29,29,29,29,29,29,29,29,29,29,29,28,28,29,29,29,29,29,29,29,29,29,29,29,29,29,28,28,29,29,29,29,29,29,29,29,29,29,29,29,29,29,29,29,29,29,30,29,29,29,30,29,29,29,29,29,29,29,29,29,30,30,29,29,29,30,30,30,30
"Montgomery County, PA",US,40.229,-75.3879,7,4,9,9,12,5,9,6,4,0,11,19,17,8,6,11,8,0,0,4,0,1,4,8,11,8,8,7,6,6,3,7,6,5,15,16,5,5,13,5,8,7,9,8,7,0,0,9,11,14,9,3,2,10,14,17,8,11,4,5,1,7,17,14,13,12,6,8,15,22
,Bangladesh,23.685,90.3563,27,27,20,24,22,24,23,23,20,24,23,23,24,24,25,26,28,28,27,25,24,24,24,24,24,24,23,25,25,24,25,25,24,24,25,26,26,26,27,27,27,27,27,27,27,29,28,28,29,29,29,30,30,32,30,25,25,27,29,30,31,31,30,30,30,29,27,30,29,31
"Fairfax County, VA",US,38.9085,-77.2405,10,9,11,11,14,4,11,6,6,4,12,20,19,11,8,13,11,2,1,5,0,1,4,6,10,9,7,9,7,6,5,7,9,12,18,19,7,7,14,6,9,8,12,9,12,2,1,10,13,14,10,4,2,12,14,15,11,11,4,6,1,10,18,17,17,13,10,9,16,23
"Rockingham County, NH",US,42.9931,-71.0498,1,2,4,4,3,0,0,2,4,-3,7,16,18,-1,3,7,2,-8,-7,3,-3,-4,1,5,5,4,7,6,3,2,0,5,2,3,7,6,3,1,0,-3,-1,3,1,4,1,-6,-4,3,4,0,3,-1,-1,5,9,14,9,9,7,1,0,0,10,16,9,9,7,6,11,20
"Washington, D.C.",US,38.9072,-77.0369,12,10,11,11,14,5,12,7,7,4,11,21,19,11,9,14,12,3,1,6,1,2,4,6,10,10,9,9,8,7,6,8,10,12,19,18,8,7,15,7,9,8,13,10,13,3,2,11,12,14,11,5,3,12,14,15,12,11,6,8,2,10,18,17,17,13,10,11,16,23
,Paraguay,-23.4425,-58.4438,36,35,35,33,36,38,37,31,32,34,36,37,37,33,35,38,37,33,36,36,38,38,30,27,33,35,37,36,38,35,26,33,34,34,36,36,36,37,34,36,36,35,35,36,37,38,38,38,39,40,36,34,30,29,32,36,35,32,32,35,35,36,36,35,37,37,37,38,38,38
"Berkshire County, MA",US,42.3118,-73.1822,1,-1,4,5,3,-2,0,0,-1,-3,6,14,14,2,4,3,1,-9,-5,0,-7,-5,0,4,5,3,1,1,-1,-1,0,1,1,0,4,8,0,0,2,-4,0,3,3,2,1,-9,-3,1,0,1,-1,-5,-3,2,7,11,8,5,3,-1,-4,-1,11,12,5,5,5,1,9,17
"Davidson County, TN",US,36.1343,-86.822,9,10,11,14,6,12,11,11,14,16,19,21,10,12,15,20,9,6,13,2,-1,1,7,8,10,4,9,13,7,7,9,9,9,20,21,17,11,5,2,9,17,13,8,12,5,0,11,14,19,14,11,5,5,12,14,12,12,5,7,9,9,19,15,18,17,18,9,11,19,18
"Douglas County, OR",US,43.1261,-123.2492,11,8,9,13,6,4,8,7,4,4,7,4,4,3,1,7,2,5,9,12,11,6,9,12,11,11,10,8,8,10,13,16,9,3,3,4,5,9,10,4,6,7,9,9,8,6,6,8,7,6,12,13,13,11,6,8,14,12,14,12,6,6,8,13,13,14,9,6,8,11
"Fresno County, CA",US,36.9859,-119.2321,10,11,8,19,15,10,12,15,6,5,7,8,7,7,7,11,9,6,12,15,14,10,11,15,14,13,11,11,10,8,12,16,20,13,4,5,8,14,17,15,9,11,14,14,17,15,14,16,14,15,15,18,18,10,11,13,18,20,21,22,18,6,11,17,21,23,20,7,10,14
"Harford County, MD",US,39.5839,-76.3637,9,7,8,11,12,4,10,5,5,0,11,17,15,11,6,13,9,1,1,4,0,0,4,5,10,9,8,6,6,7,4,7,8,6,16,17,5,5,11,5,8,7,10,9,10,0,0,9,12,14,10,4,3,11,13,15,9,11,4,5,2,8,16,13,15,12,5,9,15,21
"Hendricks County, IN",US,39.8065,-86.5401,1,7,10,8,2,7,6,6,0,12,13,15,2,4,9,9,0,0,7,-9,-2,0,1,7,4,1,2,0,1,2,3,4,4,16,16,11,2,0,1,1,2,3,4,3,0,-8,4,7,8,5,3,-1,1,8,12,6,4,0,1,0,1,13,10,11,11,14,4,9,17,17
"Hudson County, NJ",US,40.7453,-74.0535,7,3,9,8,10,5,7,6,5,1,11,19,19,7,7,11,9,0,1,6,0,1,4,8,11,9,8,7,6,5,2,6,5,6,13,14,6,5,12,4,6,8,9,7,6,0,-1,7,10,8,9,2,2,10,13,15,10,8,5,4,1,7,14,13,13,11,7,9,15,22
"Johnson County, KS",US,38.8454,-94.8521,6,13,10,9,6,12,7,11,12,17,5,-6,0,8,8,9,-2,1,0,-5,-6,0,1,2,0,0,3,4,0,1,3,4,11,18,17,0,-2,2,3,6,11,6,7,1,-9,-3,5,11,15,6,6,0,5,12,16,6,6,3,9,12,17,17,12,16,15,15,13,19,20,15
"Kittitas County, WA",US,47.175,-120.9319,3,6,3,7,3,2,4,6,2,1,0,3,2,0,-2,-6,1,0,1,2,4,4,2,4,7,6,5,6,5,4,4,9,7,4,3,1,5,4,7,5,4,9,4,7,5,4,5,4,4,4,4,5,9,6,4,3,6,8,13,14,6,5,6,10,8,12,8,7,7,10
"Manatee County, FL",US,27.4799,-82.3452,21,23,28,29,26,19,21,22,20,26,27,29,29,29,28,28,27,26,27,25,18,14,15,24,25,22,21,22,22,24,20,24,19,18,23,25,27,28,17,22,26,29,29,29,29,27,26,27,28,30,28,28,15,22,25,26,28,27,17,18,19,24,26,28,30,29,24,21,24,26
"Marion County, OR",US,44.8446,-122.5927,10,7,7,12,4,3,6,8,3,2,5,2,3,0,0,6,1,3,7,11,10,6,7,11,8,11,7,7,6,7,10,13,8,3,2,3,6,8,7,4,5,7,7,7,5,5,4,6,6,8,11,11,11,10,5,5,10,9,13,10,4,5,6,10,9,12,5,4,6,9
"Okaloosa County, FL",US,30.5773,-86.6611,17,17,21,23,18,16,20,18,18,20,21,23,23,23,23,24,24,22,19,13,10,7,12,16,18,15,13,16,19,11,18,13,14,20,21,22,21,22,13,19,21,21,24,23,21,18,19,15,20,23,25,18,13,15,19,20,22,16,13,17,20,20,22,24,22,20,20,19,20,22
"Polk County, GA",US,34.0132,-85.1479,12,13,9,16,12,11,16,13,16,18,20,24,18,18,18,20,16,13,11,8,3,4,9,7,12,7,11,11,15,13,15,7,10,17,23,20,20,18,5,8,14,12,19,21,15,10,13,12,14,16,11,7,7,13,14,9,18,11,8,10,12,18,12,21,13,11,13,13,17,20
"Riverside County, CA",US,33.9533,-117.3961,20,19,22,23,21,22,23,25,18,15,19,17,16,16,17,20,16,16,21,25,18,14,18,25,25,25,15,24,24,21,25,27,30,25,15,14,17,19,22,23,14,21,21,20,23,23,22,23,25,25,23,28,28,16,18,25,27,27,29,30,23,15,20,27,25,29,26,19,19,24
"Shelby County, TN",US,35.1269,-89.9253,11,13,12,15,7,15,14,13,16,17,19,14,7,11,17,20,9,10,17,6,0,3,5,6,7,8,11,13,14,11,8,8,12,20,20,17,9,3,7,11,19,15,7,9,7,2,14,15,14,15,11,7,6,11,11,15,11,6,9,12,15,20,20,18,17,19,13,15,20,20
"St. Louis County, MO",US,38.6103,-90.4125,5,14,13,5,4,12,9,8,7,13,15,3,1,3,10,13,0,0,8,-5,-3,0,3,2,2,1,7,1,0,1,3,6,6,20,21,4,1,0,4,2,13,2,7,2,-4,-2,9,10,10,5,6,0,5,12,16,7,3,2,7,8,10,20,11,16,14,16,11,15,21,15
"Suffolk County, NY",US,40.9849,-72.6151,5,4,8,6,8,5,6,5,4,0,8,12,14,6,6,7,7,-2,2,6,-1,0,2,5,7,9,6,6,5,3,1,5,4,5,8,8,5,5,11,4,6,7,6,6,4,1,-1,5,6,6,6,1,0,6,8,9,7,7,7,4,1,4,9,9,9,8,6,6,9,13
"Ulster County, NY",US,41.8586,-74.3118,5,2,7,6,7,2,4,3,2,-1,7,16,16,5,4,8,4,-3,-5,2,-2,0,2,5,7,3,4,4,2,3,1,3,3,3,9,12,4,2,3,1,2,7,6,6,4,-5,-2,5,6,2,2,0,1,7,10,14,10,5,3,1,-1,4,13,13,10,10,6,6,14,20
"Volusia County, FL",US,29.028,-81.0755,19,20,26,28,25,16,19,21,18,23,25,27,28,27,26,28,27,23,24,24,16,12,14,20,24,21,19,21,18,20,19,24,17,18,23,24,27,29,19,20,23,26,29,28,30,20,22,26,25,28,26,26,12,18,22,25,27,26,16,17,19,21,24,28,30,31,23,16,21,23
Ontario,Canada,51.2538,-85.3232,-9,-12,-6,-9,-8,-11,-11,-9,-22,-13,-9,-19,-19,-16,-7,-17,-17,-16,-9,-13,-9,-4,-1,-9,-7,-3,-5,-5,-8,-8,-8,-3,0,-1,-3,-14,-5,-21,-22,-11,-8,-5,-4,-23,-21,-13,-4,-14,-8,-12,-17,-8,0,4,-3,-4,-9,-12,-14,-12,-6,0,-1,0,-6,-8,-4,2,-17,-10
Alberta,Canada,53.9333,-116.5765,1,-1,-6,-4,-1,0,-6,-8,-14,-16,-14,-20,-27,-29,-30,-29,-26,-25,-19,0,5,0,0,2,3,2,-1,1,-1,2,1,0,2,-6,-9,-2,0,-1,-2,-3,-1,0,0,-6,0,-8,0,-6,-15,-3,2,2,3,-1,-1,-2,0,2,4,2,-1,0,0,0,-1,1,-9,-11,-2,0
Quebec,Canada,52.9399,-73.5491,-5,-7,-8,-4,-13,-15,-16,-14,-13,-24,-10,-16,-23,-18,-17,-14,-24,-26,-22,-22,-18,-13,-4,-9,-13,-5,-2,-12,-14,-17,-13,-10,-8,-5,-4,-10,-19,-18,-23,-21,-12,-14,-5,-6,-26,-26,-10,-10,-19,-10,-21,-20,-6,-3,-10,-1,-9,-13,-9,-8,-7,-9,-4,-6,-7,-11,-13,-7,-21,-17
"Johnson County, IA",US,41.6699,-91.5984,0,8,9,1,-1,7,3,2,-3,15,0,-4,-2,0,1,0,-11,-3,1,-13,-8,-6,0,1,1,1,-1,0,-4,-3,-1,1,3,10,5,0,-1,1,0,-4,3,0,0,2,-14,-10,4,6,3,0,-5,-6,4,11,13,5,4,0,0,0,7,16,2,10,10,9,8,16,21,10
,Albania,41.1533,20.1683,9,8,11,10,8,5,7,9,11,11,10,7,13,12,12,14,12,11,10,10,11,11,12,12,12,11,9,10,9,10,11,15,14,14,15,5,5,7,9,9,10,14,14,15,9,14,15,14,14,14,11,12,11,14,17,18,16,6,7,9,13,17,16,9,11,12,10,11,10,12
,Cyprus,35.1264,33.4299,16,13,13,15,16,16,13,13,14,14,16,16,17,16,16,15,11,14,12,12,14,14,17,11,14,16,16,16,17,17,14,18,17,17,18,18,19,15,11,8,11,10,12,14,13,15,15,16,17,16,18,16,15,16,17,19,20,18,20,17,18,19,19,22,22,18,21,22,23,19
"Harrison County, KY",US,38.4333,-84.3542,3,9,10,11,7,7,8,9,6,14,18,21,7,9,13,16,6,3,10,-3,-1,0,4,10,9,3,6,6,3,4,6,4,6,16,18,13,3,3,1,5,7,10,6,4,4,-2,7,10,13,11,8,3,4,10,13,7,11,6,3,5,3,16,12,14,17,16,5,10,17,19
,Brunei,4.5353,114.7277,32,32,29,30,32,33,33,32,31,31,28,28,29,27,31,31,31,32,32,33,33,33,33,33,32,32,31,32,30,29,32,31,32,32,30,30,32,32,33,33,32,33,34,34,34,34,31,30,33,33,33,34,34,35,32,35,30,31,31,33,33,32,30,28,25,30,32,33,30,30
"Bennington County, VT",US,43.0279,-73.135,2,0,5,6,3,0,2,0,0,-7,3,14,14,3,5,5,1,-9,-7,0,-7,-6,0,3,5,3,2,3,0,-1,0,2,2,1,3,7,0,0,1,-5,0,4,3,2,1,-9,-4,2,0,2,0,-3,-3,1,7,11,8,6,3,-1,-4,-1,9,13,5,6,6,2,9,18
"Carver County, MN",US,44.8254,-93.7842,-6,0,1,0,-3,1,1,-3,-12,1,-8,-11,-6,-2,0,-6,-17,-5,-5,-12,-9,-8,1,0,0,0,-2,-2,-5,-5,-3,0,1,4,-1,-6,-2,-1,-2,-8,-3,-1,-3,0,-18,-9,1,-5,1,-7,-11,-11,1,3,4,3,2,-3,-4,-3,2,5,0,4,3,2,2,8,12,2
"Charlotte County, FL",US,26.8946,-81.9098,24,24,29,29,27,20,23,23,22,26,26,30,30,29,28,29,28,26,27,27,21,16,16,25,26,24,22,23,24,24,20,25,20,18,23,26,28,28,19,23,26,29,29,30,29,29,28,27,28,30,29,29,21,24,26,27,29,29,19,20,21,24,26,28,31,30,26,22,24,25
"Cherokee County, GA",US,34.2515,-84.4803,12,13,8,16,12,10,16,13,15,16,19,22,18,17,18,20,17,11,7,8,3,5,9,8,10,8,12,10,15,12,14,6,9,17,23,19,19,18,4,5,9,10,20,19,16,10,12,11,16,14,13,5,9,13,13,8,18,12,8,9,12,18,11,21,15,10,12,16,17,20
"Collin County, TX",US,33.1795,-96.493,13,13,17,15,14,20,18,17,18,19,20,5,10,16,19,24,12,15,13,12,13,10,6,13,13,18,17,15,15,8,7,13,17,25,21,17,4,6,15,18,19,9,7,9,7,10,16,22,24,13,11,11,10,14,13,17,15,8,15,18,23,23,24,21,14,21,18,18,20,22
"Jefferson County, KY",US,38.1938,-85.6435,5,10,10,12,5,10,9,10,8,15,18,20,7,9,14,18,7,3,12,-3,-2,1,4,10,9,3,8,8,4,5,7,5,7,17,20,14,4,3,2,4,11,10,7,4,4,-2,8,12,14,11,9,4,4,10,14,8,11,6,4,6,5,18,15,16,18,16,5,11,19,19
"Jefferson Parish, LA",US,29.6499,-90.1121,17,18,23,16,17,18,20,17,17,22,23,22,17,22,24,24,24,21,24,14,11,10,14,17,18,17,14,15,18,16,15,16,15,21,21,22,21,14,15,21,22,24,24,24,15,15,19,17,18,23,21,20,12,15,19,22,20,16,12,19,21,21,24,24,24,19,20,17,21,23
"Shasta County, CA",US,40.7909,-121.8474,10,5,8,9,3,1,8,5,0,3,4,0,0,0,-1,0,-1,0,4,8,6,2,3,5,5,6,5,4,3,8,10,13,11,1,0,3,8,11,12,6,5,11,12,10,9,9,8,8,7,8,9,9,12,14,8,11,14,14,16,12,6,3,10,15,16,13,9,1,2,7
"Spartanburg County, SC",US,34.8606,-81.9535,14,14,9,13,16,12,16,14,15,15,14,20,21,17,18,21,17,10,4,12,5,4,8,9,7,11,13,13,14,10,11,3,12,17,23,20,19,19,8,3,8,12,22,15,19,13,10,8,17,13,12,7,8,13,16,8,18,16,11,11,11,16,17,16,15,11,12,14,16,20
,Iran (Islamic Republic of),32,53,14,12,14,12,12,10,10,12,14,13,3,7,9,5,7,9,11,16,15,11,11,12,13,10,9,8,10,10,12,11,14,15,11,9,14,14,16,18,21,18,15,11,7,14,17,14,18,22,18,21,21,19,20,20,22,26,21,17,22,22,22,22,16,14,18,21,23,18,14,17
,Republic of Korea,36,128,5,7,7,7,9,6,10,3,4,8,7,4,3,5,4,5,5,7,5,4,6,7,9,11,10,9,4,7,7,8,7,7,9,5,7,0,2,5,5,6,11,14,9,14,15,16,3,-1,3,9,12,13,9,10,16,5,11,7,6,12,13,9,13,8,8,13,11,15,15,7
Washington,US,47.4009,-121.4905,7,8,4,7,4,4,6,8,3,3,1,4,4,2,0,-2,3,3,3,4,6,6,4,5,6,6,7,6,6,5,5,10,8,4,3,2,4,5,8,5,4,6,5,6,6,5,5,5,4,4,5,7,8,5,4,4,7,6,13,9,5,4,5,7,7,12,5,6,5,8
New York,US,42.1657,-74.9481,1,-1,5,5,5,-2,0,0,-2,-4,4,12,13,4,3,4,2,-9,-6,-1,-7,-5,0,3,6,4,1,0,-2,-2,0,0,1,0,4,7,0,2,2,-3,0,3,2,2,1,-10,-3,1,0,3,-2,-5,-3,2,6,11,8,5,0,-3,-6,0,11,10,5,6,4,1,11,18
California,US,36.1162,-119.6816,13,14,13,17,18,13,13,11,10,11,12,13,12,13,13,14,17,11,10,10,15,17,17,16,16,18,18,17,17,14,17,20,21,17,13,12,14,18,21,21,17,19,20,21,22,21,22,23,21,21,21,24,22,20,20,20,23,27,27,28,25,17,19,23,27,28,27,17,19,21
Hong Kong,Hong Kong SAR,22.3,114.2,19,20,20,21,21,22,25,24,20,22,23,19,20,21,20,22,19,19,19,19,20,22,24,23,21,17,15,17,18,18,17,18,19,20,19,19,19,21,20,18,18,20,23,21,22,22,15,17,17,20,20,21,23,22,21,24,25,21,22,24,25,21,22,22,19,20,23,24,24,25
Massachusetts,US,42.2302,-71.5301,3,3,7,8,5,2,2,4,4,0,7,18,19,4,4,8,6,-4,-4,5,-2,-2,2,7,7,6,7,6,4,4,2,6,4,4,7,7,4,2,5,1,1,6,3,6,3,-1,-1,6,7,3,5,0,0,7,12,16,13,9,9,2,1,0,13,16,10,10,8,6,12,22
Taiwan,Taipei and environs,23.7,121,19,19,20,20,21,22,19,22,20,20,19,18,17,18,19,19,18,18,18,19,20,22,22,22,20,17,17,11,14,13,14,15,16,17,14,18,19,19,19,18,18,17,21,23,23,24,20,15,15,17,18,19,21,21,22,22,22,22,21,21,22,21,21,19,15,19,22,23,23,19
Diamond Princess,US,35.4437,139.638,10,12,12,12,11,12,10,12,14,12,12,11,13,12,11,10,11,6,9,12,12,9,9,14,10,8,9,10,17,16,11,13,13,15,12,15,7,7,12,8,10,11,16,17,15,16,12,16,12,12,13,14,17,15,15,15,10,11,10,13,16,9,15,12,12,14,12,10,18,16
,Viet Nam,16,108,19,18,21,20,20,23,23,22,21,22,22,21,21,22,22,24,23,23,18,20,22,24,25,25,25,19,20,17,15,17,17,18,21,22,23,22,24,24,22,19,18,22,25,28,29,31,26,17,14,19,18,19,18,20,23,24,25,24,25,26,28,26,25,23,21,25,29,32,34,32
,occupied Palestinian territory,31.9522,35.2332,12,10,10,7,8,12,11,7,7,7,10,11,11,12,15,17,12,10,9,9,6,8,8,6,8,11,13,13,11,12,11,10,11,13,12,15,17,8,7,5,5,8,13,16,15,17,13,14,15,11,11,14,10,13,12,11,13,17,19,12,11,13,18,22,23,12,14,20,23,18
Grand Princess,US,37.6489,-122.6655,14,13,14,13,12,13,12,12,12,12,11,12,11,12,11,11,11,11,11,11,12,12,13,12,13,13,13,12,13,13,13,14,13,11,11,11,12,13,12,12,15,14,15,13,10,11,12,12,14,13,12,13,14,11,12,13,14,14,15,13,11,13,15,14,14,12,11,11,12,14
Georgia,US,33.0406,-83.6431,16,15,11,24,16,14,18,16,16,19,21,23,20,21,21,23,22,15,17,12,8,6,10,11,15,12,14,13,17,13,16,6,11,18,24,22,22,21,8,8,14,19,24,23,21,15,15,9,13,16,16,7,9,14,16,12,21,15,11,14,15,19,18,19,14,11,15,16,18,22
Colorado,US,39.0598,-105.3111,0,4,0,1,7,3,-1,6,6,0,-4,2,-2,0,5,4,3,2,3,3,5,5,3,2,5,5,6,3,1,0,0,3,8,10,-3,-13,-7,-1,0,6,-4,-1,-1,-4,-2,6,4,6,3,-2,-2,0,6,7,0,-2,-9,1,3,7,7,5,3,7,8,8,11,10,10,9
Florida,US,27.7663,-81.6868,21,22,28,29,27,18,21,22,20,25,27,29,29,29,28,28,27,25,26,27,19,14,14,23,25,22,20,22,22,23,21,24,19,18,23,26,27,29,18,21,25,28,29,30,30,26,25,28,28,30,29,29,14,22,24,26,30,28,17,18,20,23,26,29,31,31,25,20,23,24
New Jersey,US,40.2989,-74.521,7,4,10,9,11,6,8,7,5,2,13,20,18,8,7,12,10,0,0,6,0,2,4,8,10,11,8,7,6,6,3,7,6,6,14,15,6,7,12,5,9,7,9,9,7,1,1,8,12,11,10,4,2,10,14,18,9,10,5,5,2,7,18,15,14,13,8,9,16,22
Oregon,US,44.572,-122.0709,7,4,3,11,0,0,4,4,0,0,2,0,0,0,-3,2,0,0,3,7,7,2,3,7,4,6,3,4,2,4,6,10,5,-1,-1,0,3,4,4,0,5,8,5,8,6,1,2,1,2,4,6,8,11,9,2,3,11,8,14,10,1,4,3,7,8,11,5,2,4,6
Texas,US,31.0545,-97.5635,15,14,16,16,21,24,22,18,19,23,22,10,16,16,22,25,14,14,18,12,15,16,10,14,17,19,22,18,19,12,9,14,20,26,22,21,6,10,19,19,20,12,7,13,9,13,17,25,25,19,8,11,11,16,16,22,17,10,17,20,23,23,24,24,16,22,19,18,22,21
Illinois,US,40.3495,-88.9861,1,8,10,4,1,8,6,5,0,10,13,3,0,2,7,7,-2,-1,2,-9,-4,-1,1,1,2,0,2,0,0,1,2,3,2,14,16,2,0,0,1,0,2,0,3,2,-4,-9,1,3,3,3,1,-2,2,8,13,6,2,0,3,0,3,13,9,12,11,13,7,11,18,14
Pennsylvania,US,40.5908,-77.2098,7,4,9,8,11,3,6,3,1,0,9,16,13,9,5,11,6,0,0,0,0,0,2,3,7,5,4,5,5,5,3,6,4,4,16,15,3,3,4,3,7,8,9,7,6,-1,0,7,10,9,7,2,3,11,13,14,9,10,0,3,0,8,17,10,13,11,7,9,16,22
Macau,Macao SAR,22.1667,113.55,19,20,21,21,21,22,24,24,20,21,23,18,19,21,21,22,18,19,16,19,20,21,23,23,21,15,14,15,16,17,17,18,19,20,17,18,18,20,18,17,17,19,21,19,21,21,14,15,17,18,20,21,23,21,21,23,24,21,23,24,24,21,21,21,19,19,22,22,24,23
,Russian Federation,60,90,-12,-5,-1,-8,-3,-5,-6,-8,-12,-13,-15,-14,-12,-9,-8,-7,-7,-5,-12,-18,-16,-22,-13,-2,0,-5,-7,-1,-5,-18,-21,-24,-23,-17,-14,-9,-3,-1,-4,0,-14,-13,-10,-10,-6,-6,-8,-7,-4,-5,0,0,-1,-3,-6,-6,-8,-7,-5,-4,-6,-4,-2,-2,-1,-10,-15,-2,0,-3
Iowa,US,42.0115,-93.2105,0,6,6,1,0,5,4,2,-2,12,0,-6,-2,0,0,-2,-12,-3,-4,-14,-10,-7,0,0,0,0,-1,0,-5,-4,-2,0,2,6,1,-2,-3,-1,-2,-5,2,0,0,2,-16,-9,3,2,3,0,-8,-7,3,6,9,4,2,0,0,0,8,13,5,11,12,8,8,17,20,8
Maryland,US,39.0639,-76.8021,11,9,11,11,14,5,11,6,6,3,12,21,19,11,7,15,11,3,0,6,1,2,4,5,9,10,8,9,7,7,4,7,9,11,18,19,7,6,14,7,9,8,12,9,13,3,2,11,12,15,11,4,3,12,15,16,11,10,6,7,2,10,19,17,17,13,9,10,16,23
North Carolina,US,35.6301,-79.8064,14,12,11,14,16,11,15,10,13,13,16,21,21,18,19,20,17,8,8,11,3,3,7,8,16,12,11,9,11,10,10,5,8,16,22,19,17,18,10,6,13,15,21,14,19,11,7,12,16,16,10,6,4,12,16,11,17,18,9,11,8,14,19,15,17,13,12,12,17,19
South Carolina,US,33.8569,-80.945,16,15,14,24,19,14,17,18,17,18,19,24,20,22,23,24,23,11,15,15,7,6,10,11,18,13,14,15,15,13,15,5,10,18,24,23,23,24,10,10,13,21,24,25,24,16,13,9,17,16,15,7,7,13,17,11,19,18,13,14,13,17,21,22,15,11,16,14,18,23
Tennessee,US,35.7478,-86.6923,9,10,10,14,6,11,12,11,12,16,18,19,11,14,15,19,9,7,12,3,-2,1,7,7,9,5,9,13,8,9,10,11,9,18,20,16,15,5,2,9,15,13,8,17,6,0,10,13,17,15,10,4,5,11,12,11,13,6,7,7,8,18,14,18,17,17,10,12,18,18
Virginia,US,37.7693,-78.17,13,12,14,13,16,10,14,2,11,5,15,21,21,14,11,13,14,6,3,9,3,3,6,7,11,14,11,12,10,9,7,8,10,16,22,20,14,11,14,8,12,10,15,10,17,7,4,12,14,14,13,6,5,14,17,14,14,14,8,10,6,13,20,18,19,15,13,12,18,23
Arizona,US,33.7298,-111.4312,11,11,12,14,17,17,16,16,13,11,12,12,13,15,16,17,14,14,17,20,19,9,13,17,18,18,17,17,16,12,16,18,21,20,11,7,7,11,15,18,17,17,10,11,14,17,17,18,18,19,19,20,17,12,9,14,12,14,19,20,19,17,15,19,18,23,22,22,17,20
Indiana,US,39.8494,-86.2583,1,8,11,9,2,8,6,7,0,12,13,16,2,4,8,8,0,0,7,-9,-2,0,1,7,5,1,2,0,1,2,2,3,5,16,17,13,2,0,0,1,2,2,4,3,0,-7,5,7,8,6,3,0,1,8,12,6,4,0,1,0,1,14,11,12,11,14,3,9,17,17
Kentucky,US,37.6681,-84.6701,5,10,10,13,6,9,9,9,8,14,18,21,9,10,14,18,8,4,11,-1,-2,0,5,9,10,4,8,9,4,5,8,6,7,16,19,14,5,5,1,5,10,11,6,7,5,-1,8,10,14,12,8,5,4,10,13,8,11,6,3,6,4,17,13,15,17,17,4,10,17,19
District of Columbia,US,38.8974,-77.0268,12,10,11,11,14,6,12,8,7,5,11,21,20,11,9,14,13,3,1,7,2,2,5,6,10,10,8,9,8,7,6,8,10,12,19,18,8,7,15,7,9,8,13,9,13,4,2,11,12,14,11,4,3,11,14,15,12,11,6,8,2,10,18,17,17,12,10,11,16,23
Nevada,US,38.3135,-117.0554,3,7,4,8,9,5,7,7,3,2,5,4,5,7,6,7,7,4,9,9,10,9,10,12,12,13,10,10,11,8,11,14,16,13,-2,1,7,11,13,15,4,10,10,12,12,12,15,13,10,9,10,12,13,8,14,12,13,15,17,16,16,4,10,15,17,19,17,12,12,13
New Hampshire,US,43.4525,-71.5639,1,2,3,4,3,0,-3,2,3,-5,1,15,14,-2,3,4,1,-10,-8,3,-5,-4,1,5,6,3,6,5,1,0,0,4,3,2,5,5,2,-1,0,-4,-2,3,0,4,1,-9,-4,3,2,-4,1,-2,-1,5,9,12,9,7,5,0,0,-1,8,14,8,8,6,4,10,19
,Republic of Moldova,47.4116,28.3699,2,1,3,3,3,1,0,0,0,3,7,4,4,5,2,5,2,3,1,0,4,8,4,5,5,5,8,7,6,7,8,9,14,9,9,6,2,0,0,3,6,10,7,7,9,6,8,11,13,11,11,9,8,14,9,13,18,7,9,9,13,13,19,18,13,14,18,12,13,13
Minnesota,US,45.6945,-93.9002,-6,-1,0,-2,-4,0,0,-7,-13,-1,-11,-11,-8,-3,-2,-8,-18,-7,-6,-11,-9,-9,2,0,0,0,-2,-3,-6,-6,-5,0,0,3,-2,-7,-2,-1,-6,-8,-4,-2,-2,-2,-18,-9,0,-7,0,-8,-12,-10,1,2,3,2,1,-4,-6,-4,2,4,0,2,2,2,1,7,10,1
Nebraska,US,41.1254,-98.2681,0,2,4,2,6,6,5,7,4,7,-3,-4,-3,1,2,-4,-5,0,-2,-8,-9,0,2,1,0,1,6,1,0,3,3,3,9,13,1,0,0,4,0,6,2,6,6,5,-6,2,9,12,9,6,-3,2,9,15,13,9,3,3,5,13,17,14,11,16,17,12,15,21,23,4
Ohio,US,40.3888,-82.7649,1,4,8,9,4,2,5,6,-1,8,11,19,4,7,9,9,1,0,5,-8,-4,-3,1,6,7,2,1,1,2,2,1,2,3,13,15,11,2,1,0,0,1,6,4,3,2,-6,1,6,7,8,2,-2,1,8,10,7,5,2,-1,-2,0,8,8,10,10,11,3,6,15,17
Rhode Island,US,41.6809,-71.5118,5,4,8,8,6,3,3,5,5,0,8,16,19,6,6,10,8,-3,-3,5,-1,-1,2,7,9,8,8,7,5,5,2,6,5,6,8,9,5,3,12,3,3,7,7,7,5,0,-1,5,9,4,7,2,0,8,11,13,12,11,9,3,2,2,12,14,11,11,9,7,13,20
Wisconsin,US,44.2685,-89.6165,-4,1,3,0,-3,1,1,0,-10,4,0,-5,-5,-1,0,-1,-12,-4,-1,-6,-4,-4,0,0,1,1,0,0,-3,-2,-2,0,1,5,2,-3,-3,0,0,-3,-4,-2,-3,1,-13,-11,0,-3,1,-2,-9,-9,1,3,6,3,1,-2,-5,-4,1,8,3,4,2,3,1,9,13,8
,Saint Martin,18.0708,-63.0501,26,26,25,25,25,25,25,25,26,26,25,25,25,25,25,25,25,25,24,24,24,24,25,25,25,24,24,25,25,25,25,26,25,26,25,25,25,25,26,25,25,25,25,25,25,25,25,25,24,25,25,25,25,24,26,25,25,24,25,25,25,25,25,25,25,25,25,25,25,25
Connecticut,US,41.5978,-72.7554,4,4,8,7,6,3,6,5,4,0,7,17,19,5,7,10,8,-3,-3,5,-1,0,3,6,8,8,7,7,4,5,2,6,4,6,10,9,6,1,8,3,4,6,5,7,4,-2,-2,6,9,3,6,2,1,9,12,15,12,9,8,4,1,4,13,15,12,11,9,7,14,21
Hawaii,US,21.0943,-157.4983,26,25,25,25,25,26,26,25,25,25,25,26,25,26,26,25,25,24,24,24,25,25,25,25,25,26,26,26,25,25,26,26,25,26,26,25,25,23,22,23,24,22,23,25,27,26,26,25,25,25,25,24,25,25,25,25,25,25,24,24,24,24,25,25,25,25,25,24,24,23
Oklahoma,US,35.5653,-96.9289,12,15,15,12,11,15,15,16,16,17,20,2,11,12,17,15,5,8,9,10,9,8,3,12,10,15,15,19,4,4,5,10,16,24,22,3,0,3,9,15,20,7,7,5,1,8,16,14,18,10,13,6,10,15,13,10,11,6,15,18,22,25,15,18,16,19,18,21,18,23
Utah,US,40.15,-111.8624,0,1,3,4,7,3,3,5,3,3,0,3,1,4,7,3,8,3,2,3,4,4,4,6,4,4,8,6,6,4,3,4,9,14,-3,-2,-2,3,7,10,4,2,3,6,7,12,7,5,4,3,3,4,9,10,11,4,4,7,11,13,14,3,5,9,13,17,19,17,10,13
,Burkina Faso,12.2383,-1.5616,32,29,27,29,30,32,33,34,36,36,36,36,33,33,34,35,34,33,32,34,36,36,36,34,36,35,34,35,36,37,37,36,35,35,34,34,34,34,35,35,36,35,34,34,35,36,37,38,38,38,38,38,39,39,38,36,36,38,38,39,40,40,40,40,40,40,40,40,40,38
,Channel Islands,49.3723,-2.3644,10,11,11,10,9,11,12,12,12,9,11,11,11,13,10,12,10,9,8,8,8,8,8,7,9,10,9,9,10,12,11,11,12,11,9,9,8,11,10,13,10,8,9,10,11,12,13,9,10,10,10,10,11,11,11,9,8,10,11,8,9,8,9,10,10,9,11,10,10,11
,Holy See,41.9029,12.4534,13,14,13,14,16,12,11,13,14,14,14,14,14,14,14,13,14,13,13,13,14,16,15,15,16,15,15,14,16,16,15,15,17,19,18,13,14,15,16,15,15,18,18,16,18,18,18,17,16,15,17,17,17,17,18,17,16,15,18,16,17,17,13,16,14,14,15,17,15,17
,Mongolia,46.8625,103.8467,-6,-4,-2,-2,-7,-6,-8,-10,-11,-9,-14,-12,-8,-6,-6,-7,-7,-6,-8,-3,-6,-6,-5,-2,-1,0,-2,-6,-2,-7,-12,-14,-7,-8,-3,-2,-6,0,1,6,8,8,-7,-14,-10,-5,1,-3,-4,-1,-8,-4,4,5,-5,-4,0,-4,1,-5,-2,-10,-6,0,-3,4,-1,-10,-5,2
,Panama,8.538,-80.7821,22,23,25,24,25,24,23,24,24,25,24,25,24,24,23,23,24,25,25,24,25,24,24,23,23,23,23,25,24,24,26,24,26,23,24,24,24,25,26,24,23,25,24,24,24,24,24,23,23,24,23,23,23,23,24,26,27,28,25,25,25,24,24,25,27,26,25,24,25,25
Kansas,US,38.5266,-96.7265,7,12,11,9,8,11,10,13,13,16,3,-3,1,6,8,5,-2,3,3,-1,-1,3,3,3,1,4,10,6,1,3,3,7,14,21,10,0,0,5,5,9,9,8,7,1,-6,-1,8,11,15,7,7,0,6,13,12,8,4,3,10,14,19,19,13,16,17,15,15,20,20,13
Louisiana,US,31.1695,-91.8678,15,16,20,17,16,19,21,17,18,23,24,19,14,17,23,24,19,19,22,12,10,9,9,15,15,17,12,14,15,13,12,12,16,23,22,22,23,7,17,19,23,24,17,23,10,12,19,17,19,25,10,8,10,14,19,18,20,12,12,19,23,23,24,24,19,20,20,19,22,23
Missouri,US,38.4561,-92.2884,7,14,13,5,6,13,10,9,12,15,17,0,1,6,11,13,0,1,7,-4,-5,1,2,2,2,2,7,5,1,0,2,6,7,19,22,4,0,0,5,3,12,3,7,2,-7,0,8,11,11,6,7,1,6,12,16,7,4,3,8,9,14,19,11,16,15,15,12,18,21,15
Vermont,US,44.0459,-72.7107,0,-1,2,4,1,-5,-3,-2,-1,-7,2,11,7,-2,0,1,-1,-13,-11,-3,-8,-7,0,2,2,0,0,0,-2,-5,-1,0,0,-1,1,1,-4,-2,0,-10,-4,1,0,0,0,-14,-5,0,-4,-1,-3,-9,-4,1,5,8,5,2,1,-4,-8,-5,3,9,2,3,3,-1,5,14
Alaska,US,61.3707,-152.4044,-6,-21,-23,-25,-25,-26,-25,-27,-23,-21,-22,-19,-14,-18,-20,-18,-16,-21,-20,-15,-13,-17,-21,-24,-21,-25,-26,-18,-23,-12,-18,-20,-22,-19,-13,-12,-11,-13,-10,-8,-13,-18,-12,-11,-14,-12,-12,-13,-11,-11,-13,-9,-10,-17,-21,-17,-16,-9,-11,-15,-16,-11,-17,-23,-22,-15,-13,-12,-10,-13
Arkansas,US,34.9697,-92.3731,12,12,12,15,11,18,13,14,17,15,19,11,4,8,14,20,8,6,15,9,5,3,3,5,7,12,12,14,9,6,5,10,14,23,19,17,4,4,9,14,19,14,8,6,7,4,13,15,16,14,11,8,7,11,9,19,12,7,12,14,18,18,23,20,17,21,17,17,20,16
Delaware,US,39.3185,-75.5071,9,7,10,11,13,5,10,8,6,2,14,20,18,9,8,12,11,1,1,6,1,1,4,5,10,12,9,8,6,7,5,8,7,6,17,18,6,7,15,6,9,9,11,8,14,2,1,10,11,17,10,4,2,10,13,15,9,10,6,7,2,7,17,16,15,12,6,8,14,21
Idaho,US,44.2405,-114.4788,0,2,0,4,2,-1,0,3,0,-2,-6,-2,-1,-3,-2,-5,1,-1,-2,3,3,2,0,3,3,2,2,1,0,1,1,5,9,1,-3,-6,0,4,5,0,0,0,3,2,2,0,1,1,-1,-3,-2,-1,1,5,5,0,0,6,8,7,3,1,4,8,6,11,12,6,4,4
Maine,US,44.6939,-69.3819,0,3,1,4,4,0,-4,0,-1,-4,1,13,0,-3,-3,4,0,-9,-8,-1,-4,-6,0,3,2,2,4,6,0,0,0,3,3,2,5,2,0,-2,-2,-5,-4,2,1,3,1,-10,-6,2,1,-1,2,-6,-3,4,7,10,9,7,4,0,0,0,2,12,6,7,4,3,8,14
Michigan,US,43.3266,-84.5361,0,1,6,2,1,1,4,4,-5,4,7,1,-3,1,2,3,0,-2,2,-4,-3,0,0,2,1,2,2,2,1,0,1,1,1,6,5,1,-1,-2,0,-3,0,0,0,0,-2,-6,-1,2,0,2,-2,-4,1,5,8,6,2,-1,-4,-3,1,8,9,6,5,10,2,8,16,15
Mississippi,US,32.7416,-89.6787,14,15,19,16,12,16,19,15,17,19,19,21,14,16,18,22,17,17,19,9,6,6,8,11,11,12,12,14,17,11,12,12,12,21,22,21,21,8,10,16,21,20,13,23,9,10,17,14,18,22,10,6,8,14,15,17,17,9,10,14,19,20,21,22,14,18,16,16,20,21
Montana,US,46.9219,-110.4544,1,1,-1,3,3,-2,-2,2,0,-8,-5,-2,-5,-8,-11,-6,3,-5,-2,2,7,4,0,3,5,2,4,0,3,2,0,6,9,-3,-4,-5,-1,-2,-2,0,-3,-5,0,-7,2,-2,-1,0,-3,-7,-4,1,3,3,3,-3,-2,2,3,7,1,-1,1,3,1,6,11,10,0,1
New Mexico,US,34.8405,-106.2485,4,4,0,3,8,11,6,9,10,7,2,5,6,9,13,14,0,8,8,10,10,5,6,8,10,10,10,7,7,9,6,7,11,14,13,0,-3,5,11,15,12,8,-2,3,6,7,10,14,14,10,12,4,10,10,7,10,2,5,12,15,15,13,12,12,14,16,16,18,11,15
North Dakota,US,47.5289,-99.784,-5,2,0,-3,0,-1,0,-13,-12,-8,-18,-13,-11,-6,-21,-22,-20,-2,-19,-19,-12,0,-2,-4,-6,0,0,-6,0,-2,-2,-1,5,1,-7,-7,-4,-8,-13,-2,-3,-4,0,-20,-17,-1,-5,-5,-3,-15,-16,-3,0,2,1,0,-4,-5,0,1,4,1,3,1,4,2,3,3,0,-2
South Dakota,US,44.2998,-99.4388,-3,2,1,0,1,2,2,-2,-4,0,-10,-11,-4,0,-10,-18,-12,-2,-12,-16,-13,1,2,-2,-5,-2,2,-2,0,0,1,0,6,4,-3,-4,-1,1,-10,0,-2,1,1,-1,-15,3,1,1,-1,-7,-11,-1,3,4,3,1,-2,-2,2,3,7,4,7,6,12,4,13,20,15,1
West Virginia,US,38.4912,-80.9545,6,6,14,13,11,4,7,3,5,13,18,23,13,13,14,17,7,3,10,0,-1,0,7,12,12,5,3,6,3,4,4,11,5,14,20,13,6,14,0,5,9,9,9,7,10,0,8,13,14,12,7,3,3,9,14,12,15,13,0,3,1,12,12,15,17,17,5,6,18,20
Wyoming,US,42.756,-107.3025,-8,-1,-4,-1,-2,-4,-5,0,-2,-5,-11,-7,-7,-6,-2,-7,-1,-1,-5,-2,-1,0,-1,-2,0,0,0,-2,-1,-2,-3,0,3,2,-12,-13,-9,-4,-4,0,-8,-8,-7,-6,-5,-1,-4,-2,-7,-9,-11,-7,-4,-2,0,-6,-10,-2,-2,0,1,-5,-1,1,1,2,3,4,2,1
"Kitsap, WA",US,47.6477,-122.6413,10,11,6,12,8,8,11,10,6,4,6,7,6,1,0,1,5,4,7,9,10,8,7,11,11,10,10,9,10,10,8,13,10,6,5,3,9,10,11,9,8,8,10,9,8,9,8,9,8,8,11,12,12,8,10,9,10,11,13,10,8,8,9,11,11,12,7,7,8,10
"Solano, CA",US,38.3105,-121.9018,15,15,17,14,15,16,14,12,13,11,12,15,13,13,13,11,9,9,12,9,12,13,16,13,17,15,18,17,16,19,19,19,18,15,13,14,17,18,19,17,17,23,24,20,16,18,19,20,22,19,19,19,23,21,18,23,24,23,24,23,19,16,22,25,25,20,16,13,14,19
"Santa Cruz, CA",US,37.0454,-121.958,15,15,16,16,15,14,15,15,13,12,14,13,12,11,12,11,7,11,13,15,12,11,15,17,18,18,16,16,15,16,15,20,21,13,11,11,15,17,19,13,16,19,20,17,13,15,16,16,19,18,18,20,20,14,15,20,22,24,25,23,15,12,19,21,21,16,12,11,12,18
"Napa, CA",US,38.5025,-122.2654,17,17,17,13,14,13,15,13,10,10,12,12,10,10,9,8,6,8,10,11,12,10,14,12,15,16,15,13,13,17,19,19,18,11,10,12,18,20,20,16,14,21,23,20,15,17,18,19,20,19,18,17,22,19,18,22,23,23,24,22,17,13,20,26,25,18,11,11,11,17
"Ventura, CA",US,34.3705,-119.1391,18,17,18,20,17,19,22,22,14,12,17,14,14,13,14,15,12,14,18,20,15,14,16,22,21,19,15,20,20,18,21,24,26,18,12,12,15,15,17,17,16,20,20,15,17,17,17,18,19,18,17,22,22,14,16,20,25,24,26,26,19,13,18,23,19,21,19,13,14,18
"Worcester, MA",US,42.4097,-71.8571,2,2,5,7,4,1,1,2,3,-2,6,17,17,2,4,6,4,-6,-4,3,-3,-3,1,5,5,4,5,5,3,3,1,5,3,4,6,7,3,1,2,0,0,5,3,5,2,-4,-2,5,4,1,3,0,0,6,11,15,12,9,7,1,0,0,12,16,8,9,7,6,12,20
"Gwinnett, GA",US,33.9191,-84.0167,12,13,7,15,13,11,16,14,15,17,17,19,19,17,18,21,18,11,8,8,4,5,9,10,10,8,12,11,15,11,14,4,9,17,23,19,19,20,4,5,9,10,21,20,18,12,12,8,13,15,13,5,8,13,14,8,18,13,8,11,12,17,12,20,13,9,13,15,16,20
"DeKalb, GA",US,33.7956,-84.2279,12,13,8,15,13,11,16,14,15,17,18,20,19,18,17,21,18,12,9,8,3,5,9,10,12,7,11,11,15,11,14,5,9,17,23,20,19,20,5,6,11,10,21,21,18,12,12,8,12,15,12,6,9,13,14,8,19,13,9,11,12,18,12,20,13,10,14,14,16,19
"Floyd, GA",US,37.5455,-82.7779,7,10,13,14,10,9,10,7,9,17,20,24,14,13,17,19,11,5,11,0,-1,0,7,12,11,5,8,8,5,6,7,12,8,17,21,14,7,14,2,7,12,12,9,6,12,0,10,15,16,13,9,4,4,11,14,10,16,11,4,7,4,17,12,17,19,19,6,10,20,21
"Fayette, GA",US,33.4502,-84.4803,14,14,9,19,13,13,17,14,15,18,20,21,20,18,19,21,18,14,12,9,4,5,9,9,14,9,13,12,16,13,14,6,10,18,23,21,20,20,6,7,13,13,22,22,19,12,14,9,12,17,13,7,8,13,15,9,20,13,9,13,14,18,14,19,14,11,14,14,17,21
"Gregg, TX",US,32.4893,-94.8521,13,12,14,14,15,22,20,17,18,19,22,6,9,16,19,23,15,14,17,12,13,8,4,10,13,17,15,18,13,8,9,10,17,25,19,22,6,5,17,17,20,16,8,9,8,11,16,19,22,21,6,8,10,13,12,19,16,8,13,18,23,20,23,22,13,22,19,17,21,18
"Monmouth, NJ",US,40.2589,-74.124,7,4,10,9,11,5,8,6,5,1,13,17,17,8,7,11,10,0,1,6,0,1,3,7,8,11,8,7,6,5,2,7,5,6,13,15,6,6,13,5,8,9,8,8,7,1,0,8,9,10,10,3,1,9,12,14,9,8,5,5,2,6,15,13,13,10,7,8,14,21
"Burlington, NJ",US,40.0712,-74.8649,8,4,9,9,11,5,9,7,4,1,12,20,18,7,8,11,10,0,0,5,0,1,4,7,12,11,7,6,5,6,3,7,5,6,14,15,5,6,15,5,8,7,10,7,8,2,0,8,11,16,9,2,2,10,13,16,8,10,5,5,1,7,17,14,13,11,6,8,14,21
"Camden, NJ",US,39.9259,-75.1196,8,5,9,9,11,5,10,7,4,1,13,20,19,8,7,12,10,0,0,6,0,1,4,7,13,10,8,7,6,6,3,8,6,6,15,16,6,6,15,6,9,7,10,8,8,2,0,9,11,16,10,3,2,10,13,16,9,10,6,5,1,7,17,15,15,11,6,8,15,22
"Passaic, NJ",US,40.8568,-74.1285,7,4,9,9,10,6,8,7,5,1,10,19,19,7,7,11,9,0,0,6,0,1,3,7,11,8,8,7,6,5,2,6,6,7,13,14,6,5,10,5,6,7,8,8,5,0,0,7,11,7,8,3,2,10,14,17,10,8,5,5,2,7,16,15,13,12,8,9,16,23
"Union, NJ",US,40.6976,-74.2632,6,4,9,9,11,6,8,7,5,1,10,20,18,7,8,11,9,0,0,5,0,1,4,7,11,9,8,7,6,5,2,6,6,6,13,15,7,6,10,5,7,7,8,8,6,0,0,7,11,8,8,3,2,10,14,16,10,8,5,5,2,7,17,14,13,12,8,9,16,22
"Eagle, CO",US,39.6553,-106.8287,-2,0,0,0,3,3,0,3,4,0,-2,-4,-1,0,5,3,2,1,-1,0,3,3,3,2,4,4,5,2,0,1,0,1,5,7,5,-5,-6,-1,3,7,2,1,0,0,1,6,4,4,3,1,2,1,5,6,4,-1,-3,1,4,6,7,7,4,7,8,9,10,11,11,8
"Larimer, CO",US,40.6956,-105.5943,0,0,0,0,7,3,-2,4,6,0,-4,0,-2,-1,3,2,6,2,0,3,7,6,3,1,6,4,5,3,2,1,0,2,8,12,-6,-11,-6,-1,0,5,-5,-2,0,-2,-2,6,2,4,-2,-2,-5,2,8,8,2,-3,-7,0,2,7,7,2,1,5,8,8,12,11,10,7
"Arapahoe, CO",US,39.6203,-104.3326,7,10,5,7,14,6,5,12,13,5,0,5,6,7,13,7,6,11,6,7,11,12,11,5,12,11,11,7,5,5,5,9,17,21,-3,-8,-3,4,-1,8,-2,-1,0,0,-3,11,5,9,3,1,-3,1,10,13,5,3,-3,5,6,12,13,9,9,14,16,11,18,20,19,14
"Gunnison, CO",US,38.5458,-106.9253,-5,-9,-2,-4,-5,0,-1,-5,0,-2,-4,-3,-5,0,2,-1,0,0,-6,-7,0,-2,1,2,0,1,0,0,-2,-1,-2,0,1,4,4,-8,-11,-4,3,5,2,1,0,-2,0,0,1,2,3,0,0,0,-1,1,3,-1,-3,-4,4,2,3,4,3,3,4,6,7,8,7,8
"Kane, IL",US,41.9879,-88.4016,-1,4,8,2,0,5,4,3,-4,9,6,0,0,0,4,2,-6,-2,1,-7,-2,-2,0,0,1,1,0,0,0,0,0,1,1,7,6,0,0,0,2,0,2,0,0,2,-8,-10,0,2,3,1,-3,-6,1,8,10,6,3,-1,-1,-2,1,13,8,8,8,10,5,10,17,12
"Monroe, PA",US,41.0458,-75.2479,6,2,7,6,10,3,6,3,2,0,7,15,16,6,4,9,6,-2,-4,2,-2,0,2,5,9,4,6,5,4,3,2,4,5,4,12,14,4,4,3,3,5,7,8,7,5,-3,-2,5,9,6,5,1,2,9,11,15,9,8,2,2,0,6,15,12,11,11,6,7,15,20
"Philadelphia, PA",US,39.9526,-75.1652,8,5,9,9,12,5,10,8,4,1,12,20,19,8,7,12,10,0,0,6,0,1,4,7,12,10,8,7,7,6,3,8,7,6,15,16,6,6,15,6,9,7,10,8,8,2,0,9,11,16,10,3,2,10,14,16,9,11,6,5,1,7,18,14,14,11,6,8,15,22
"Norfolk, VA",US,36.8508,-76.2859,14,12,15,15,16,9,14,13,12,6,19,22,20,19,17,13,16,5,9,12,2,2,5,8,14,16,10,12,9,8,7,9,8,13,21,20,18,21,16,8,10,17,20,10,17,8,4,12,11,17,10,7,1,10,15,13,17,13,9,11,7,11,19,20,18,10,10,10,15,21
"Arlington, VA",US,38.8816,-77.091,11,10,11,11,15,5,11,7,7,4,11,21,19,11,9,14,12,3,1,6,1,2,4,6,10,10,8,9,7,7,5,8,10,12,18,18,8,7,15,6,9,8,13,9,13,3,2,11,12,14,11,4,3,11,14,15,12,11,6,8,2,10,18,17,17,12,10,10,16,22
"Spotsylvania, VA",US,38.2042,-77.6078,12,11,14,13,16,8,13,4,8,6,13,21,20,14,10,12,13,4,2,8,2,2,5,7,11,11,10,11,9,8,6,8,11,14,21,20,13,11,14,8,11,10,13,11,16,4,3,12,13,16,11,5,4,13,16,15,13,12,8,9,5,12,19,18,18,15,12,11,17,23
"Loudoun, VA",US,39.0768,-77.6536,10,8,10,12,13,5,10,3,4,3,11,19,16,11,8,13,9,2,1,3,0,1,4,6,8,9,6,7,7,6,4,6,8,11,19,18,5,6,11,6,9,8,11,9,11,1,2,9,11,14,10,4,3,12,14,15,10,10,3,6,2,10,17,16,17,12,9,10,16,22
"Prince George, MD",US,38.7849,-76.8721,11,9,12,12,15,5,12,7,7,4,11,21,20,11,8,15,12,3,1,6,1,2,4,6,10,10,8,9,7,7,5,7,10,11,18,19,9,7,14,7,10,9,12,9,13,3,2,11,12,15,10,4,3,11,14,15,11,10,6,7,2,9,18,17,17,13,10,10,16,22
"Pottawattamie, IA",US,41.3912,-95.4778,1,6,4,3,4,6,4,7,1,8,-2,-6,-2,1,0,-1,-8,0,-9,-13,-12,-6,1,1,0,0,1,1,-2,-1,0,1,4,9,1,-2,-1,1,-3,0,1,3,2,4,-12,-4,6,9,8,3,-4,-2,7,11,15,8,4,2,4,6,13,14,9,13,15,9,10,19,22,5
"Camden, SC",US,34.2465,-80.607,16,15,13,24,19,14,17,16,16,17,17,24,20,22,22,23,22,11,14,16,6,5,10,10,18,12,13,15,14,13,14,4,10,18,24,22,22,23,10,9,13,20,24,24,24,15,11,10,17,15,15,7,7,13,17,11,19,19,12,14,13,16,21,20,15,11,15,14,18,22
"Pima, AZ",US,32.0575,-111.6661,15,16,14,14,18,21,18,20,19,16,14,18,19,20,20,21,18,18,18,22,23,13,15,18,20,21,21,20,19,17,18,19,23,24,16,8,10,15,20,23,20,17,11,15,18,20,21,23,24,23,24,26,25,17,15,19,18,17,23,26,24,19,15,17,20,26,26,24,20,24
"Noble, IN",US,41.4277,-85.355,-1,3,8,5,2,4,5,5,-3,8,10,13,1,2,6,5,0,-1,3,-7,-3,-1,0,3,3,1,0,1,1,1,2,2,2,12,12,2,1,-2,0,1,1,1,1,2,0,-7,1,3,4,3,0,-3,1,8,11,7,3,0,-2,-3,0,7,8,9,7,11,4,7,15,17
"Adams, IN",US,39.8522,-77.2865,9,7,9,11,13,3,8,4,3,1,12,19,14,11,7,14,8,1,0,2,0,0,3,5,8,8,7,6,6,7,4,7,6,9,18,18,5,6,8,5,8,7,10,9,10,0,1,9,11,12,9,4,3,12,14,16,9,10,2,6,1,9,17,14,16,13,9,10,17,22
"Boone, IN",US,40.0106,-86.4997,1,7,10,7,1,7,6,6,0,12,12,15,2,4,8,8,0,0,6,-9,-2,0,1,6,5,0,2,0,1,2,2,4,4,15,15,9,2,-1,1,1,2,2,4,2,0,-9,3,5,7,4,2,-1,1,8,12,5,3,0,0,-1,0,12,10,11,11,13,3,9,16,17
"Dane, WI",US,43.0186,-89.5498,-1,3,7,1,0,4,4,2,-6,8,2,-4,-3,0,2,0,-9,-3,0,-7,-4,-5,0,0,1,0,0,0,-1,-2,0,1,2,7,4,-1,-2,0,1,-1,0,-1,-2,1,-12,-10,1,0,0,0,-6,-8,0,4,7,3,0,-1,-2,-3,0,10,4,5,5,6,3,10,15,9
"Pierce, WI",US,44.7509,-92.3814,-4,0,1,1,-1,2,1,-2,-12,2,-6,-8,-6,-2,0,-4,-16,-5,-3,-10,-7,-8,1,0,0,0,-2,-1,-5,-4,-3,0,1,4,0,-6,-3,-1,-1,-7,-3,-2,-3,0,-17,-11,0,-5,1,-5,-11,-11,1,3,5,3,1,-2,-4,-4,0,6,1,4,3,3,1,8,12,3
"Cuyahoga, OH",US,41.4339,-81.6758,2,3,9,8,3,2,6,6,0,5,10,19,1,6,9,9,3,-1,5,-6,-2,-2,1,6,7,5,2,1,1,0,0,2,2,10,12,7,1,0,0,1,3,3,3,3,1,-6,1,4,6,9,0,-4,1,8,11,11,6,3,-2,-2,0,8,9,11,6,10,3,4,15,18
"Weber, UT",US,41.2603,-111.9522,-2,2,2,4,3,1,4,6,2,2,0,1,1,1,3,1,5,1,2,2,3,6,4,6,3,5,6,4,5,4,3,3,6,8,-3,-2,-3,4,6,7,3,1,0,4,5,7,5,4,3,2,2,2,5,8,9,3,4,6,9,12,14,4,4,7,12,17,19,17,12,11
"Wilton, CT",US,41.1954,-73.4379,6,4,9,8,8,4,7,5,4,0,8,17,17,6,5,10,8,-2,-1,5,-1,0,2,6,9,7,7,6,5,3,2,6,5,6,11,11,6,4,11,4,4,6,7,7,4,0,-2,6,9,4,6,2,1,8,12,15,10,8,7,4,1,5,13,13,12,11,7,7,13,20
