Province/State,Country/Region,Lat,Long,1/1/2020,1/2/2020,1/3/2020,1/4/2020,1/5/2020,1/6/2020,1/7/2020,1/8/2020,1/9/2020,1/10/2020,1/11/2020,1/12/2020,1/13/2020,1/14/2020,1/15/2020,1/16/2020,1/17/2020,1/18/2020,1/19/2020,1/20/2020,1/21/2020,1/22/2020,1/23/2020,1/24/2020,1/25/2020,1/26/2020,1/27/2020,1/28/2020,1/29/2020,1/30/2020,1/31/2020,2/1/2020,2/2/2020,2/3/2020,2/4/2020,2/5/2020,2/6/2020,2/7/2020,2/8/2020,2/9/2020,2/10/2020,2/11/2020,2/12/2020,2/13/2020,2/14/2020,2/15/2020,2/16/2020,2/17/2020,2/18/2020,2/19/2020,2/20/2020,2/21/2020,2/22/2020,2/23/2020,2/24/2020,2/25/2020,2/26/2020,2/27/2020,2/28/2020,2/29/2020,3/1/2020,3/2/2020,3/3/2020,3/4/2020,3/5/2020,3/6/2020,3/7/2020,3/8/2020,3/9/2020,3/10/2020,3/11/2020
,Thailand,15,101,22,21,20,19,19,20,18,20,21,24,22,21,22,21,22,22,21,21,23,21,21,22,23,22,22,20,20,19,19,19,17,19,20,22,21,21,23,21,22,20,22,23,23,24,22,20,20,19,20,19,20,20,20,19,17,19,19,23,24,24,25,23,25,23,23,23,24,24,24,24,25
,Japan,36,138,-5,-5,-4,-4,-7,-4,2,0,-1,-5,-4,-1,-3,-1,-5,-5,-2,-4,-1,-1,-5,0,0,-2,-2,-4,-1,1,0,-5,-8,-6,-5,-6,-5,-9,-12,-5,-7,-10,-9,-6,1,-2,-3,0,3,-4,-8,-4,-2,0,0,-5,-3,1,-4,-8,-3,0,0,-3,0,1,-7,-5,0,-2,4,5,-3
,Singapore,1.2833,103.8333,24,25,25,24,24,24,24,25,25,25,24,24,24,25,25,24,24,25,25,24,25,25,25,24,25,25,25,25,24,25,25,25,25,24,24,25,25,24,24,24,25,25,25,25,25,25,24,25,25,24,24,24,25,24,25,25,25,25,25,24,24,25,25,25,25,25,25,25,25,26,25
,Nepal,28.1667,84.25,10,9,7,7,7,7,9,10,8,8,8,9,10,10,12,10,10,7,7,9,9,9,9,9,9,8,9,10,8,7,9,7,8,9,8,8,7,8,7,7,8,9,10,11,11,11,12,11,11,12,12,10,10,10,11,11,9,11,11,11,11,11,13,11,12,11,9,11,12,12,12
,Malaysia,2.5,112.5,20,21,21,21,20,21,22,22,22,21,21,21,21,21,21,21,20,21,21,21,22,22,21,21,22,21,21,22,21,20,20,21,21,22,21,21,20,20,22,20,20,21,22,21,21,20,21,20,20,21,21,21,21,21,21,21,20,21,21,22,21,21,21,20,20,21,20,21,21,22,22
British Columbia,Canada,49.2827,-123.1207,7,3,2,4,5,2,4,3,0,0,3,1,-6,-6,-6,-3,-1,1,4,5,6,5,5,8,5,6,5,5,5,4,5,7,0,0,0,0,3,2,2,0,1,2,3,3,3,3,2,0,0,0,0,1,4,3,2,2,3,5,4,3,1,2,4,3,4,1,1,0,0,2,4
New South Wales,Australia,-33.8688,151.2093,20,21,21,20,20,20,21,21,21,19,18,18,19,19,21,20,20,19,19,18,20,21,24,22,22,22,22,22,20,22,23,24,22,17,18,20,19,20,20,21,20,21,21,20,17,20,20,20,20,18,19,18,19,19,20,22,19,17,19,19,19,20,19,22,20,19,18,17,17,16,17
Victoria,Australia,-37.8136,144.9631,13,13,21,14,12,16,16,16,22,14,14,12,17,20,16,14,14,16,18,14,15,14,12,15,15,13,13,15,17,22,23,14,14,12,11,12,17,18,18,18,18,18,19,20,19,17,15,17,13,13,12,11,12,16,17,15,10,14,13,13,14,13,11,16,15,14,13,11,10,12,18
Queensland,Australia,-28.0167,153.4,21,20,20,20,21,22,22,21,22,23,22,22,21,21,22,22,21,21,23,24,23,25,25,24,23,23,22,22,23,24,23,22,23,23,21,21,21,22,22,22,23,23,22,22,22,23,23,23,25,24,22,23,22,22,22,21,22,21,22,21,21,22,23,23,24,22,22,22,19,20,20
,Cambodia,11.55,104.9167,23,23,22,20,19,21,23,23,23,23,23,22,20,19,20,20,21,21,20,21,21,22,21,21,21,22,20,21,22,20,19,19,18,19,20,19,19,18,23,22,21,23,22,23,22,22,24,22,21,21,21,22,22,21,19,21,23,22,22,22,23,23,23,23,22,23,24,25,24,25,23
,Sri Lanka,7,81,18,19,17,16,17,17,18,14,13,15,18,15,14,13,12,16,17,16,19,18,19,19,19,16,16,15,13,13,14,14,13,15,16,16,18,17,16,14,14,13,16,19,18,18,17,16,17,12,13,16,19,19,17,18,18,16,15,15,15,17,17,16,16,16,17,18,16,16,16,14,16
,Germany,51,9,-4,-1,0,0,-2,0,1,5,6,0,0,2,3,6,2,2,2,0,0,-4,-5,-2,-3,-3,-1,0,3,0,1,4,8,4,6,2,0,-2,-2,-2,0,5,1,0,0,2,1,5,5,3,3,1,1,2,6,0,6,0,0,-1,1,3,1,2,-1,0,3,1,1,4,2,9,8
,Finland,64,26,2,2,-1,-8,-5,-1,1,0,-2,-3,0,-2,-1,1,0,0,0,0,-4,2,-3,-6,-1,-3,-6,-13,-9,-5,-4,-5,-7,-3,-7,-11,-11,-11,-13,-5,0,1,0,0,0,-3,-4,0,1,1,0,-8,-5,1,0,-1,-7,-10,-12,-14,-14,-9,-8,-9,-8,-2,-3,-4,-6,2,1,0,0
,United Arab Emirates,24,54,16,16,17,21,19,16,14,14,17,16,13,13,11,13,11,12,12,12,14,15,11,15,17,14,13,15,13,11,10,10,8,13,14,12,11,12,13,13,18,18,18,15,12,11,12,11,12,14,12,15,18,18,18,18,19,22,18,14,14,13,14,17,14,14,14,13,14,15,14,13,12
,Philippines,13,122,26,24,24,25,25,25,24,25,24,25,25,24,25,24,25,25,25,25,25,25,24,24,25,24,25,24,25,25,24,24,23,23,23,23,24,24,25,25,25,24,23,23,23,25,25,25,25,24,23,23,24,24,23,24,24,24,24,24,25,25,24,25,25,25,25,24,25,26,26,26,25
,India,21,78,15,15,15,13,10,12,17,16,9,7,9,13,13,16,17,16,14,16,14,14,18,18,16,17,14,15,17,16,13,11,13,13,14,16,18,17,16,16,13,12,14,16,17,16,16,17,17,14,13,16,21,21,20,20,16,14,15,17,16,17,19,18,17,16,16,16,16,20,21,21,20
,Italy,43,12,-1,-1,3,2,-1,-1,0,0,-1,0,2,-1,1,0,0,0,4,2,3,1,0,0,0,6,5,2,5,7,2,5,8,9,8,6,2,2,-2,-2,0,7,9,4,1,6,0,0,0,2,2,1,-1,0,0,3,6,7,-1,7,-1,8,5,5,0,0,8,3,4,0,1,1,4
,Sweden,63,16,3,2,-2,-5,-1,0,0,0,-6,-7,0,-3,-3,-2,-4,-1,0,-3,0,0,0,-1,-1,-2,-1,-2,0,-2,0,-1,0,-1,-5,-11,-7,-6,-8,-5,0,0,-2,-9,-7,-8,-7,-4,0,0,-2,-8,0,1,-1,-2,-10,-12,-14,-12,-10,-11,-8,-7,-5,-6,-7,-10,-3,1,-6,0,-3
,Spain,40,-4,-1,0,0,-2,-2,-2,-2,0,1,-1,-3,-3,-4,1,3,7,4,5,2,4,4,1,4,5,4,1,9,9,7,8,11,7,4,3,2,1,3,3,2,4,4,7,5,2,1,2,4,4,2,0,1,1,2,2,4,3,2,2,7,7,11,4,11,9,5,3,0,3,3,6,9
South Australia,Australia,-34.9285,138.6007,13,20,18,11,13,16,20,21,22,15,12,17,19,16,14,11,13,15,16,13,21,15,14,16,15,14,13,18,25,27,21,15,15,11,13,15,18,21,21,19,17,16,17,17,16,14,13,16,14,11,12,12,14,18,16,16,11,14,12,17,14,11,14,13,13,12,12,13,15,18,22
,Belgium,50.8333,4,0,5,2,1,0,3,6,10,7,1,2,4,8,9,3,8,3,2,0,-1,-2,-1,-1,-2,0,6,4,2,3,8,11,6,8,3,0,0,-1,5,7,6,3,3,3,3,6,12,5,4,3,6,1,4,8,4,5,2,1,0,5,4,3,0,1,5,4,0,7,5,6,10,7
,Egypt,26,30,5,3,2,2,3,4,2,3,2,4,4,6,6,8,7,6,5,4,4,4,3,2,2,3,1,2,4,5,4,5,5,5,5,5,5,9,8,4,4,3,3,4,5,8,8,10,8,9,7,5,5,7,6,5,5,4,8,9,9,9,6,6,7,14,12,8,8,13,11,13,16
From Diamond Princess,Australia,35.4437,139.638,4,4,4,3,3,5,4,7,5,5,4,5,5,5,4,4,4,2,3,3,3,4,7,6,3,4,3,8,8,7,5,6,5,5,4,2,-1,1,2,0,3,3,11,9,7,8,9,4,2,4,6,9,7,4,5,8,5,2,5,7,8,5,8,7,4,6,7,9,12,12,7
,Lebanon,33.8547,35.8623,2,2,0,2,3,2,1,1,0,0,1,3,1,3,6,3,2,2,2,0,0,0,0,-3,-2,0,2,2,3,2,0,0,1,1,3,3,2,0,-2,-6,-6,1,2,2,3,4,1,1,3,3,2,3,1,3,3,3,3,5,4,0,1,2,4,7,7,4,5,7,6,6,12
,Iraq,33,44,7,9,8,6,6,7,8,6,11,7,6,6,4,4,5,8,7,7,8,8,8,7,5,6,6,4,5,8,6,7,8,6,4,4,6,8,10,10,7,2,0,-1,3,5,6,5,10,8,12,11,9,11,11,13,15,10,5,8,9,11,10,9,8,9,10,16,11,14,12,15,15
,Oman,21,57,13,15,16,15,16,17,13,15,15,19,17,10,11,10,11,9,11,12,13,13,13,15,15,18,18,10,11,9,10,10,12,13,14,11,9,13,14,13,13,13,14,16,11,10,11,10,12,14,12,13,14,17,17,15,16,16,17,15,13,13,16,16,15,12,13,14,15,15,15,16,15
,Afghanistan,33,65,0,-1,-1,0,2,-1,-4,-3,-4,0,0,-3,-6,-4,-5,-10,-5,-2,-1,0,-2,-2,0,-1,-4,-3,-7,-7,-5,-4,-4,-3,0,-6,-5,-4,-2,-1,0,1,3,4,1,-2,0,-1,0,1,0,-2,1,3,3,4,2,5,6,4,2,3,4,6,4,3,0,1,-1,2,3,-1,1
,Bahrain,26.0275,50.55,17,18,21,17,15,15,15,17,16,15,13,13,14,13,14,15,16,16,16,15,15,14,13,13,10,13,13,13,15,14,15,15,13,14,14,15,17,18,17,16,14,9,11,13,14,14,16,17,17,18,16,16,17,18,19,19,16,17,16,17,18,17,17,17,16,17,18,17,17,17,17
,Kuwait,29.5,47.75,9,12,15,11,9,9,9,10,7,10,9,7,9,7,6,9,14,11,11,11,13,8,6,9,6,6,7,8,8,10,12,7,7,6,8,10,14,12,11,7,1,0,2,7,9,10,15,14,14,17,11,11,13,15,18,13,10,11,11,13,12,12,11,12,12,16,14,15,16,15,15
,Algeria,28.0339,1.6596,2,3,3,5,5,6,6,5,3,3,5,3,4,5,8,6,6,6,10,12,13,9,11,12,14,10,9,6,5,8,9,11,10,10,10,10,8,7,9,11,11,16,14,14,13,14,12,11,8,11,12,13,11,8,10,9,10,11,11,12,13,14,13,13,16,15,9,6,8,10,11
,Croatia,45.1,15.2,-3,-1,-1,-2,-5,-4,-3,-1,0,-1,-2,-3,0,0,0,-1,-2,-3,-3,-3,-2,-1,-2,1,1,0,0,1,-1,2,5,6,7,6,-1,-4,-3,-3,-1,3,6,0,0,3,0,0,4,3,0,-2,-1,-1,3,5,3,5,-2,0,-2,3,4,4,0,-2,2,1,-1,-2,1,3,4
,Switzerland,46.8182,8.2275,-1,-1,0,-4,-2,-2,-1,2,0,-3,-1,-1,0,1,0,0,-3,-7,-7,-5,0,0,0,-1,-1,-2,0,-3,-2,2,1,1,3,-2,-5,-6,-3,-2,-2,0,0,-4,-4,-2,-2,2,3,-3,-4,-3,-1,0,3,2,1,-5,-7,-7,0,-1,-2,-5,-6,-2,-3,-4,-6,-1,-4,2,2
,Austria,47.5162,14.5501,-3,-4,0,-1,-8,-3,-4,1,0,0,-5,-4,-3,0,-1,0,-1,-2,-5,-4,-1,-5,-2,-1,-1,-3,-1,-5,-3,-1,0,2,2,0,-3,-9,-9,-6,-3,-3,0,-4,-6,-1,-3,0,0,1,-3,-2,-1,-4,0,1,0,-1,-4,-2,-7,-2,0,0,-2,-6,0,-1,-2,-3,-1,1,1
,Israel,31,35,6,6,6,6,4,6,5,6,5,3,5,5,6,7,9,7,9,7,6,6,4,4,6,3,3,3,7,6,5,6,4,5,6,6,6,8,8,6,5,2,3,6,7,8,10,8,8,8,9,8,6,7,6,6,8,7,7,9,9,8,6,6,11,11,11,7,8,12,11,9,19
,Pakistan,30.3753,69.3451,0,0,0,3,4,2,0,-3,-4,2,2,1,-2,-3,-3,-5,-4,-3,0,3,1,-1,0,3,1,4,0,-1,-2,0,-2,-1,0,1,0,-1,-2,-1,0,3,5,7,7,0,1,1,1,2,6,2,2,6,6,7,6,6,9,10,6,7,7,9,9,7,4,3,4,5,6,5,3
,Brazil,-14.235,-51.9253,21,20,21,22,21,22,21,21,22,20,22,21,21,20,21,22,22,22,21,22,22,22,22,22,21,21,21,22,20,19,20,22,22,21,20,20,20,21,20,21,20,18,20,20,21,21,20,20,22,21,21,21,20,20,21,21,20,20,21,21,19,20,20,20,21,21,20,20,22,20,21
,Georgia,42.3154,43.3569,2,-1,0,-1,0,3,2,2,0,0,-1,0,-3,0,0,0,-1,0,-1,-2,0,-1,-2,-6,-5,-4,0,2,0,5,0,-3,0,2,-3,3,3,0,-5,-10,-9,-6,-2,-1,-5,-2,-2,0,1,0,1,5,4,0,3,-2,0,3,2,4,1,2,3,7,8,8,6,7,8,7,7
,Greece,39.0742,21.8243,-3,-3,0,0,-2,-4,-5,-4,-1,0,0,2,0,0,1,-1,-1,-2,-1,-4,0,1,-1,2,2,6,2,5,4,0,2,3,3,4,4,-1,-5,-1,-2,0,5,6,3,5,4,2,0,2,2,4,0,0,-1,2,4,6,6,1,0,0,4,8,6,1,2,6,7,3,3,2,3
,North Macedonia,41.6086,21.7453,-2,-5,-4,2,0,-2,-4,-5,-5,-1,2,0,-1,-1,-2,-4,-3,-2,-2,-6,-4,-1,-4,-3,-1,2,0,4,0,-3,0,1,1,3,1,-1,-4,-1,-6,-4,0,1,-2,0,5,-1,-2,0,4,4,2,2,-2,0,0,2,8,0,1,-2,3,6,10,4,0,6,6,2,4,0,4
,Norway,60.472,8.4689,0,-2,-6,-10,0,-2,0,-4,-11,-10,-1,-4,-5,-3,-1,-5,-3,-5,-4,0,-4,-5,-1,-3,-2,-2,-9,-5,-12,-9,-2,-5,-14,-12,-9,-1,-4,-9,-3,0,-6,-5,-8,-12,-7,-2,-2,-1,-8,-11,-5,0,-5,-8,-12,-12,-13,-14,-10,-6,-7,-5,-5,-10,-13,-13,-3,-3,-6,-2,-7
,Romania,45.9432,24.9668,-4,-8,-8,-2,-7,-11,-10,-10,-6,-6,-4,-4,-5,-7,-7,-7,-6,-7,-5,-4,-6,-4,-7,-5,-1,-3,0,0,-2,-1,3,3,4,1,0,-5,-3,-10,-9,-6,0,-1,-1,-4,0,-4,-4,-1,0,0,0,0,-1,6,-3,0,2,-3,0,-3,0,3,5,2,-1,0,4,3,4,4,5
,Estonia,58.5953,25.0136,1,2,1,-1,-4,1,2,1,1,-3,0,0,1,2,5,2,0,3,0,3,1,-2,1,1,-1,3,1,0,1,0,1,3,0,-4,-6,-3,-5,-1,1,2,2,1,1,0,-1,1,4,4,2,0,0,2,2,0,-3,0,-1,-4,-9,0,0,0,1,1,0,0,-2,0,1,2,2
,Netherlands,52.1326,5.2913,-1,4,3,4,4,3,6,8,6,2,3,4,6,9,3,6,3,2,0,0,0,3,0,0,0,5,4,3,4,7,10,6,8,4,0,2,0,2,6,6,3,3,2,3,5,11,5,4,3,3,2,6,6,2,4,1,1,1,2,4,2,0,2,3,3,0,7,4,5,7,6
,San Marino,43.9424,12.4578,1,1,3,2,1,0,0,1,2,1,2,1,0,2,2,1,4,3,3,2,0,1,0,3,3,3,5,8,4,6,8,8,8,8,3,2,1,1,2,5,12,6,4,6,4,4,5,6,4,2,2,3,4,6,7,9,1,4,2,7,8,6,4,1,6,3,3,2,3,6,7
,Belarus,53.7098,27.9534,-1,-4,-1,-2,-4,-1,-2,0,0,1,-3,0,1,0,1,-1,-2,-2,0,0,2,-1,-1,1,-1,-1,-1,0,-1,-1,0,3,1,-1,-6,-4,-6,-6,-5,-2,1,0,0,-2,-4,-2,3,4,1,-1,0,0,3,-2,-4,2,1,-2,0,1,1,3,4,5,1,2,2,0,2,1,1
,Iceland,64.9631,-19.0208,-10,-16,-17,-2,-4,-7,-9,-8,-9,-3,-17,-13,-6,-4,-7,-9,-9,-8,-4,-6,-3,-7,-8,-8,-9,-11,-11,-12,-9,-7,-11,-14,-13,-9,0,2,0,-4,-13,-11,-8,-16,-18,-13,-10,-6,-4,-7,-12,-6,-9,-7,-13,-6,-13,-10,-12,-11,-10,-6,-7,-7,-10,-16,-13,-16,-10,-16,-11,-6,-12
,Lithuania,55.1694,23.8813,3,0,1,0,-3,0,-1,1,1,2,0,1,0,2,3,0,0,0,0,2,4,0,1,3,0,0,-1,1,0,1,1,4,1,0,-6,0,-5,-3,-3,1,2,1,1,-1,-4,0,6,2,2,2,0,0,2,1,-2,0,-1,0,-1,2,1,3,6,1,0,2,3,0,0,4,2
,Mexico,23.6345,-102.5528,8,8,0,-2,-1,0,4,1,5,6,0,1,6,5,6,6,8,9,9,9,5,7,6,3,7,8,4,3,1,5,1,2,6,8,7,9,4,0,2,5,9,7,10,0,2,5,6,9,10,10,7,9,4,8,7,8,3,0,2,4,7,6,9,10,7,5,6,9,9,11,11
,New Zealand,-40.9006,174.886,15,16,13,11,15,13,12,13,15,13,16,16,13,11,12,12,11,14,15,14,15,16,17,16,16,17,17,17,18,17,16,17,17,18,16,15,14,15,11,13,15,13,16,14,14,17,17,17,17,15,16,18,13,11,13,15,16,16,17,13,15,17,17,12,12,12,14,16,17,14,11
,Nigeria,9.082,8.6753,14,13,13,15,17,18,19,19,18,19,19,20,20,21,18,17,18,17,17,19,19,18,18,16,15,15,16,17,16,16,15,15,16,17,16,17,18,19,19,19,18,15,15,17,18,18,19,19,21,18,20,22,21,19,18,18,20,22,23,22,21,21,22,22,22,23,21,23,21,23,23
Western Australia,Australia,-31.9505,115.8605,16,14,12,16,18,18,17,16,15,19,19,17,21,18,20,22,18,16,18,16,14,16,17,18,20,23,22,18,18,14,14,17,19,24,26,20,19,18,15,15,22,19,21,25,20,18,17,17,24,24,24,22,21,21,21,21,22,24,20,20,15,19,20,19,19,20,18,22,22,22,19
,Ireland,53.1424,-7.6921,6,2,4,6,7,5,4,0,0,7,4,3,2,2,3,0,-2,-3,-1,1,5,4,3,3,5,0,0,2,4,7,6,4,3,2,-1,0,3,1,8,3,1,0,2,1,4,3,3,3,1,3,3,5,4,3,1,1,0,1,1,2,0,2,0,-2,0,4,5,4,9,3,1
,Luxembourg,49.8153,6.1296,-2,2,0,0,-2,0,2,7,6,0,-1,3,5,5,4,4,2,0,0,-3,-4,-1,-3,-1,0,2,4,1,1,7,9,5,7,2,0,-1,-3,-1,4,6,2,1,0,3,1,7,5,3,3,3,0,0,7,3,6,0,1,-2,2,3,3,0,1,3,3,1,3,3,3,9,9
,Monaco,43.7333,7.4167,9,8,9,10,9,8,8,8,7,9,9,7,7,9,8,8,8,7,8,9,10,10,10,9,9,9,8,10,10,9,10,10,10,11,8,9,6,8,8,9,15,11,9,10,10,9,9,11,10,10,8,10,9,9,8,11,7,8,9,11,8,8,8,9,7,8,9,9,9,10,11
,Qatar,25.3548,51.1839,14,15,19,18,14,13,11,15,16,14,13,9,8,12,10,10,12,13,14,13,12,15,12,8,11,12,9,8,9,7,9,13,10,9,9,11,13,15,16,17,14,9,8,9,9,8,12,14,13,16,15,14,13,16,18,21,11,12,11,12,13,14,13,12,10,10,12,13,12,11,11
,Ecuador,-1.8312,-78.1834,15,15,15,13,14,14,14,14,12,15,13,15,15,14,14,14,14,15,15,15,14,15,14,15,15,15,14,14,15,14,15,15,15,14,14,13,12,14,14,15,15,13,14,14,15,15,15,15,15,15,13,15,16,15,15,16,15,15,16,15,14,15,15,15,15,15,14,14,15,15,15
,Azerbaijan,40.1431,47.5769,1,4,4,0,-1,-1,-2,0,0,1,-1,3,0,0,3,1,-1,1,1,-1,-2,0,5,-2,-3,-2,-3,-2,0,0,4,2,0,3,5,3,5,8,0,-2,-5,-7,-1,4,-1,0,4,0,-1,3,4,5,6,5,3,2,0,0,7,3,4,3,3,4,6,6,3,2,3,4,6
,Armenia,40.0691,45.0382,-11,-11,-9,-10,-12,-10,-9,-9,-11,-12,-12,-8,-12,-8,-11,-12,-12,-11,-11,-12,-13,-12,-12,-16,-13,-12,-10,-9,-11,-7,-7,-14,-12,-10,-9,-5,-4,-6,-15,-20,-20,-20,-14,-15,-16,-10,-9,-10,-8,-5,-6,-7,-6,-6,-5,-12,-9,-5,-6,-4,-6,-7,-5,-4,-2,-2,-3,-3,-3,-2,-2
,Dominican Republic,18.7357,-70.1627,17,17,17,17,16,17,16,16,17,17,16,17,16,16,16,17,15,16,16,17,17,16,17,16,16,16,16,16,16,16,16,16,17,17,17,17,16,17,17,16,17,17,16,17,16,17,16,17,17,16,16,15,17,17,16,16,17,17,17,17,16,17,17,17,16,17,16,17,16,16,15
,Indonesia,-0.7893,113.9213,22,22,22,22,22,22,22,23,22,22,21,21,22,22,22,22,22,22,22,22,22,23,23,22,22,22,23,22,22,22,21,23,22,22,22,22,21,21,22,22,21,22,22,23,23,21,22,21,21,21,22,22,23,23,22,22,21,22,22,22,22,22,21,22,21,22,22,23,22,23,22
,Portugal,39.3999,-8.2245,1,4,4,2,0,0,0,5,2,1,0,0,6,10,10,7,10,8,4,5,6,7,6,7,3,6,12,9,8,12,13,10,10,7,7,6,7,8,7,7,7,8,8,7,6,4,10,4,2,3,5,6,5,6,6,7,4,3,7,9,10,6,10,10,8,4,2,5,5,7,12
,Andorra,42.5063,1.5218,3,3,0,1,2,3,4,1,1,-2,0,0,0,0,-1,1,-2,0,-4,0,1,2,-2,-1,0,-2,-1,-1,0,4,1,2,5,4,-1,0,0,1,-1,2,3,1,2,1,2,3,4,0,0,1,1,4,5,4,3,1,-2,3,2,2,3,-1,1,3,-3,-1,0,0,1,6,8
Tasmania,Australia,-41.4545,145.9707,7,6,9,5,5,8,8,9,12,4,5,6,8,12,11,4,5,7,10,9,7,5,4,8,9,6,7,9,11,13,16,6,1,1,5,8,9,10,8,8,11,12,11,12,12,5,4,6,6,5,4,3,6,8,8,3,3,4,8,6,3,5,7,9,8,4,4,4,4,5,7
,Latvia,56.8796,24.6032,1,0,1,0,-3,1,0,0,0,0,0,1,0,3,5,2,0,2,0,2,3,1,1,2,0,2,0,0,0,0,1,5,1,-1,-6,0,-4,-1,-2,1,2,0,2,0,-2,0,5,5,3,2,0,2,2,2,-2,0,0,-1,-2,1,1,2,4,2,-1,2,0,0,0,3,3
,Morocco,31.7917,-7.0926,6,6,6,5,4,3,4,4,3,4,3,2,3,2,3,4,6,6,5,1,3,3,3,5,3,4,4,5,7,8,7,8,10,11,11,10,7,6,7,8,8,10,8,8,9,10,10,9,8,11,9,9,11,10,9,6,8,10,11,8,8,8,10,12,9,5,7,8,8,12,12
,Saudi Arabia,24,45,14,13,15,14,5,7,10,13,7,6,3,1,5,2,3,8,11,14,10,9,11,7,4,6,2,0,1,5,8,5,14,5,5,7,12,14,15,15,12,9,4,0,0,4,6,9,14,15,16,15,7,10,13,17,18,10,7,7,13,16,11,6,7,10,12,14,11,9,6,9,10
,Senegal,14.4974,-14.4524,18,20,18,16,15,14,14,16,15,17,18,18,16,16,18,18,19,20,18,19,21,24,24,23,21,23,20,21,23,22,21,18,21,21,19,18,19,19,19,18,19,20,24,23,23,24,25,23,21,21,22,21,23,27,30,26,23,20,21,21,20,21,21,21,20,19,19,21,20,20,23
,Argentina,-38.4161,-63.6167,17,16,19,23,15,14,15,19,15,16,14,16,20,19,17,10,11,19,22,21,17,17,22,21,20,19,10,20,13,13,21,19,20,20,20,15,18,15,17,11,12,16,20,17,13,17,17,18,11,18,8,8,7,13,18,11,11,14,15,15,18,23,24,21,22,19,23,16,12,15,17
,Chile,-35.6751,-71.543,12,10,13,13,9,8,11,10,10,7,8,10,10,12,8,7,12,12,15,13,12,13,13,14,11,14,14,14,11,11,11,13,12,7,10,7,7,6,8,12,12,13,11,8,7,8,9,12,7,9,8,10,10,9,8,7,8,9,10,11,12,11,10,10,10,10,10,9,10,10,11
,Jordan,31.24,36.51,2,3,1,5,0,1,2,5,2,2,1,2,3,4,5,5,7,6,3,4,2,1,3,0,-1,0,4,4,1,3,3,3,4,5,3,4,5,5,4,-1,1,1,3,4,5,5,3,5,6,6,3,6,3,6,6,6,3,8,6,7,3,3,7,9,9,7,5,9,9,10,16
,Ukraine,48.3794,31.1656,-4,-2,-6,0,0,-6,-7,-6,-3,0,-2,-3,-2,-1,-1,-3,-3,-3,-5,-2,0,0,-2,-3,-2,-3,-1,1,0,-3,1,1,3,-3,1,-4,-6,-8,-9,-6,0,1,-1,-3,0,-3,-2,0,0,-1,-3,-4,-2,3,-1,2,2,0,-1,0,2,1,4,5,5,5,5,7,7,6,5
,Hungary,47.1625,19.5033,-4,-4,-2,1,-5,-5,-6,-5,-4,-3,-2,-3,-1,-3,-1,-1,-3,-1,-1,-2,-3,-3,-4,-4,-2,0,-3,0,0,0,4,8,10,5,2,-2,1,-4,-4,1,3,2,0,5,1,0,2,4,0,2,0,-1,3,6,1,6,1,1,-2,4,7,8,5,0,3,2,3,0,0,5,6
Northern Territory,Australia,-12.4634,130.8456,26,27,27,26,27,26,27,26,25,25,25,26,26,27,28,28,28,27,26,27,27,27,27,27,27,28,28,28,28,28,28,28,27,27,26,26,27,27,27,28,28,28,28,28,28,28,27,27,26,27,23,27,28,28,28,28,27,26,26,25,27,27,27,26,26,24,25,24,24,25,26
,Liechtenstein,47.14,9.55,-2,-2,-2,-6,-4,-3,-3,1,-3,-2,-3,-2,-2,0,-1,-2,-2,-7,-8,-4,-1,-2,-1,-1,-2,-2,-1,-4,-4,0,0,0,1,-2,-5,-9,-5,-3,-3,0,-2,-5,-6,-3,-4,0,1,-2,-4,-5,-2,-2,1,1,0,-5,-8,-7,-4,-3,-4,-3,-7,-5,-3,-4,-7,-3,-5,0,0
,Poland,51.9194,19.1451,-2,-3,2,0,-3,-2,-1,3,5,5,1,2,0,2,1,-1,0,0,0,0,0,-1,-2,-1,0,0,0,0,2,3,6,5,2,4,0,0,1,-3,-2,4,2,1,0,1,-2,2,9,5,2,1,2,0,4,2,2,2,1,0,0,5,3,2,2,0,1,2,2,0,3,6,5
,Tunisia,34,9,4,2,2,3,6,5,4,8,7,10,8,7,7,6,5,5,5,6,9,10,10,10,9,8,8,8,7,7,8,9,8,10,9,10,12,8,3,5,6,6,7,7,11,10,10,9,9,6,8,8,7,7,8,7,8,9,11,9,10,11,12,14,12,9,11,11,6,7,11,7,9
,Bosnia and Herzegovina,43.9159,17.6791,-9,-4,-3,-6,-11,-11,-8,-7,-5,-4,-7,-6,-4,-4,-4,-6,-3,-7,-8,-9,-3,-5,-4,-2,-2,-3,-3,-3,-5,-3,-1,1,1,1,-6,-11,-8,-8,-5,-3,1,-2,-5,0,-4,-4,-2,0,-3,-5,-7,-7,-2,1,0,1,-6,-6,-8,-4,0,1,-2,-5,-2,-2,-5,-5,-4,-3,1
,Slovenia,46.1512,14.9955,-4,-3,-2,-1,-5,-5,-4,-1,-1,-1,-3,-3,-1,-1,-1,-3,-1,-1,-1,-2,-3,-4,-3,0,1,1,1,1,-1,3,3,3,5,7,1,-1,-3,-3,-2,4,4,0,0,3,0,-1,4,6,2,-1,-1,-2,1,4,1,7,-1,1,-2,7,5,7,2,-1,2,1,0,-1,0,3,4
,South Africa,-30.5595,22.9375,18,18,18,16,16,20,18,17,16,18,19,19,23,21,22,27,20,17,18,14,14,15,17,17,15,10,12,16,19,18,20,20,20,22,21,20,17,17,19,17,17,17,18,17,19,20,20,17,18,18,20,20,15,11,16,21,18,14,13,17,16,17,18,21,19,21,19,21,18,14,17
,Bhutan,27.5142,90.4336,0,0,0,-1,-5,-3,0,0,-3,-3,-1,-1,-1,0,0,0,2,-1,-3,-1,0,-2,-3,-4,-4,-4,-3,-2,-3,-3,-1,-3,-4,-2,-2,-4,-4,-3,-5,-4,-2,-1,0,1,1,1,2,2,2,1,0,1,0,-1,-1,0,-2,-1,0,0,2,0,0,0,0,-1,0,0,1,1,1
,Cameroon,3.848,11.5021,20,17,17,17,18,17,19,19,19,20,19,18,20,21,20,20,19,19,18,19,18,18,15,13,13,16,17,19,19,20,20,19,21,21,20,19,17,19,21,19,18,20,18,19,19,20,21,20,19,20,21,21,21,21,20,20,19,20,21,22,21,20,21,20,21,21,19,20,21,22,20
,Colombia,4.5709,-74.2973,10,11,10,10,10,9,10,8,8,8,8,10,10,9,9,9,11,11,11,11,12,11,10,10,11,12,11,10,10,11,10,10,11,10,9,9,8,9,11,11,10,9,10,10,11,11,11,10,10,11,11,12,12,12,11,12,12,11,12,11,11,11,11,12,10,11,11,11,11,11,11
,Costa Rica,9.7489,-83.7534,10,12,14,14,12,13,11,12,12,12,13,13,13,12,12,12,14,14,14,14,14,12,13,13,13,12,14,13,15,15,11,12,14,12,12,13,10,11,12,12,10,11,13,13,14,12,13,12,12,13,14,13,10,9,9,15,13,13,13,12,11,10,11,12,11,11,11,10,11,11,10
,Peru,-9.19,-75.0152,23,21,21,21,23,23,22,22,22,23,22,23,22,22,22,21,22,22,20,22,23,22,21,21,21,23,23,24,21,20,21,21,22,24,22,22,22,22,21,21,21,21,21,21,21,21,22,22,23,23,21,23,21,21,21,22,22,22,21,22,21,20,21,21,21,21,20,22,21,20,21
,Serbia,44.0165,21.0059,-3,-6,-6,0,-3,-5,-7,-6,-2,-3,-2,-3,-2,-2,-3,-1,-2,-2,-2,-3,-5,-2,-5,-2,0,2,0,1,0,-2,3,5,4,4,0,-3,-1,-1,-4,-2,3,2,-2,1,3,-2,0,1,3,2,-1,1,-2,3,0,5,0,0,-1,0,9,12,7,2,1,4,2,0,3,2,5
,Slovakia,48.669,19.699,-5,-5,-4,-4,-9,-9,-7,-6,-4,-3,-4,-3,-4,-6,-4,-3,-4,-5,-5,-6,-7,-5,-6,-7,-7,-4,-4,-5,-4,-2,1,1,2,0,-2,-7,-3,-6,-6,-3,-1,-3,-6,-2,-3,-3,-1,0,-4,-3,-4,-5,0,-2,-1,0,-3,-4,-6,-2,0,1,0,-4,-2,-1,-2,-2,-2,0,3
,Togo,8.6195,0.8248,18,15,15,17,18,19,22,21,20,22,21,23,21,19,20,19,18,19,19,20,21,20,19,19,17,16,18,20,18,17,18,19,18,15,17,18,19,20,20,20,22,20,18,18,19,19,18,20,19,19,20,21,22,21,20,19,19,21,22,21,22,21,21,22,22,21,21,23,22,22,22
,French Guiana,3.9339,-53.1258,18,19,19,21,20,20,21,21,20,19,19,20,20,20,21,21,20,21,21,21,20,19,19,19,21,21,20,21,21,21,21,20,18,20,20,21,19,19,18,19,19,21,20,20,19,21,21,20,20,20,20,21,21,22,21,20,19,18,18,19,20,20,20,19,20,19,20,20,19,19,19
,Malta,35.9375,14.3754,12,11,12,13,10,9,11,11,11,11,11,11,12,12,11,12,11,12,12,13,12,12,13,14,14,13,13,13,13,13,13,13,13,15,12,10,9,11,11,12,14,14,14,13,13,12,11,12,13,13,12,12,11,14,13,14,13,12,13,13,14,14,11,12,13,12,11,11,10,12,12
,Martinique,14.6415,-61.0242,23,24,23,23,23,23,23,24,24,24,24,24,23,23,24,24,23,23,23,23,23,23,23,23,23,22,22,23,23,23,23,24,23,23,23,23,24,24,23,23,24,23,23,24,24,24,24,23,24,23,23,23,22,22,23,24,23,23,22,23,23,22,23,24,23,23,23,23,23,23,23
,Bulgaria,42.7339,25.4858,-7,-6,0,-3,-6,-8,-7,-6,-3,1,-1,-2,-1,0,-2,-3,-5,-5,-6,-5,-3,-4,-4,-1,0,0,-1,0,-3,-3,3,3,3,2,-2,-7,-7,-12,-10,-4,-1,-2,-3,-2,0,-3,-3,-1,1,0,-1,-3,-3,2,-1,2,4,-3,-3,-3,0,5,5,0,-1,2,5,2,1,1,4
,Maldives,3.2028,73.2207,26,27,27,26,27,27,26,26,26,26,26,26,26,26,26,26,26,26,26,27,27,27,27,26,27,26,26,26,26,27,26,26,26,26,26,26,27,26,26,26,26,27,27,26,26,27,26,26,26,26,27,26,27,26,27,26,26,27,27,27,27,27,27,27,26,25,27,27,27,27,27
,Bangladesh,23.685,90.3563,16,17,15,15,13,11,12,15,13,13,13,13,12,13,13,15,14,16,16,12,11,12,12,10,11,12,13,14,14,16,13,13,10,10,12,14,13,17,17,13,12,13,12,13,16,15,14,15,15,16,16,16,15,17,18,17,15,15,16,17,17,19,19,19,19,19,18,19,16,18,20
,Paraguay,-23.4425,-58.4438,23,23,23,21,22,24,23,23,25,26,26,25,23,24,26,27,23,24,25,26,26,23,22,20,19,19,21,24,22,21,20,22,23,24,25,23,26,23,23,24,24,22,23,24,26,27,27,28,30,24,25,23,18,13,16,26,22,15,15,17,20,21,21,20,19,19,18,25,26,24,23
Ontario,Canada,51.2538,-85.3232,-21,-16,-13,-18,-19,-15,-18,-26,-28,-17,-28,-30,-28,-23,-19,-27,-29,-19,-22,-19,-12,-5,-15,-20,-10,-6,-11,-15,-19,-21,-14,-5,-8,-9,-18,-21,-30,-35,-30,-16,-14,-13,-27,-35,-32,-14,-24,-25,-17,-28,-22,-11,-4,-12,-13,-15,-24,-23,-20,-24,-16,-3,-12,-9,-20,-24,-11,-22,-22,-23,-20
Alberta,Canada,53.9333,-116.5765,-6,-8,-11,-6,-8,-12,-14,-16,-23,-23,-25,-31,-31,-35,-38,-33,-31,-32,-24,-4,-9,-5,-8,-3,-4,-9,-6,-10,-8,-4,-4,-2,-11,-17,-14,-7,-5,-8,-10,-7,-7,-3,-15,-11,-9,-14,-11,-21,-20,-13,-8,-5,-4,-12,-14,-11,-6,-2,-3,-4,-11,-2,-3,-5,-9,-10,-16,-19,-12,-8,-5
Quebec,Canada,52.9399,-73.5491,-12,-13,-13,-17,-20,-25,-17,-16,-29,-26,-17,-30,-29,-29,-20,-30,-33,-31,-32,-23,-21,-15,-11,-24,-20,-7,-17,-25,-27,-24,-20,-15,-9,-11,-12,-25,-20,-34,-33,-26,-23,-18,-21,-34,-38,-30,-11,-33,-23,-23,-33,-25,-8,-24,-17,-18,-28,-24,-15,-21,-22,-19,-13,-18,-24,-27,-26,-31,-37,-23,-24
,Albania,41.1533,20.1683,-1,0,1,2,0,-1,-1,0,0,2,4,3,2,2,2,1,1,2,1,0,1,0,1,3,6,7,6,7,4,0,5,3,5,5,1,-1,-3,-1,0,1,7,8,2,5,3,1,2,2,4,5,0,1,0,2,6,5,3,1,-1,0,5,8,7,4,3,8,7,5,4,3,5
,Cyprus,35.1264,33.4299,8,10,6,8,8,10,7,8,7,5,7,9,8,9,10,9,8,7,6,6,5,4,7,2,3,6,8,7,7,10,6,5,6,6,9,13,8,7,2,0,0,7,10,6,9,8,7,6,10,9,8,5,6,9,9,7,7,10,10,7,7,7,8,10,10,10,8,9,10,7,11
,Brunei,4.5353,114.7277,22,23,22,23,23,23,23,23,23,22,22,22,22,22,23,22,22,23,23,23,22,22,22,23,23,23,23,23,23,21,22,23,24,24,23,22,21,21,21,22,22,22,23,22,23,23,23,22,23,22,23,22,22,24,23,24,22,23,23,22,24,23,22,23,21,21,21,22,22,22,23
Washington,US,47.4009,-121.4905,4,0,0,0,0,0,2,0,-4,-4,-1,0,-3,-7,-8,-5,-3,-2,0,1,0,0,0,1,1,1,0,0,1,-1,0,4,-2,-3,-4,0,0,1,0,-2,-1,-1,0,-1,0,0,0,0,-5,-4,-3,-2,-2,0,0,-2,0,-1,0,0,-2,0,1,0,0,0,0,-1,-4,-2,1
New York,US,42.1657,-74.9481,-3,-4,1,2,-3,-4,-5,-4,-14,-5,3,11,-2,-1,0,0,-14,-14,-7,-15,-14,-12,-9,-4,-1,-1,-1,-3,-8,-12,-8,-2,-4,-2,0,-4,-3,1,-10,-9,-3,0,-4,0,-13,-18,-7,-5,-4,-3,-9,-12,-8,-6,-2,1,1,-1,-9,-9,-11,-4,3,0,-2,-2,-6,-5,1,6,-1
California,US,36.1162,-119.6816,3,6,2,2,5,3,1,4,4,3,0,1,0,1,0,1,1,0,2,4,6,6,5,5,6,6,5,4,6,2,3,3,3,1,-3,-3,-1,0,0,3,0,-1,0,1,2,2,3,3,3,1,1,3,9,4,5,3,3,4,7,7,7,2,1,2,5,6,7,4,5,7,9
Massachusetts,US,42.2302,-71.5301,0,-1,3,3,0,-4,-1,-1,-8,-5,7,14,0,0,2,0,-10,-11,-7,-9,-11,-11,-8,-3,0,2,0,0,-2,-8,-5,-1,0,-2,-1,1,-1,-1,-5,-8,0,1,0,0,-3,-13,-5,-2,-3,0,-6,-10,-5,-3,-1,3,3,4,-3,-5,-8,-5,6,5,1,-2,-2,-2,3,9,5
Diamond Princess,US,35.4437,139.638,4,4,4,3,3,5,4,7,5,5,4,5,5,5,4,4,4,2,3,3,3,4,7,6,3,4,3,8,8,7,5,6,5,5,4,2,-1,1,2,0,3,3,11,9,7,8,9,4,2,4,6,9,7,4,5,8,5,2,5,7,8,5,8,7,4,6,7,9,12,12,7
Grand Princess,US,37.6489,-122.6655,10,11,10,11,10,9,9,10,10,8,10,9,10,9,8,10,8,8,9,9,11,11,10,10,11,12,10,11,10,11,11,10,11,7,8,8,9,9,10,10,11,12,10,9,9,9,10,9,10,8,9,11,10,10,9,11,11,11,11,10,9,11,11,10,10,10,9,8,10,11,11
Georgia,US,33.0406,-83.6431,2,6,10,14,0,1,6,1,0,11,16,12,16,16,14,16,6,5,10,-2,-2,-4,2,7,2,1,6,1,2,2,5,4,2,3,9,15,17,5,0,0,3,14,12,18,4,0,3,6,11,14,6,2,-2,0,7,9,8,1,-1,1,0,5,13,12,9,7,0,0,4,12,10
Colorado,US,39.0598,-105.3111,-8,-9,-13,-7,-8,-10,-7,-7,-9,-12,-15,-13,-10,-8,-7,-8,-5,-11,-10,-12,-3,-5,-8,-8,-6,-7,-5,-12,-9,-13,-14,-6,-4,-8,-18,-22,-15,-10,-7,-8,-10,-16,-12,-16,-9,-8,-7,-6,-10,-12,-17,-12,-5,-3,-8,-13,-19,-9,-8,-6,-6,-6,-8,-7,-6,-5,-3,0,-3,-3,-2
Florida,US,27.7663,-81.6868,10,11,18,20,7,4,6,8,10,15,19,19,18,16,17,15,17,14,14,8,3,0,9,14,13,5,11,12,8,12,13,15,6,5,7,13,19,15,5,10,12,17,18,18,20,14,15,17,18,20,20,11,6,10,11,14,17,10,3,5,4,9,13,15,19,17,8,8,12,15,14
New Jersey,US,40.2989,-74.521,0,-4,4,7,1,-1,0,-1,-5,-2,7,17,2,0,4,3,-4,-7,0,-6,-9,-8,-7,-2,2,0,0,0,0,-5,-1,1,0,0,2,3,2,5,-1,-2,2,5,1,2,0,-11,-4,0,0,4,-3,-7,-5,-4,-2,5,6,3,-2,-3,-4,-1,6,5,1,0,1,-2,2,8,5
Oregon,US,44.572,-122.0709,3,0,2,0,-1,0,1,0,-4,-1,-1,-1,-3,-4,-8,-1,-6,0,1,1,0,0,3,2,1,1,0,1,0,0,4,3,-4,-7,-8,-2,2,1,-1,-6,-4,-2,-3,-1,-1,-1,0,-3,-7,-3,-2,-1,-2,0,-3,-2,0,-1,2,-1,-5,-2,1,1,2,0,-2,-5,-3,-3,0
Texas,US,31.0545,-97.5635,6,10,7,3,6,3,2,1,14,18,3,0,7,13,18,12,11,13,1,0,2,6,9,3,3,10,5,11,4,4,2,2,5,10,16,1,-2,0,2,14,11,4,4,2,-2,1,7,12,17,6,4,0,2,9,13,6,3,-2,1,4,12,16,16,14,7,6,5,7,15,14,17
Illinois,US,40.3495,-88.9861,-3,1,0,0,-4,-3,-3,-7,-2,8,2,-5,-2,0,0,-9,-8,-2,-16,-13,-10,-5,-1,0,0,-3,-3,-2,-2,-2,-1,0,0,0,1,-1,-3,-7,-3,-5,-3,-1,-3,-6,-21,-14,-8,-2,0,-6,-9,-11,-5,-1,1,1,-2,-6,-7,-9,-1,1,0,1,0,-1,-4,1,8,2,2
Pennsylvania,US,40.5908,-77.2098,-1,-4,3,5,0,0,-1,-3,-8,-4,2,12,0,0,1,4,-5,-6,-1,-9,-10,-9,-9,-4,1,0,0,0,-1,-6,-2,0,0,2,5,1,0,2,-2,-1,3,4,0,1,-4,-11,-3,-2,1,0,-3,-8,-3,-4,-1,2,5,-1,-4,-5,-5,-1,5,3,0,0,0,-1,1,9,0
Iowa,US,42.0115,-93.2105,-6,0,-1,-5,-3,-4,-3,-11,-4,-4,-11,-10,-6,-2,-8,-21,-16,-9,-20,-18,-20,-7,-1,-1,-3,-8,-4,-9,-9,-8,-3,-1,1,-3,-7,-9,-12,-7,-14,-8,-12,-6,-5,-24,-22,-11,-7,-1,-6,-11,-19,-13,-3,-2,-2,-1,-5,-4,-4,-9,1,-1,0,0,4,-2,0,5,6,-3,2
Maryland,US,39.0639,-76.8021,3,-4,6,9,2,-1,-2,-1,-5,-1,7,17,3,3,4,6,-1,-4,0,-5,-7,-7,-6,-1,6,1,0,2,2,-3,-1,-1,1,3,9,6,2,4,0,-3,4,7,3,3,1,-8,-2,0,1,5,-1,-5,-4,-4,-2,6,8,2,-1,-2,-6,-1,5,6,2,0,1,-1,4,13,5
North Carolina,US,35.6301,-79.8064,1,1,6,11,1,0,1,0,0,3,11,15,15,16,12,14,1,0,5,-3,-6,-5,-4,1,5,0,0,1,0,1,-1,2,1,5,11,14,14,9,-2,-1,0,11,8,12,3,-3,-1,1,3,8,3,-2,-6,-2,6,6,9,1,-3,0,-5,3,11,6,6,2,0,-2,1,11,10
South Carolina,US,33.8569,-80.945,3,4,9,15,1,3,4,0,1,8,14,17,17,17,14,17,5,2,12,0,-2,-2,0,6,6,1,7,2,1,4,3,4,2,6,9,13,16,8,0,0,1,15,14,17,7,1,4,7,10,14,6,1,-3,-1,8,9,13,3,0,2,-2,4,13,14,10,7,2,0,2,12,11
Tennessee,US,35.7478,-86.6923,0,5,9,4,-2,0,2,0,2,12,15,4,2,10,12,5,-1,7,-2,-7,-6,-7,1,5,1,-1,4,0,1,2,4,5,0,6,12,7,2,-1,-1,-2,8,4,3,4,-7,-8,4,2,11,1,1,-5,-6,0,4,7,4,-2,1,0,0,8,13,5,5,4,-2,0,7,12,6
Virginia,US,37.7693,-78.17,0,0,7,10,1,0,-2,-1,-4,0,8,16,6,5,5,9,-1,-2,2,-4,-7,-7,-7,0,8,0,-1,0,-1,-2,-3,-1,1,7,11,12,2,7,-2,-2,2,8,6,4,0,-7,-1,0,0,7,-1,-5,-7,-4,0,7,6,1,-1,-1,-5,1,7,5,5,0,1,-3,3,12,8
Arizona,US,33.7298,-111.4312,2,1,1,3,4,5,5,5,4,2,1,1,2,4,5,8,5,4,7,11,7,6,5,6,5,6,6,5,5,5,4,5,7,8,-2,-1,0,1,3,5,7,4,1,2,5,4,5,6,7,8,7,11,8,4,4,5,2,4,8,7,8,5,6,6,8,14,11,9,7,10,11
Indiana,US,39.8494,-86.2583,0,3,7,1,-3,-2,-1,-2,-2,6,12,0,1,0,0,-1,-6,0,-12,-10,-5,-7,0,2,0,0,-1,-1,0,0,0,0,0,1,10,0,-2,-4,-2,-4,0,0,-2,0,-16,-12,0,-2,4,-3,-5,-9,-5,-1,2,3,0,-5,-7,-8,-3,7,4,1,-1,0,-5,0,9,10,3
Kentucky,US,37.6681,-84.6701,1,1,8,5,0,-1,0,0,0,11,14,3,2,5,5,3,-4,1,-4,-9,-7,-9,0,3,0,0,2,-1,0,-1,1,2,0,5,11,1,2,-2,-3,-6,7,2,0,3,-7,-10,2,-1,9,-1,0,-8,-7,-3,4,7,5,-3,-1,-5,-5,7,10,1,1,3,-1,-2,4,12,7
District of Columbia,US,38.8974,-77.0268,4,0,7,10,3,1,0,0,-2,0,9,16,6,5,6,8,0,-3,1,-4,-5,-4,-3,1,7,2,2,4,4,-1,0,0,2,6,10,6,3,6,0,0,5,8,5,4,2,-6,0,4,4,6,1,-4,-2,-1,1,7,9,3,0,0,-2,3,7,8,5,3,3,2,6,12,8
Nevada,US,38.3135,-117.0554,-3,-4,-4,-2,-4,-6,-4,-3,-4,-9,-4,-5,-4,-4,-6,-2,-5,-5,-3,0,-1,-1,-2,0,-1,0,-1,-1,-1,-2,-3,-1,0,-8,-12,-9,-2,-3,-1,-4,-6,-6,-4,-5,-3,-2,1,-2,-6,-3,-3,-2,1,-1,0,-2,-2,-1,0,2,0,-5,-2,0,0,2,4,1,0,0,2
New Hampshire,US,43.4525,-71.5639,-2,-3,-1,0,-1,-8,-7,-3,-12,-11,0,10,-3,-3,0,-1,-15,-16,-10,-12,-16,-15,-14,-7,0,0,0,0,-4,-12,-11,-1,-1,-4,-3,0,-5,-2,-10,-20,-4,-2,-1,-1,-12,-20,-9,-7,-8,-5,-15,-18,-15,-9,-8,-1,0,2,-4,-8,-10,-10,0,4,0,-4,-3,-5,-2,2,0
Minnesota,US,45.6945,-93.9002,-13,-4,-5,-8,-6,-9,-8,-23,-13,-13,-24,-16,-11,-4,-12,-28,-23,-8,-18,-19,-21,-9,-1,-4,-5,-8,-7,-13,-12,-11,-5,-8,-1,-3,-18,-17,-14,-10,-23,-14,-15,-8,-8,-28,-28,-11,-17,-11,-13,-22,-26,-15,-13,-7,-9,-8,-13,-13,-14,-15,-5,-5,-3,-9,0,-9,-3,0,-3,-8,-5
Nebraska,US,41.1254,-98.2681,-6,-2,-2,-8,1,-3,-4,-5,-1,-4,-16,-9,-6,-8,-7,-17,-8,-9,-14,-16,-17,-1,0,-4,-6,-2,-3,-2,-1,0,-1,-3,0,-1,-6,-7,-8,-4,-7,-1,-6,-5,-3,-18,-11,-5,-1,1,-5,-6,-16,-6,-3,-2,-2,-1,-6,-3,-1,-1,1,-1,0,0,3,-3,3,6,0,-2,0
Ohio,US,40.3888,-82.7649,-1,0,6,3,-2,0,-2,-2,-6,6,10,1,2,0,0,1,-6,-2,-9,-11,-12,-10,-3,2,1,-1,-1,0,-1,-2,-2,-2,0,0,10,-1,-1,-3,-5,-3,0,-1,-4,0,-11,-13,0,-5,3,-4,-6,-11,-6,-4,-1,3,0,-6,-8,-8,-8,5,7,0,-3,0,-3,-2,5,10,3
Rhode Island,US,41.6809,-71.5118,0,-1,4,5,1,-3,0,-1,-7,-4,7,13,1,1,3,0,-8,-10,-4,-8,-10,-10,-6,-2,0,3,0,0,-2,-6,-4,0,0,-1,0,2,0,0,-4,-6,1,4,0,1,-1,-12,-5,-2,-2,2,-5,-9,-4,-3,0,4,5,5,-2,-4,-7,-4,7,6,1,0,-1,-2,4,7,6
Wisconsin,US,44.2685,-89.6165,-12,0,-2,-6,-6,-6,-2,-17,-10,-6,-8,-14,-7,-3,-7,-18,-20,-5,-16,-14,-17,-8,-3,-2,0,-2,-4,-6,-9,-9,-5,-1,0,-3,-7,-14,-13,-11,-10,-12,-20,-8,-9,-17,-27,-15,-12,-8,-6,-20,-24,-16,-8,-3,-6,-3,-6,-11,-16,-15,-4,-1,-5,-5,-2,-6,-7,1,6,-5,0
Connecticut,US,41.5978,-72.7554,0,-2,3,4,0,-1,-1,-1,-8,-4,6,13,0,1,3,0,-8,-10,-4,-9,-11,-12,-9,-4,0,0,0,0,-2,-7,-5,0,0,0,0,2,0,0,-3,-6,0,3,0,0,-4,-13,-5,-3,-2,1,-5,-9,-5,-4,-2,3,5,5,-3,-4,-7,-3,5,5,1,-1,0,-2,4,7,3
Hawaii,US,21.0943,-157.4983,23,23,22,23,23,23,23,22,23,23,23,23,23,23,23,22,22,21,21,22,22,22,22,22,22,23,22,23,23,23,22,23,22,22,22,22,20,21,20,20,19,21,21,22,23,22,22,22,22,22,22,22,22,22,22,22,22,22,21,21,21,21,22,22,22,22,21,21,21,21,22
Oklahoma,US,35.5653,-96.9289,1,5,3,0,2,0,0,2,11,14,-5,-3,1,9,11,-2,1,3,-2,-4,-4,0,2,1,-1,1,2,3,0,0,0,-1,5,11,1,-1,-6,-2,0,9,0,1,2,-6,-7,2,3,7,3,-1,1,-7,0,6,7,2,0,-4,-1,1,12,6,3,6,1,0,1,6,13,2,15
Utah,US,40.15,-111.8624,-3,-1,-1,-4,-5,-3,-4,0,-2,-5,-6,-2,-3,0,-6,-3,0,-5,-7,-4,2,1,0,-1,0,-1,1,-1,0,-1,-4,-3,0,-5,-8,-10,-5,2,0,-2,-6,-6,-3,-3,-2,-2,2,0,-5,-5,-8,-6,-2,0,-1,-4,-6,-3,-2,2,1,-1,-3,-2,0,3,5,6,3,2,3
,Burkina Faso,12.2383,-1.5616,14,11,10,12,14,16,18,20,18,20,20,19,17,18,18,18,16,16,16,18,20,21,20,18,18,16,17,16,16,17,18,16,15,15,15,17,16,15,17,21,22,22,20,16,16,17,17,18,18,18,20,21,24,21,20,18,18,20,19,19,19,20,21,22,20,18,19,22,23,24,24
,Holy See,41.9029,12.4534,0,1,3,3,0,0,1,0,1,2,2,1,4,2,2,1,6,4,5,4,3,2,2,9,7,4,8,7,4,8,8,9,8,8,5,5,0,0,3,8,9,7,5,9,3,2,3,4,5,4,1,3,4,9,9,9,2,10,3,10,9,9,4,2,11,4,4,2,2,4,5
,Mongolia,46.8625,103.8467,-12,-12,-11,-12,-15,-18,-19,-19,-20,-17,-22,-21,-19,-17,-16,-15,-17,-14,-15,-15,-16,-18,-16,-14,-12,-12,-16,-16,-14,-20,-22,-22,-18,-18,-17,-15,-16,-12,-8,-5,-5,-9,-18,-22,-18,-15,-13,-16,-14,-12,-16,-13,-8,-10,-12,-11,-15,-13,-10,-14,-17,-22,-15,-9,-13,-6,-12,-16,-14,-7,-18
,Panama,8.538,-80.7821,18,18,17,18,18,18,18,18,19,18,18,19,19,19,18,19,20,20,19,19,19,18,18,18,18,17,16,17,17,17,17,18,19,18,19,18,17,17,17,18,18,18,19,18,18,19,19,19,19,19,19,18,17,18,17,16,17,17,19,18,18,18,18,18,18,18,17,18,18,18,18
Kansas,US,38.5266,-96.7265,-2,0,-1,-4,1,-3,-2,-2,9,1,-11,-7,-5,0,3,-10,-4,-4,-7,-11,-13,0,1,-2,-5,-2,-1,-1,-2,-2,-1,-4,2,9,-2,-3,-8,-4,-6,3,-5,-2,0,-14,-16,-5,-4,3,-2,-3,-8,-10,0,3,4,0,-3,-3,-1,-2,7,0,1,2,3,-2,3,6,10,0,4
Louisiana,US,31.1695,-91.8678,1,10,13,6,1,7,7,0,7,17,16,3,8,16,18,16,11,15,2,1,-1,0,6,4,0,9,8,4,10,8,7,5,2,9,17,19,6,-1,6,9,16,14,9,6,1,0,11,12,16,8,7,0,-2,2,12,9,9,0,0,1,8,15,18,18,11,7,2,4,12,17,16
Missouri,US,38.4561,-92.2884,-1,3,2,0,0,-3,0,-1,5,11,-1,-5,-2,1,7,-6,-3,0,-10,-11,-11,-4,0,0,-1,-2,-2,-2,-2,-2,0,-2,3,5,2,-1,-4,-7,-5,-1,-2,-1,0,-11,-16,-4,-2,3,0,-4,-5,-9,-5,2,5,1,0,-4,-3,-3,5,4,2,3,1,0,-1,3,9,2,3
Vermont,US,44.0459,-72.7107,-4,-6,0,0,-6,-11,-7,-5,-16,-11,1,4,-7,-4,0,-2,-19,-19,-12,-16,-18,-12,-8,-6,-2,-1,-3,-4,-8,-15,-11,-4,-6,-5,-4,-6,-8,-3,-15,-21,-7,-4,-5,-3,-18,-22,-8,-7,-13,-4,-15,-20,-10,-7,-4,0,-1,0,-10,-10,-14,-11,1,0,-2,-4,-9,-7,1,4,-3
Alaska,US,61.3707,-152.4044,-22,-28,-28,-28,-28,-29,-29,-30,-24,-25,-23,-21,-18,-22,-22,-22,-22,-23,-21,-18,-19,-23,-26,-27,-28,-30,-29,-26,-24,-21,-24,-28,-26,-19,-15,-15,-16,-16,-17,-14,-23,-22,-18,-20,-18,-19,-19,-19,-14,-15,-17,-16,-22,-27,-25,-22,-18,-17,-21,-22,-17,-21,-27,-30,-26,-20,-20,-17,-19,-25,-24
Arkansas,US,34.9697,-92.3731,0,7,11,3,0,1,2,0,6,14,9,-1,0,5,10,6,0,6,0,-3,-4,-2,0,2,-1,5,4,2,3,3,2,1,3,9,15,3,1,-2,0,6,11,4,2,2,-6,-4,5,10,12,1,2,-4,-4,4,7,6,3,-2,1,1,10,15,9,10,7,6,0,2,13,9,7
Delaware,US,39.3185,-75.5071,2,-3,6,7,2,0,0,-1,-4,-1,7,16,5,2,5,6,-2,-5,1,-5,-7,-6,-5,-1,5,0,0,1,1,-3,-1,0,1,0,7,4,2,5,0,-1,3,7,2,3,2,-8,-2,1,1,5,-1,-5,-4,-3,0,6,6,3,-1,-2,-3,0,5,6,3,1,1,-2,4,10,6
Idaho,US,44.2405,-114.4788,-2,-3,-7,-9,-12,-8,-5,-3,-11,-18,-8,-9,-11,-11,-20,-11,-4,-15,-13,-10,-8,-11,-5,-6,-10,-8,-5,-8,-7,-9,-11,-8,0,-10,-22,-11,-3,1,-1,-12,-7,-15,-7,-13,-8,-9,-4,-11,-19,-20,-20,-16,-13,-12,-6,-16,-10,-12,-10,-5,-7,-13,0,-4,-8,-4,-2,-4,-4,-5,-6
Maine,US,44.6939,-69.3819,-4,-2,-1,-1,0,-11,-9,-6,-10,-10,0,0,-9,-6,-5,-1,-14,-18,-11,-12,-18,-13,-11,-6,-4,0,0,-2,-7,-12,-10,-5,-4,-6,-3,-3,-8,-4,-11,-20,-9,-7,-5,-1,-13,-23,-10,-7,-15,-3,-16,-21,-11,-8,-7,0,0,1,-5,-7,-11,-12,0,3,-1,-3,-7,-5,-1,-1,0
Michigan,US,43.3266,-84.5361,-5,0,0,-1,-1,-1,-1,-6,-9,4,0,-8,-5,-1,-2,-1,-8,-5,-7,-14,-13,-8,-4,0,0,0,-2,-2,-4,-3,-2,-2,0,-2,0,-7,-4,-5,-8,-6,-3,-5,-5,-4,-17,-15,-3,-10,-1,-8,-13,-11,-4,-1,-1,-1,-3,-6,-8,-8,-6,0,-3,0,-4,0,-6,0,7,3,0
Mississippi,US,32.7416,-89.6787,0,9,13,6,0,5,5,0,3,15,18,5,7,15,17,15,7,12,1,-2,-3,-2,2,3,0,3,8,1,7,1,6,5,1,7,15,18,4,0,4,6,14,10,8,8,0,-1,7,8,15,6,5,-1,-3,2,9,7,7,0,0,1,4,13,16,13,9,6,1,3,9,15,15
Montana,US,46.9219,-110.4544,0,-3,-7,0,-7,-7,-3,-1,-10,-16,-6,-7,-14,-15,-16,-10,-7,-10,-5,-1,0,-4,-4,0,-2,-3,-2,-5,-4,-4,-2,4,-5,-12,-14,-8,-3,-7,-5,-13,-9,-10,-12,-10,-3,-7,-4,-9,-13,-15,-10,-3,-2,-5,-6,-12,-6,-4,0,0,-8,-5,-2,0,-7,3,3,-5,-4,-5,1
New Mexico,US,34.8405,-106.2485,-6,-3,-7,-4,-1,-2,-4,-5,-1,-2,-8,-3,-2,-2,0,-3,-1,-5,-3,-4,1,1,0,-2,0,0,0,-2,-4,-4,-3,-3,-1,2,-2,-11,-8,1,0,3,1,-6,-5,-7,-4,0,0,1,0,0,-3,-4,0,3,0,-3,-9,-2,0,0,2,0,0,0,0,-1,1,7,2,4,6
North Dakota,US,47.5289,-99.784,-5,-4,-4,-14,-2,-8,-15,-23,-13,-24,-24,-18,-14,-25,-25,-31,-22,-21,-26,-26,-13,-8,-7,-13,-14,-5,-11,-8,-6,-7,-8,-6,0,-10,-14,-10,-9,-27,-15,-11,-7,-10,-23,-29,-20,-10,-17,-7,-18,-27,-22,-7,-6,-3,-10,-8,-13,-13,-7,-3,-1,-11,-3,-5,-2,-5,-3,-4,-13,-6,-2
South Dakota,US,44.2998,-99.4388,-7,-1,-2,-10,0,-6,-6,-12,-7,-11,-22,-16,-10,-17,-21,-25,-12,-18,-23,-23,-16,-5,-5,-9,-10,-5,-6,-5,-2,-2,-3,-4,1,-4,-12,-10,-8,-15,-14,-6,-9,-11,-3,-28,-20,-4,-9,-6,-12,-20,-20,-9,-6,-3,-8,-5,-11,-7,-3,-4,0,-7,0,-1,0,-2,2,4,-3,-4,-1
West Virginia,US,38.4912,-80.9545,0,0,9,9,0,1,-1,0,-4,5,12,7,5,6,4,5,-4,0,0,-8,-6,-9,-1,3,3,0,0,0,-1,0,1,3,1,5,10,1,6,0,-3,0,6,8,0,6,-4,-8,1,0,7,0,-1,-7,-6,-3,1,7,6,-3,-1,-6,-5,4,8,2,0,4,-1,-3,4,12,8
Wyoming,US,42.756,-107.3025,-9,-8,-12,-7,-12,-12,-8,-7,-11,-17,-14,-13,-13,-12,-12,-12,-4,-13,-10,-10,-3,-7,-11,-6,-7,-8,-4,-12,-6,-10,-10,-4,-4,-14,-19,-20,-14,-11,-11,-13,-13,-17,-12,-15,-10,-15,-10,-11,-17,-19,-20,-15,-10,-10,-9,-15,-16,-10,-9,-6,-8,-13,-9,-7,-10,-4,-3,-1,-6,-4,-3
Hubei,China,30.9756,112.2707,0,4,0,5,3,2,2,1,1,1,-1,2,2,2,0,-2,-1,0,1,4,4,3,5,2,2,0,-1,0,1,1,3,5,5,1,3,2,0,0,1,4,4,7,7,12,2,0,0,0,3,2,9,4,6,11,13,10,9,3,4,6,5,2,4,3,7,6,9,11,5,6,8
,Iran,32,53,-1,0,0,0,-2,-2,-1,3,2,0,-2,-4,-1,-4,-3,-2,4,3,0,-1,-1,4,-3,-2,-1,-3,-4,-3,0,-3,0,2,-4,-3,-1,-1,-1,7,8,4,0,-7,-4,-1,0,-2,4,4,4,11,2,4,2,6,13,14,3,1,4,5,9,2,1,0,1,2,6,4,-2,0,1
,"Korea, South",36,128,-5,-2,-4,-5,-2,1,2,-2,-5,-3,-1,-2,-3,-5,-5,-4,-2,-3,0,-5,0,1,0,3,0,3,2,1,0,0,-4,-3,-3,-7,-8,-11,-6,-3,-7,-2,-2,3,5,1,2,1,-4,-7,-6,-1,0,4,-1,-2,3,3,1,0,0,0,0,0,1,-3,-6,0,0,1,6,0,-3
France,France,46.2276,2.2137,4,3,4,-1,-2,2,7,6,6,-2,-3,3,6,6,3,8,0,0,-1,-4,-4,0,0,1,2,5,5,5,2,10,8,10,11,3,0,-1,-2,0,5,9,6,1,0,5,-1,10,9,1,4,1,0,-1,1,5,4,1,1,-2,7,5,5,0,0,6,2,2,1,3,4,9,7
Guangdong,China,23.3417,113.4244,13,13,14,14,17,16,14,13,15,16,9,9,13,10,15,8,10,10,10,12,14,17,17,15,9,5,5,5,4,4,6,11,13,11,12,13,14,10,9,7,14,15,17,17,19,7,6,5,6,11,12,14,15,14,16,17,19,16,17,18,17,17,15,12,16,17,19,20,14,14,15
Henan,China,33.882,113.614,0,1,-1,4,1,0,-2,0,0,1,-4,-1,-2,-2,-1,-5,-2,0,0,-1,-1,0,3,0,1,-2,-3,-1,-1,-3,1,1,0,-1,0,0,-2,-2,0,4,3,3,6,7,0,-3,-2,-3,1,0,7,1,2,8,4,5,5,0,0,3,5,0,0,0,3,5,6,10,3,2,7
Zhejiang,China,29.1832,120.0934,3,6,7,8,10,11,4,0,5,5,3,-2,3,1,4,2,1,1,0,1,5,7,7,5,4,3,0,0,-2,-2,-2,0,4,4,2,2,2,3,0,0,7,9,10,10,13,0,-3,-3,-2,2,3,8,4,6,11,12,7,7,9,8,5,6,6,3,2,8,10,12,8,3,8
Hunan,China,27.6104,111.7088,4,3,4,5,7,4,2,3,2,1,-1,0,4,3,1,0,1,0,3,5,5,5,5,2,2,0,-1,0,1,1,5,6,5,3,5,8,2,3,3,5,7,8,12,13,4,0,0,3,6,4,9,7,7,11,14,13,11,9,7,8,8,6,5,6,8,10,11,12,7,8,10
Anhui,China,31.8257,117.2264,3,5,6,6,8,4,1,1,3,3,0,0,0,0,0,0,0,0,0,2,4,5,5,2,2,1,0,0,0,0,0,3,3,2,3,3,3,2,0,2,7,4,8,11,2,-3,-3,-1,4,3,5,3,5,13,15,8,4,7,6,6,4,4,5,4,6,6,9,10,7,5,9
Jiangxi,China,27.614,115.7221,8,8,8,8,12,17,3,3,5,4,2,0,4,5,3,2,2,2,1,5,8,8,8,6,5,2,2,0,0,0,2,7,7,6,5,9,6,5,4,3,6,11,12,14,14,1,0,0,2,3,8,8,7,12,17,16,11,11,10,10,6,9,8,6,8,12,13,17,9,6,11
Shandong,China,36.3427,118.1498,-5,-4,-2,0,0,0,-8,-6,-4,-4,-8,-5,-9,-9,-4,-7,-6,-4,-5,-4,-2,-1,-2,-3,-3,-3,-4,-5,-6,-5,-2,-2,-6,-2,-9,-6,-4,-2,-3,0,2,1,4,7,-6,-10,-8,-5,-1,-1,2,-2,-1,4,4,0,-3,0,0,1,-2,0,-4,-6,0,2,1,3,0,-1,7
Diamond Princess,Cruise Ship,35.4437,139.638,4,4,4,3,3,5,4,7,5,5,4,5,5,5,4,4,4,2,3,3,3,4,7,6,3,4,3,8,8,7,5,6,5,5,4,2,-1,1,2,0,3,3,11,9,7,8,9,4,2,4,6,9,7,4,5,8,5,2,5,7,8,5,8,7,4,6,7,9,12,12,7
Jiangsu,China,32.9711,119.455,3,6,4,3,8,7,0,1,3,2,-1,1,0,-2,0,0,0,0,0,0,4,4,3,2,3,2,0,0,-1,-3,-1,1,2,0,0,0,2,3,0,3,6,5,4,10,4,-3,-3,-3,0,0,4,4,1,8,11,4,1,5,5,5,1,2,4,0,1,6,5,9,6,4,5
Chongqing,China,30.0572,107.874,4,8,7,7,8,8,7,7,6,5,1,2,5,6,5,3,5,6,4,7,7,8,7,6,5,2,3,4,2,5,6,6,6,2,2,7,4,7,8,9,6,6,6,9,5,4,1,4,6,4,7,5,8,9,8,9,12,12,8,10,10,8,8,5,7,7,9,12,9,10,9
Sichuan,China,30.6171,102.7103,-2,-3,-4,-3,-4,-4,-5,-3,-4,-6,-5,-2,-3,-3,-5,-6,-4,-9,-7,-4,-3,-5,-6,-9,-9,-9,-9,-8,-7,-8,-6,-6,-8,-6,-6,-6,-6,-6,-7,-5,-4,-3,-1,-2,-4,-9,-7,-7,-5,-3,-4,-2,-2,0,0,-1,0,0,-1,1,-1,-3,-4,-5,-1,-1,0,0,-4,-4,-1
Heilongjiang,China,47.862,127.7615,-26,-27,-25,-24,-22,-11,-17,-19,-17,-19,-24,-21,-23,-23,-22,-26,-23,-18,-20,-21,-20,-22,-22,-25,-25,-19,-18,-17,-19,-23,-22,-22,-26,-27,-28,-28,-27,-26,-19,-21,-15,-4,-10,-19,-22,-20,-21,-21,-16,-17,-17,-13,-20,-10,-15,-14,-15,-14,-9,-13,-10,-11,-8,-15,-14,-8,-7,-11,-15,-12,-7
UK,United Kingdom,55.3781,-3.436,3,1,2,4,4,3,2,0,-2,3,1,1,1,1,2,1,0,-1,0,2,5,3,4,3,3,0,-1,0,4,4,4,0,2,0,0,0,-1,1,4,0,0,0,-2,0,1,1,1,0,0,2,0,1,0,0,0,-1,-1,0,1,0,0,0,-1,-2,-2,0,3,2,4,1,0
Denmark,Denmark,56.2639,9.5018,2,4,3,-1,5,4,5,3,4,0,6,3,4,6,5,4,4,3,3,5,4,2,5,3,4,4,4,2,3,6,7,4,1,2,-1,4,3,0,4,5,2,2,2,2,2,7,4,3,3,2,3,5,3,2,2,0,-2,0,1,2,2,3,0,0,0,-2,3,3,3,4,5
Beijing,China,40.1824,116.4142,-11,-8,-5,-6,-2,-2,-4,-7,-7,-8,-6,-8,-9,-10,-8,-7,-6,-5,-5,-8,-6,-4,-5,-7,-6,-2,-1,-2,-4,-5,-4,-1,-8,-7,-9,-7,-9,-7,-6,-3,-3,-1,0,0,-5,-4,-3,-3,-1,-2,-2,0,-4,0,4,-1,0,-2,0,0,-2,0,-3,-5,-1,1,2,5,0,-1,2
Shanghai,China,31.202,121.4491,6,7,8,8,12,13,3,4,6,6,2,1,2,1,5,4,1,2,1,2,7,7,7,7,7,6,2,2,1,0,0,3,6,5,3,4,4,4,1,2,7,9,7,10,12,-2,0,0,1,5,6,6,4,10,14,8,5,7,8,8,6,6,7,4,3,9,7,11,8,4,9
Hebei,China,39.549,116.1306,-12,-9,-7,-7,-2,-1,-6,-8,-7,-6,-7,-8,-10,-10,-8,-7,-8,-6,-4,-8,-7,-6,-5,-8,-7,-3,-2,-2,-5,-6,-4,-1,-7,-5,-9,-6,-7,-8,-6,-4,-4,-2,-1,0,-6,-4,-5,-5,-3,-3,-1,-2,-4,0,3,-1,0,-3,0,0,-3,0,-3,-5,-1,0,1,4,0,-2,2
Fujian,China,26.0789,117.9874,5,8,10,12,10,11,6,5,7,9,4,3,4,8,6,4,4,5,3,5,7,11,13,12,9,2,2,0,-1,-1,0,2,5,6,7,4,7,6,5,2,7,12,12,10,13,2,0,-1,0,3,5,9,8,8,11,12,13,10,13,14,11,10,11,7,6,11,14,14,11,6,9
Guangxi,China,23.8298,108.7881,15,16,14,13,16,16,13,16,17,7,5,7,9,8,9,5,6,6,8,9,15,17,14,8,4,3,3,5,5,5,9,10,9,8,9,10,10,8,7,7,12,16,16,18,18,4,6,5,8,12,14,11,13,14,15,15,17,18,18,18,14,14,9,9,12,17,19,19,13,13,14
Shaanxi,China,35.1917,108.8701,-6,-3,-3,-1,-3,-2,-6,-2,-2,-7,-5,-6,-9,-5,-4,-7,-5,-7,-6,-4,-3,-2,-1,-3,-2,-4,-6,-6,-5,-4,0,-3,-6,-4,-4,-2,-3,-3,-3,-1,0,0,0,-1,-9,-9,-7,-4,-1,1,-4,-3,-2,2,2,2,2,0,0,1,0,0,-1,-2,1,0,4,3,-2,0,2
Yunnan,China,24.974,101.487,4,5,8,5,8,0,3,4,6,4,0,0,3,4,2,1,1,2,3,4,3,3,3,1,-1,-2,0,0,1,2,3,2,2,0,0,4,1,2,5,8,5,2,2,1,2,3,1,5,6,2,3,7,8,6,4,5,9,7,6,4,5,6,5,4,8,7,8,6,4,7,10
Hainan,China,19.1959,109.7453,15,15,15,14,14,15,14,14,15,14,14,13,13,13,12,15,14,15,14,13,14,14,15,15,11,10,10,9,7,7,9,11,12,13,14,14,14,15,13,12,13,13,16,18,19,13,10,10,11,14,13,14,11,14,13,15,15,15,16,16,16,16,16,14,16,16,17,19,19,16,18
Guizhou,China,26.8154,106.8748,7,4,4,10,12,2,8,5,3,0,-1,1,1,1,0,0,0,0,3,6,6,4,3,0,-1,-2,-2,-2,-1,3,3,3,2,1,3,3,2,2,1,3,6,7,9,9,4,-1,0,0,3,4,4,5,8,10,10,12,13,13,11,9,7,4,3,3,8,8,11,9,5,6,7
Tianjin,China,39.3054,117.323,-13,-10,-8,-7,-1,-1,-4,-7,-6,-6,-6,-7,-10,-10,-8,-6,-7,-4,-5,-6,-4,-5,-5,-8,-8,-3,-2,-1,-7,-6,-6,-2,-8,-7,-9,-6,-7,-7,-6,-4,-3,0,2,0,-7,-6,-6,-6,-4,-4,1,-1,-1,0,2,-2,0,0,0,0,-2,0,-4,-3,3,1,1,4,0,0,4
Shanxi,China,37.5777,112.2922,-8,-6,-6,-2,-6,-2,-7,-5,-5,-6,-9,-10,-13,-11,-6,-10,-10,-9,-10,-7,-8,-7,-4,-6,-4,-3,-5,-6,-8,-8,-6,-4,-10,-7,-7,-6,-5,-5,-5,-5,-4,-3,-1,1,-9,-9,-8,-7,-5,-4,-2,-6,-4,1,0,0,1,0,0,0,-1,-3,-4,-4,0,-1,1,2,-2,-3,1
Gansu,China,37.8099,101.0583,-17,-16,-17,-14,-18,-19,-18,-16,-16,-21,-19,-20,-15,-14,-18,-22,-20,-21,-20,-19,-19,-19,-19,-21,-25,-25,-23,-25,-25,-25,-19,-27,-26,-23,-22,-23,-21,-21,-21,-20,-21,-19,-13,-23,-27,-21,-21,-20,-19,-21,-17,-17,-15,-15,-17,-15,-12,-17,-15,-14,-17,-16,-20,-17,-18,-15,-13,-16,-20,-20,-18
Hong Kong,China,22.3,114.2,16,17,17,17,18,18,18,17,17,18,13,14,16,17,17,14,14,15,13,16,17,19,19,18,14,10,9,10,11,12,15,16,17,15,16,16,16,15,13,14,16,18,18,19,19,11,9,11,14,16,16,16,17,18,18,19,19,18,19,19,19,17,18,16,17,18,20,20,19,18,18
Liaoning,China,41.2956,122.6085,-19,-15,-15,-16,-8,-8,-10,-13,-12,-14,-15,-15,-17,-17,-14,-17,-15,-8,-10,-10,-3,-6,-12,-14,-17,-15,-8,-11,-13,-18,-13,-11,-14,-14,-18,-21,-9,-14,-12,-8,-3,3,2,-5,-9,-9,-13,-14,-8,-8,-1,-6,-5,-3,0,-5,-7,-1,-2,-3,-6,-4,-5,-9,-1,2,-1,0,-4,-6,2
Jilin,China,43.6661,126.1923,-20,-17,-15,-17,-13,-7,-10,-15,-17,-18,-20,-17,-22,-22,-19,-21,-17,-10,-14,-17,-7,-10,-19,-19,-21,-17,-14,-17,-21,-23,-18,-20,-20,-22,-29,-28,-17,-22,-19,-19,-9,0,-1,-12,-14,-13,-20,-19,-12,-12,-6,-6,-10,-8,-10,-12,-13,-10,-9,-11,-10,-12,-6,-12,-8,-1,-1,-2,-8,-8,-3
,Czechia,49.8175,15.473,-4,-4,1,-1,-4,-4,-1,2,0,2,-2,0,-1,-1,0,0,0,0,-1,-6,-6,-1,-4,-5,-3,-1,0,0,0,1,7,4,6,3,0,-3,0,-3,-2,2,2,0,0,3,0,1,5,4,2,0,2,0,7,1,4,3,0,0,-1,3,3,5,0,-1,3,2,-1,0,1,6,7
Xinjiang,China,41.1129,85.2401,-11,-13,-12,-10,-13,-11,-9,-10,-13,-11,-10,-8,-7,-7,-8,-7,-5,-5,-8,-8,-9,-6,-8,-9,-10,-10,-10,-10,-9,-8,-10,-10,-10,-9,-9,-9,-8,-8,-8,-7,-8,-6,-3,-2,-2,-6,-4,-7,-4,-6,-6,-5,-5,-2,0,-1,-1,3,1,0,0,-1,0,0,0,2,4,-5,-5,-4,0
Inner Mongolia,China,44.0935,113.9448,-22,-20,-19,-18,-16,-19,-20,-21,-19,-23,-23,-23,-21,-21,-23,-21,-14,-16,-18,-11,-16,-18,-20,-18,-18,-17,-14,-16,-18,-17,-22,-17,-21,-27,-28,-24,-22,-20,-14,-10,-6,-10,-10,-14,-17,-20,-17,-16,-16,-15,-12,-15,-9,-9,-8,-15,-11,-15,-9,-10,-9,-16,-18,-13,-10,-12,-3,-13,-15,-9,-11
Ningxia,China,37.2692,106.1655,-8,-8,-4,-4,-7,-6,-6,-7,-7,-11,-9,-13,-9,-6,-9,-11,-7,-8,-10,-6,-8,-8,-6,-7,-6,-6,-8,-9,-8,-7,-5,-9,-7,-8,-6,-7,-6,-6,-7,-3,-3,-2,-3,-7,-16,-15,-11,-8,-4,-3,-4,-5,0,2,-2,1,2,0,1,-2,0,-6,-4,2,2,0,2,-3,-6,-2,0
,Taiwan*,23.7,121,7,7,7,9,11,11,9,8,7,8,7,7,4,6,7,7,7,6,5,8,9,11,9,11,11,7,7,4,4,0,1,3,4,6,6,7,8,8,6,5,7,9,10,11,11,11,10,5,4,5,7,8,10,9,10,10,10,10,10,9,10,9,9,11,9,10,11,11,12,10,10
,Vietnam,16,108,16,15,14,14,12,14,15,15,13,14,13,14,12,12,12,15,13,13,12,13,13,13,16,15,15,13,13,13,12,9,12,12,12,13,13,12,12,14,14,13,14,15,16,16,16,17,14,11,12,12,13,13,13,10,11,14,15,14,15,16,17,16,16,16,15,16,17,18,19,18,16
,Russia,60,90,-13,-8,-16,-9,-6,-9,-10,-15,-18,-18,-18,-16,-15,-10,-9,-9,-8,-18,-20,-20,-31,-23,-14,-5,-9,-10,-8,-8,-22,-25,-32,-31,-24,-19,-18,-10,-5,-13,-5,-18,-19,-14,-14,-15,-11,-17,-14,-8,-8,-7,-4,-7,-6,-16,-17,-17,-18,-10,-8,-15,-10,-8,-10,-3,-13,-23,-17,-3,-8,-9,-4
Qinghai,China,35.7452,95.9956,-23,-25,-22,-22,-23,-28,-22,-20,-21,-29,-26,-25,-18,-16,-22,-20,-18,-21,-22,-24,-24,-24,-26,-28,-27,-26,-28,-30,-26,-22,-28,-30,-31,-31,-27,-24,-25,-23,-27,-27,-29,-27,-24,-22,-28,-26,-22,-23,-22,-21,-26,-26,-18,-20,-23,-18,-16,-25,-22,-17,-18,-21,-25,-23,-25,-20,-17,-21,-24,-22,-22
Macau,China,22.1667,113.55,17,17,17,18,19,19,19,18,18,18,13,16,17,18,18,13,14,16,14,16,17,18,19,19,12,10,9,10,12,13,15,16,16,14,15,16,17,16,14,15,16,17,18,18,19,11,9,12,14,14,16,15,17,17,18,18,19,18,18,19,20,18,19,16,17,19,20,20,19,18,18
,Moldova,47.4116,28.3699,-5,-3,-6,0,-1,-7,-8,-7,-4,-2,0,-4,-3,-4,-1,-4,-4,-5,-6,-2,0,0,-4,-5,-4,-4,-1,0,-2,-1,4,5,4,0,5,-3,-1,-7,-7,-3,1,1,0,-3,1,-3,1,0,0,1,0,0,0,8,0,3,4,-1,0,2,4,5,5,7,5,6,7,7,7,4,4
,Bolivia,-16.2902,-63.5887,21,21,22,23,23,24,22,22,23,23,24,23,22,22,22,23,22,23,24,23,24,22,22,23,22,23,24,22,21,22,20,21,23,24,23,24,24,22,24,22,22,21,21,22,22,23,24,25,25,23,23,21,21,21,16,22,22,21,19,18,20,20,21,23,22,23,22,23,22,23,23
Faroe Islands,Denmark,61.8926,-6.9118,4,0,0,5,5,4,1,3,3,4,1,2,3,3,4,3,2,4,7,3,4,3,2,2,4,2,1,1,2,2,0,0,1,1,4,6,5,3,2,1,1,0,0,0,3,1,2,3,2,2,3,2,0,2,2,1,0,0,1,1,0,0,2,2,2,1,3,0,2,2,1
St Martin,France,18.0708,-63.0501,23,23,24,23,24,23,23,24,24,24,23,24,23,23,23,23,23,23,22,22,22,23,23,23,23,23,23,23,23,23,23,23,23,23,23,23,23,23,23,23,23,23,23,23,23,22,23,23,23,23,23,22,22,23,22,23,22,22,22,23,23,23,23,23,23,23,23,22,23,23,23
,Honduras,15.2,-86.2419,14,14,15,15,18,16,16,16,15,17,17,16,16,16,15,16,17,16,15,17,17,14,12,16,14,11,13,14,15,16,14,14,17,17,15,15,15,14,17,14,15,16,15,16,15,17,15,15,15,17,15,17,17,17,10,15,15,16,17,16,16,15,17,14,15,15,16,16,17,17,16
Channel Islands,United Kingdom,49.3723,-2.3644,9,10,8,9,6,9,11,11,8,9,10,8,9,8,8,8,7,6,7,6,5,6,6,6,8,9,7,8,8,9,10,10,10,8,8,6,6,9,9,9,7,7,8,9,10,11,8,8,7,9,8,9,10,10,7,5,6,6,7,7,6,7,6,8,6,8,9,8,9,10,8
New Brunswick,Canada,46.5653,-66.4619,-4,-4,-5,-2,-3,-13,-11,-12,-11,-16,-3,-6,-17,-14,-11,-11,-17,-23,-19,-12,-21,-18,-10,-8,-11,-6,-2,-9,-14,-16,-13,-14,-7,-8,-6,-9,-15,-7,-13,-21,-14,-12,-6,-5,-21,-25,-14,-8,-21,-8,-22,-23,-13,-7,-8,-4,-4,-3,-7,-14,-11,-13,-3,0,-2,-10,-12,-12,-6,-9,-5
Tibet,China,31.6927,88.0924,-14,-16,-15,-17,-22,-15,-13,-12,-19,-23,-19,-15,-12,-13,-15,-10,-15,-16,-20,-18,-16,-18,-25,-24,-21,-22,-19,-21,-20,-21,-23,-20,-27,-26,-22,-25,-21,-22,-21,-25,-23,-18,-15,-13,-14,-15,-12,-16,-16,-13,-15,-11,-17,-17,-18,-14,-18,-22,-18,-17,-11,-17,-14,-18,-15,-14,-16,-17,-17,-16,-13
,Congo (Kinshasa),-4.0383,21.7587,20,21,21,21,20,22,22,21,21,20,19,20,22,22,23,21,21,21,22,22,22,22,22,22,21,22,23,21,21,20,21,21,20,20,20,19,22,23,20,21,20,21,21,21,21,21,21,21,22,22,21,24,23,22,20,21,23,20,21,21,22,21,20,22,23,21,22,21,21,21,22
,Cote d'Ivoire,7.54,-5.5471,18,19,18,16,16,18,20,21,20,21,21,23,22,20,21,19,21,20,20,23,22,22,21,19,18,19,21,20,18,17,19,17,18,16,16,17,17,17,17,23,23,22,18,18,17,17,17,22,23,23,23,23,23,23,22,20,20,22,22,21,24,24,23,24,22,23,23,23,22,23,24
Saint Barthelemy,France,17.9,-62.8333,24,24,24,24,24,24,24,24,24,25,24,24,23,23,23,23,23,23,23,23,23,23,23,24,23,23,23,24,24,24,24,23,23,24,23,24,24,24,24,24,24,24,23,23,23,23,23,23,24,23,24,23,23,23,23,23,23,22,23,23,23,23,23,23,23,23,23,23,23,23,23
,Jamaica,18.1096,-77.2975,20,20,20,19,20,20,21,21,22,21,21,21,20,21,21,21,21,21,20,20,19,19,15,16,17,16,17,16,17,16,16,17,20,19,20,19,19,21,19,20,20,21,20,19,20,18,19,20,20,21,20,18,19,19,20,19,21,19,20,21,20,20,20,19,19,17,19,21,20,21,20
,Reunion,-21.1151,55.5364,17,17,16,17,16,17,17,17,15,16,17,17,17,18,18,18,18,18,19,19,18,18,18,18,15,15,14,14,15,15,16,17,17,17,17,16,16,16,16,16,17,18,17,18,18,18,16,16,16,15,16,15,16,16,17,18,18,18,17,18,18,19,19,19,19,18,17,17,17,18,18
,Turkey,38.9637,35.2433,-2,-5,-2,-3,-6,2,0,-2,-7,-8,-4,-1,-5,-4,-4,-5,-5,-5,-4,-3,-8,-7,-6,-11,-8,-6,-1,0,-1,-2,-8,-3,-5,0,0,4,0,-5,-14,-10,-17,-6,0,-11,-5,-6,-10,-11,-7,-7,-3,-1,-2,-2,0,-5,-2,2,1,1,-4,-1,0,1,6,2,1,3,10,0,4
Gibraltar,United Kingdom,36.1408,-5.3536,10,11,10,14,13,11,10,13,11,11,12,11,9,9,9,9,11,12,7,8,9,11,11,12,11,9,12,11,13,12,13,12,12,12,12,14,14,12,12,13,10,14,14,11,13,14,12,14,13,14,14,14,14,13,14,13,12,11,11,14,15,13,14,14,11,11,10,13,12,14,13
"Kitsap, WA",US,47.6477,-122.6413,7,3,4,3,4,3,8,3,0,1,4,3,-1,-3,-1,1,-1,1,5,5,5,5,6,8,6,6,5,5,6,4,7,10,0,0,0,2,5,4,4,0,1,1,4,3,2,4,2,0,0,0,0,0,3,4,2,0,3,2,1,3,0,2,6,3,2,3,1,0,0,1,5
"Solano, CA",US,38.3105,-121.9018,4,3,2,5,3,1,0,4,6,0,6,1,3,5,0,5,2,2,2,2,4,7,5,6,7,10,6,7,5,5,4,4,7,1,3,0,1,0,3,8,8,9,3,3,4,3,6,8,5,1,3,4,5,4,4,9,4,5,6,7,7,8,7,5,7,8,8,4,6,6,7
"Santa Cruz, CA",US,37.0454,-121.958,6,7,7,7,5,4,5,6,6,3,5,3,4,6,2,4,3,3,5,9,7,9,7,8,8,11,6,7,6,7,8,9,7,3,3,2,5,7,5,6,8,8,7,6,6,6,6,7,7,5,7,8,10,6,6,9,10,10,12,8,4,7,8,9,9,8,7,6,7,11,10
"Napa, CA",US,38.5025,-122.2654,7,5,5,6,4,4,3,3,5,3,5,1,2,3,0,5,1,2,4,6,6,5,5,7,8,10,7,7,6,8,9,7,7,1,4,4,7,6,4,7,9,13,9,4,4,5,6,9,6,4,6,8,5,3,5,14,9,8,10,5,5,9,14,11,8,6,6,2,5,7,8
"Ventura, CA",US,34.3705,-119.1391,8,8,10,8,7,11,10,5,4,5,4,4,4,4,5,3,4,6,10,10,8,6,9,10,8,9,8,8,8,9,11,12,11,3,4,3,4,5,7,6,11,8,6,5,6,6,7,7,8,7,7,11,9,6,7,12,14,13,17,9,7,5,8,8,8,8,9,5,6,11,11
"Worcester, MA",US,42.4097,-71.8571,-1,-3,1,2,0,-4,-2,-2,-9,-6,5,13,-2,0,1,0,-11,-12,-7,-11,-13,-12,-9,-4,0,1,0,0,-4,-9,-6,-1,-1,-3,-1,0,-3,-1,-7,-10,-1,0,-1,0,-5,-15,-6,-3,-4,0,-7,-12,-6,-3,-2,2,2,3,-4,-6,-9,-6,4,4,0,-2,-2,-2,3,7,3
"Gwinnett, GA",US,33.9191,-84.0167,1,5,7,12,0,2,7,1,1,9,13,8,13,15,12,14,5,3,3,-3,-3,-5,1,3,2,0,5,1,2,1,3,2,2,3,10,14,16,2,-1,0,2,9,9,16,1,0,3,4,10,9,4,1,-2,0,6,7,6,0,0,2,-1,5,10,11,9,6,0,0,3,12,10
"DeKalb, GA",US,33.7956,-84.2279,2,6,7,12,0,2,8,2,1,9,14,8,14,15,13,14,6,4,4,-3,-4,-4,2,4,3,0,6,2,3,2,4,3,2,4,12,15,16,2,-1,0,2,10,10,15,1,0,4,5,9,9,4,1,-1,0,6,7,7,0,0,2,0,7,11,11,9,6,0,1,4,12,11
"Floyd, GA",US,37.5455,-82.7779,2,2,9,9,0,0,0,1,-1,8,15,6,4,8,7,6,-3,2,0,-7,-6,-8,-1,6,2,0,3,1,0,0,1,3,1,7,11,3,7,0,-2,-1,7,8,2,6,-4,-8,2,0,9,1,0,-6,-5,-2,3,7,6,-2,0,-3,-4,9,10,3,2,5,0,-2,4,13,10
"Fayette, GA",US,33.4502,-84.4803,1,5,8,12,0,1,7,0,0,10,15,8,14,15,13,14,5,4,5,-4,-4,-5,1,5,2,0,5,1,3,1,4,3,1,3,11,15,16,2,-1,0,3,11,10,17,1,-1,3,5,9,9,5,1,-2,0,6,8,6,0,-1,1,-1,6,11,11,9,5,0,0,3,12,10
"Gregg, TX",US,32.4893,-94.8521,0,9,10,1,1,3,0,-1,9,17,4,-2,1,12,16,13,8,13,0,-1,-1,0,4,1,-1,8,8,7,5,5,6,0,3,9,16,3,0,-3,1,8,13,6,5,3,-1,0,11,11,16,5,3,-1,0,5,12,3,3,-3,1,2,12,16,16,12,8,3,3,3,13,14,15
"Monmouth, NJ",US,40.2589,-74.124,1,-2,5,7,1,0,0,-1,-5,-1,7,13,3,2,4,4,-4,-6,1,-5,-7,-5,-4,0,4,0,0,0,0,-3,0,2,1,0,3,4,3,5,-1,0,3,5,2,3,0,-9,-3,0,1,4,-2,-6,-3,-1,0,5,6,4,-2,-3,-3,0,6,5,2,2,1,-1,4,8,5
"Burlington, NJ",US,40.0712,-74.8649,2,-3,5,7,3,0,0,0,-4,-2,6,16,3,2,5,3,-4,-6,0,-5,-8,-6,-5,-2,3,2,1,1,2,-4,-1,1,1,1,4,3,1,5,0,-1,4,6,3,1,1,-10,-3,1,1,5,-1,-6,-2,-2,-1,7,6,4,-1,-2,-2,0,6,6,3,1,1,0,4,10,6
"Camden, NJ",US,39.9259,-75.1196,2,-2,6,7,3,1,0,0,-4,-2,8,16,4,2,5,5,-3,-5,0,-4,-6,-5,-4,0,4,1,1,3,2,-3,-1,2,1,1,5,3,2,6,0,-1,4,6,3,2,1,-9,-3,2,2,5,-1,-5,-3,-2,0,7,7,3,-1,-2,-2,0,6,7,4,1,1,0,4,9,7
"Passaic, NJ",US,40.8568,-74.1285,0,-2,4,6,1,0,0,0,-6,-1,6,14,0,1,4,3,-6,-7,-1,-7,-8,-7,-5,-1,1,0,0,0,-1,-5,-1,1,1,1,2,3,1,2,-2,-2,1,5,1,1,-1,-11,-4,0,0,3,-2,-7,-3,-2,0,5,6,4,-2,-3,-4,-1,7,5,2,1,1,0,4,8,4
"Union, NJ",US,40.6976,-74.2632,1,-3,4,6,2,0,0,0,-5,-1,7,15,1,1,4,4,-5,-7,-1,-6,-8,-6,-5,0,2,1,0,0,0,-5,-1,2,1,1,3,3,1,2,-2,-1,2,5,1,1,0,-11,-4,0,1,4,-2,-6,-3,-2,0,5,6,4,-2,-3,-3,-1,7,6,2,1,2,-1,3,8,5
"Eagle, CO",US,39.6553,-106.8287,-12,-9,-12,-11,-12,-10,-9,-9,-9,-10,-17,-12,-7,-9,-10,-11,-6,-15,-15,-15,-5,-4,-5,-8,-5,-6,-4,-12,-8,-10,-14,-9,-7,-1,-13,-21,-13,-4,-2,-5,-8,-14,-12,-10,-10,-7,-2,-3,-12,-11,-17,-15,-8,-1,-7,-12,-19,-7,-9,-7,-4,-3,-8,-8,-6,-6,-3,1,-1,0,-2
"Larimer, CO",US,40.6956,-105.5943,-3,-6,-8,-3,-6,-8,-5,-3,-8,-11,-13,-8,-9,-6,-7,-9,-1,-10,-6,-8,-1,-2,-6,-3,-2,-3,0,-7,-4,-7,-9,-2,2,-7,-17,-19,-11,-7,-2,-8,-10,-17,-8,-12,-8,-5,-4,-7,-14,-12,-18,-9,-1,-1,-5,-12,-14,-5,-3,-1,-2,-8,-5,-4,-1,-2,0,3,-1,0,1
"Arapahoe, CO",US,39.6203,-104.3326,-3,-3,-6,-2,-3,-3,-2,-1,-3,-5,-10,-5,-6,-4,-6,-4,-2,-7,-7,-6,0,0,-4,-3,0,-2,-1,-4,-3,-5,-6,-1,3,-5,-12,-15,-9,-5,-6,-3,-9,-12,-8,-10,-9,-6,-5,-2,-6,-7,-15,-8,-2,0,-3,-7,-14,-4,-3,-2,0,-4,-3,-1,-4,-1,2,5,2,1,1
"Gunnison, CO",US,38.5458,-106.9253,-23,-15,-22,-20,-21,-16,-21,-21,-13,-13,-25,-19,-13,-22,-20,-18,-8,-18,-22,-24,-10,-6,-4,-16,-12,-14,-11,-19,-17,-17,-21,-17,-19,-15,-13,-27,-21,-6,-7,-12,-8,-10,-20,-16,-17,-17,-5,-3,-10,-16,-18,-19,-13,-3,-11,-17,-22,-14,-15,-15,-11,-4,-13,-12,-12,-10,-9,-4,-3,-5,-3
"Kane, IL",US,41.9879,-88.4016,-7,0,0,-2,-5,-4,-3,-10,-7,5,-1,-7,-2,0,-4,-12,-12,-4,-17,-13,-13,-6,-2,0,0,-1,-3,-2,-4,-5,-2,0,0,-3,0,-5,-4,-7,-6,-6,-6,-5,-7,-10,-22,-16,-9,-3,0,-11,-15,-14,-5,-1,-1,1,-4,-6,-10,-11,-2,-1,-2,0,-1,-2,-6,0,7,1,1
"Monroe, PA",US,41.0458,-75.2479,-1,-4,2,4,0,-2,-2,-2,-9,-3,4,14,-1,0,1,1,-8,-9,-5,-9,-10,-10,-8,-3,0,0,0,0,-1,-8,-5,0,-1,0,1,0,0,1,-3,-3,0,2,0,0,-4,-14,-5,-2,0,0,-4,-9,-5,-3,-1,2,3,0,-4,-5,-5,-3,5,3,0,-1,-1,-3,2,6,0
"Philadelphia, PA",US,39.9526,-75.1652,2,-3,5,7,3,0,0,0,-4,-2,8,16,5,2,5,5,-3,-6,0,-5,-7,-6,-5,-1,4,1,1,2,1,-4,-1,1,1,1,5,3,1,6,0,-1,3,6,3,2,1,-10,-3,1,2,5,-1,-5,-3,-2,-1,6,7,3,-1,-2,-3,0,6,6,4,1,1,-1,4,9,6
"Norfolk, VA",US,36.8508,-76.2859,3,2,7,12,4,2,2,1,1,3,12,18,14,10,8,9,1,0,9,-2,-1,0,1,5,10,2,0,3,1,1,3,5,3,8,12,14,7,13,0,1,3,14,8,8,5,-1,0,4,4,8,2,0,-3,0,3,7,10,5,0,1,-1,2,10,8,8,7,4,0,5,13,11
"Arlington, VA",US,38.8816,-77.091,4,0,7,10,3,0,0,-1,-2,0,9,16,7,5,6,8,-1,-3,1,-4,-5,-5,-3,1,7,1,2,4,3,-1,0,0,1,7,11,6,3,6,0,0,5,8,5,4,2,-6,0,3,4,6,1,-4,-3,-1,1,7,9,2,0,0,-2,2,7,7,5,3,3,1,6,12,8
"Spotsylvania, VA",US,38.2042,-77.6078,0,-2,7,10,2,0,-2,-1,-5,0,9,16,5,4,5,8,-1,-3,2,-5,-6,-6,-6,0,7,0,0,0,0,-3,-3,-2,0,5,13,10,2,7,-2,-2,3,8,4,4,0,-7,-1,1,1,6,-1,-5,-6,-4,0,7,8,2,-1,-2,-5,1,7,5,4,0,2,-3,5,13,7
"Loudoun, VA",US,39.0768,-77.6536,0,-3,6,8,0,-1,-1,-3,-6,0,9,13,2,3,2,8,-2,-3,0,-6,-7,-8,-6,0,5,0,0,0,0,-4,-1,-2,0,7,11,3,1,5,-2,-3,3,6,1,3,-1,-8,-2,0,2,3,-1,-7,-6,-4,-1,5,6,0,-2,-3,-5,0,5,4,1,0,0,-1,3,11,4
"Prince George's, MD",US,38.7849,-76.8721,2,-2,7,10,2,0,-1,-1,-3,0,9,17,5,4,5,8,-1,-3,0,-5,-6,-6,-5,0,7,0,0,2,2,-2,-1,-2,1,5,11,7,2,6,-1,-2,4,8,4,4,2,-7,-1,1,2,6,0,-5,-5,-4,0,7,8,2,-1,-1,-4,2,6,6,2,1,2,0,5,13,6
"Pottawattamie, IA",US,41.3912,-95.4778,-4,-2,-4,-6,0,-3,-3,-8,0,-4,-15,-13,-7,-5,-4,-19,-12,-12,-20,-21,-21,-6,0,-1,-5,-3,-4,-4,-5,-2,0,-4,0,-1,-6,-8,-11,-5,-12,-2,-10,-5,-3,-21,-17,-7,-4,1,-5,-8,-15,-8,-2,-1,0,-1,-6,-5,-2,-4,2,0,0,0,3,-4,1,7,3,-4,1
"Camden, NC",US,34.2465,-80.607,2,3,8,14,1,1,3,0,0,8,14,17,17,17,14,17,4,2,10,-1,-3,-3,0,5,5,0,6,1,1,3,1,3,1,5,10,13,16,9,0,0,0,15,13,17,7,0,2,6,10,14,7,0,-4,-1,8,8,12,3,0,1,-3,3,13,12,9,5,1,0,1,11,11
"Pima, AZ",US,32.0575,-111.6661,2,3,2,3,4,4,5,6,5,3,1,2,5,7,7,11,6,3,6,10,8,8,5,5,6,6,8,5,5,4,4,5,8,10,0,-1,0,3,4,9,8,4,3,3,6,5,6,7,7,9,8,12,13,6,5,6,2,5,8,9,11,7,5,5,8,13,11,11,7,13,14
"Noble, IN",US,41.4277,-85.355,-4,0,3,0,-2,-2,-2,-5,-6,5,9,-3,0,0,-1,-1,-8,-3,-14,-11,-9,-8,-3,0,0,0,-2,-1,-2,-2,-1,-2,0,-1,1,-3,-4,-5,-4,-4,0,-2,-5,-2,-13,-15,-4,-5,0,-6,-8,-11,-5,-2,0,0,-2,-6,-10,-9,-8,4,0,0,-4,0,-5,0,6,6,0
"Adams, IN",US,39.8522,-77.2865,0,-2,4,7,0,0,-1,-3,-8,-2,5,13,0,1,1,6,-3,-5,0,-6,-9,-9,-7,-2,3,0,0,0,-1,-6,-2,-2,0,4,8,1,0,4,-1,-2,3,6,0,2,-2,-10,-3,-1,2,0,-2,-7,-5,-4,-1,4,5,0,-2,-4,-5,-1,4,3,0,0,0,-2,1,10,1
"Boone, IN",US,40.0106,-86.4997,-1,2,5,0,-3,-3,-2,-4,-3,6,12,0,0,0,0,-2,-6,-1,-13,-11,-6,-7,-1,1,0,-1,-3,-1,-1,-1,-1,0,0,1,6,-1,-3,-5,-3,-5,0,-1,-3,-1,-18,-14,-3,-3,3,-4,-6,-10,-6,-1,1,2,-1,-7,-8,-9,-5,6,3,0,-1,0,-5,0,8,9,2
"Dane, WI",US,43.0186,-89.5498,-9,0,-2,-2,-4,-4,-2,-13,-7,-2,-5,-10,-5,-2,-6,-16,-17,-5,-18,-14,-16,-7,-2,-1,0,-1,-4,-3,-7,-6,-4,0,0,-4,-4,-9,-8,-8,-8,-9,-12,-9,-8,-14,-24,-15,-9,-6,-3,-16,-21,-17,-5,-1,-3,-2,-5,-8,-11,-13,-2,-2,-3,-2,0,-3,-4,1,7,-1,2
"Pierce, WI",US,44.7509,-92.3814,-13,-2,-3,-8,-5,-8,-7,-21,-12,-10,-18,-16,-11,-3,-11,-24,-22,-6,-18,-17,-20,-10,-4,-4,-2,-6,-6,-11,-11,-11,-5,-3,-1,-4,-14,-16,-14,-11,-16,-14,-19,-8,-9,-24,-27,-13,-14,-9,-10,-19,-25,-16,-10,-6,-9,-5,-7,-12,-13,-17,-2,-3,-4,-8,0,-9,-5,3,0,-6,0
"Cuyahoga, OH",US,41.4339,-81.6758,-2,1,6,2,-1,1,-1,-1,-6,5,9,0,0,0,0,2,-4,-3,-7,-8,-5,-9,-2,3,3,0,0,0,-1,-1,-1,-1,0,1,5,-2,-1,-2,-4,-1,0,0,-3,0,-9,-13,0,-3,3,-1,-5,-8,-3,0,2,3,1,-5,-6,-5,-6,6,7,1,-2,2,-2,0,9,11,-1
"Weber, UT",US,41.2603,-111.9522,-4,-2,-1,-5,-5,-3,-1,0,-1,-8,-7,-3,-2,-1,-7,-6,0,-6,-8,-6,-1,1,1,0,0,0,0,0,-1,-1,-6,-2,0,-6,-11,-10,-6,2,2,-5,-8,-10,-4,-4,-4,-5,0,-3,-7,-8,-11,-8,-3,-3,-2,-5,-7,-3,-2,2,0,-4,-2,-1,1,3,7,4,3,3,2
"Bennington County, VT",US,43.0279,-73.135,-2,-3,1,1,-2,-5,-4,-3,-15,-8,2,13,-3,-1,1,0,-14,-16,-8,-14,-17,-12,-10,-4,-2,0,0,-2,-7,-14,-10,-1,-3,-3,-3,-1,-4,-1,-11,-14,-2,-2,-3,-1,-12,-21,-8,-4,-9,-1,-11,-17,-10,-6,-3,1,0,2,-7,-7,-12,-9,3,1,-2,-3,-8,-7,1,4,-1
"Carver County, MN",US,44.8254,-93.7842,-13,-2,-3,-7,-5,-8,-8,-21,-12,-9,-21,-15,-10,-3,-11,-25,-21,-9,-19,-18,-21,-9,-1,-3,-4,-7,-7,-11,-10,-10,-4,-6,0,-4,-14,-15,-14,-9,-23,-13,-18,-8,-8,-27,-28,-11,-13,-8,-10,-19,-26,-14,-11,-7,-9,-6,-10,-12,-12,-13,-1,-3,-1,-6,1,-6,-2,3,-2,-6,-1
"Charlotte County, FL",US,26.8946,-81.9098,10,12,19,21,8,4,7,9,10,17,20,19,18,18,16,15,16,15,14,13,4,0,9,14,16,5,11,13,10,14,13,16,8,5,8,14,20,16,6,12,13,17,19,18,20,14,16,19,18,20,20,18,7,11,12,15,19,12,5,7,4,9,13,16,20,19,9,8,12,15,14
"Cherokee County, GA",US,34.2515,-84.4803,0,3,7,11,0,1,6,0,1,9,14,7,11,14,13,12,3,3,1,-4,-4,-6,1,3,2,0,4,0,1,1,4,3,0,3,11,15,16,1,-1,-1,2,9,7,14,0,-2,3,2,10,8,4,0,-3,0,5,7,5,0,-1,1,-1,6,10,10,8,5,0,0,3,11,12
"Collin County, TX",US,33.1795,-96.493,2,9,7,1,4,1,2,1,12,17,0,-1,3,12,13,8,7,11,0,0,0,2,4,2,0,11,5,8,3,3,3,0,5,10,16,1,-2,0,2,12,5,4,3,2,-3,0,7,14,10,4,4,-1,0,7,10,3,3,-2,1,4,13,15,11,11,5,3,3,5,14,7,16
"Jefferson County, KY",US,38.1938,-85.6435,0,4,10,3,-1,-1,0,1,0,11,13,3,3,4,3,2,-3,2,-5,-8,-5,-7,0,4,1,0,0,0,0,-1,2,2,0,6,12,1,1,-2,-1,-4,8,1,0,2,-9,-9,2,0,9,-1,0,-7,-6,-2,5,7,5,-2,0,-4,-3,9,10,2,1,3,-3,-1,8,13,6
"Jefferson Parish, LA",US,29.6499,-90.1121,8,14,14,13,5,8,13,6,12,18,20,10,14,18,18,18,15,18,10,4,1,3,10,9,6,10,11,8,12,9,10,7,6,11,16,18,10,3,10,13,18,18,18,13,5,7,14,13,17,18,15,4,4,8,12,15,10,4,3,5,9,16,17,19,14,10,8,9,15,16,16
"Shasta County, CA",US,40.7909,-121.8474,3,0,3,0,-2,-1,0,-1,-2,-1,-1,-2,-1,-3,-3,-1,-3,-2,1,2,0,1,2,1,2,3,1,1,0,3,5,5,0,-6,-4,0,2,2,0,-2,1,3,3,1,0,2,3,1,0,0,1,2,4,1,0,4,4,4,4,1,-3,0,5,5,5,3,0,-1,0,1,2
"Spartanburg County, SC",US,34.8606,-81.9535,1,3,6,9,0,1,3,0,0,6,11,12,13,15,12,14,2,1,3,-3,-3,-4,0,2,2,-1,3,1,1,2,1,1,1,5,12,14,16,5,-2,0,-1,8,10,10,3,-1,0,0,8,10,5,-1,-4,-1,7,7,6,0,-1,0,-3,2,10,8,8,3,0,-1,0,12,10
"Harrison County, KY",US,38.4333,-84.3542,0,2,9,5,0,0,0,0,-2,10,14,3,2,4,3,2,-4,0,-4,-8,-8,-9,-2,3,1,-1,0,-1,-1,-1,0,1,0,4,11,0,0,-2,-3,-6,6,1,0,1,-9,-10,0,-2,8,-2,-1,-8,-7,-4,3,6,5,-3,0,-6,-5,7,10,1,0,2,-1,-2,6,12,6
"Johnson County, IA",US,41.6699,-91.5984,-6,1,0,-3,-4,-5,-2,-10,-5,-1,-5,-6,-3,0,-4,-17,-13,-3,-18,-14,-18,-7,-1,0,-1,-5,-3,-5,-6,-4,-3,0,2,-1,-2,-5,-7,-7,-8,-6,-6,-4,-4,-18,-22,-12,-5,0,-4,-10,-15,-11,-2,0,0,0,-2,-4,-4,-10,1,0,-1,0,2,-1,-2,5,9,0,4
"Berkshire County, MA",US,42.3118,-73.1822,-4,-3,1,2,-3,-5,-4,-5,-12,-7,4,12,-2,-1,0,0,-13,-13,-8,-13,-13,-10,-9,-3,0,0,-2,-3,-6,-11,-7,-1,-4,-3,-1,-1,-3,0,-9,-11,-3,0,-4,0,-12,-18,-7,-5,-6,-2,-10,-13,-8,-4,-2,1,1,1,-7,-8,-11,-6,2,0,-2,-2,-5,-4,2,6,0
"Davidson County, TN",US,36.1343,-86.822,1,7,11,4,0,0,3,1,2,13,15,4,3,9,12,6,0,5,-1,-7,-5,-5,1,5,2,0,6,0,2,3,5,5,3,11,13,7,2,-1,0,-1,9,4,3,3,-7,-6,6,4,12,1,4,-4,-4,0,6,9,4,0,1,-1,0,9,13,6,7,5,-1,2,10,13,7
"Douglas County, OR",US,43.1261,-123.2492,6,2,3,1,1,1,2,2,0,0,2,1,0,0,-2,0,-1,3,3,3,2,3,6,5,6,5,4,4,3,4,6,5,0,-2,-4,1,4,3,1,-1,0,0,0,0,0,1,3,-1,-3,-1,0,0,0,2,-1,0,1,1,2,0,-1,-1,1,2,2,1,0,0,0,0,0
"Fresno County, CA",US,36.9859,-119.2321,4,2,4,7,3,2,7,1,0,0,2,0,0,1,0,5,-2,1,6,9,4,5,5,8,5,6,4,3,2,4,6,9,9,-1,-3,-1,2,5,6,2,3,4,5,6,6,5,7,5,6,5,7,9,7,3,4,6,9,10,12,10,2,1,3,9,10,11,5,2,3,8,7
"Harford County, MD",US,39.5839,-76.3637,0,-2,5,7,0,0,0,-1,-6,-1,6,15,3,2,3,6,-3,-5,0,-6,-7,-7,-5,-1,5,0,0,0,0,-4,-2,-1,0,2,7,3,1,4,-1,-2,2,6,1,2,0,-9,-2,0,1,3,-1,-6,-5,-3,-1,4,5,0,-2,-3,-4,-1,5,4,1,0,0,-1,2,10,4
"Hendricks County, IN",US,39.8065,-86.5401,0,3,6,0,-3,-3,-2,-3,-3,6,12,0,0,0,0,-2,-6,-1,-13,-10,-6,-7,-1,2,0,-1,-2,-1,-1,-1,-1,0,0,1,9,0,-3,-4,-2,-5,0,-1,-2,-1,-16,-13,0,-2,4,-4,-5,-10,-6,0,1,3,0,-7,-7,-9,-5,7,4,1,-1,0,-5,-1,8,9,2
"Hudson County, NJ",US,40.7453,-74.0535,1,-1,5,7,2,0,1,0,-5,0,8,14,2,3,4,4,-5,-7,0,-6,-7,-5,-3,0,3,1,1,1,0,-4,0,2,1,1,4,3,1,3,-1,-1,2,5,2,1,-1,-10,-3,0,2,4,-2,-6,-2,0,1,6,7,4,-2,-2,-4,0,8,6,3,2,1,0,4,9,5
"Johnson County, KS",US,38.8454,-94.8521,-2,2,0,-3,0,-2,-1,-1,8,3,-8,-7,-5,2,6,-11,-5,-2,-10,-11,-13,-1,0,0,-3,-3,-2,-1,-2,-3,-1,-3,2,7,0,-3,-7,-4,-7,1,-4,0,0,-16,-16,-5,-4,4,-1,-3,-7,-9,-2,4,5,0,-2,-4,-2,-1,10,0,1,4,3,-1,2,8,8,0,4
"Kittitas County, WA",US,47.175,-120.9319,3,0,-1,0,-2,0,2,0,-4,-5,-2,-2,-7,-9,-12,-8,-8,-5,-3,-1,0,-1,0,1,0,0,0,0,-1,-4,0,4,-5,-5,-7,0,2,3,0,-4,-3,-1,-2,-4,0,0,0,-2,-7,-6,-6,-7,-2,0,-2,-5,0,0,-1,0,-4,0,3,1,-1,0,0,-3,-5,-2,2
"Manatee County, FL",US,27.4799,-82.3452,10,11,19,21,8,4,6,8,9,16,20,19,19,17,18,15,17,14,14,9,3,0,8,14,14,6,12,13,8,12,13,16,8,6,8,13,20,15,6,10,13,17,19,19,21,13,15,19,18,20,20,12,5,9,12,15,17,11,5,8,5,9,13,16,20,17,8,8,11,15,14
"Marion County, OR",US,44.8446,-122.5927,6,2,5,1,2,2,5,2,-1,0,1,1,0,-1,-3,0,-2,2,5,4,3,3,6,5,5,4,2,4,4,2,8,7,-1,-2,-3,1,5,5,1,-1,0,0,0,0,1,1,0,0,-2,0,1,1,0,3,0,0,3,0,2,1,-1,0,4,3,3,3,0,-1,0,0,1
"Okaloosa County, FL",US,30.5773,-86.6611,3,11,20,13,1,3,9,1,5,15,18,13,18,18,16,18,10,12,11,0,-2,-2,6,12,2,3,7,2,6,4,9,8,2,7,13,17,20,2,3,8,13,18,18,19,5,2,8,12,16,18,14,5,0,1,11,17,12,2,0,3,4,14,17,19,13,10,3,6,8,12,15
"Polk County, GA",US,34.0132,-85.1479,0,4,9,11,-1,1,7,0,1,11,15,6,12,15,12,13,2,4,1,-5,-6,-7,1,4,2,-1,4,0,2,0,4,2,1,3,12,15,16,1,0,0,5,11,7,13,0,-3,4,4,9,6,5,-1,-4,0,5,8,5,0,-1,0,-1,7,12,11,8,4,0,0,4,11,12
"Riverside County, CA",US,33.9533,-117.3961,6,5,8,6,6,11,9,4,8,4,4,4,7,3,4,4,7,6,10,11,10,8,8,9,7,8,7,9,8,9,11,11,10,9,6,2,3,4,6,8,11,14,4,5,6,6,7,6,8,10,8,11,12,11,6,12,11,11,14,11,10,8,15,9,9,11,11,10,8,12,12
"Shelby County, TN",US,35.1269,-89.9253,0,8,11,3,0,2,2,1,5,14,12,0,1,8,13,5,2,10,0,-5,-5,-3,1,2,1,2,6,1,5,3,5,4,3,10,15,6,1,-1,0,3,13,2,4,3,-6,-3,6,4,12,2,1,-4,-4,3,7,7,3,-1,2,2,7,13,12,9,8,5,0,3,11,15,6
"St. Louis County, MO",US,38.6103,-90.4125,-1,4,3,0,-2,-2,0,-1,3,10,2,-3,-2,1,5,-5,-4,0,-10,-10,-7,-4,0,0,0,-3,-1,-1,-1,-1,0,0,2,5,3,0,-3,-4,-2,-1,-1,0,0,-7,-15,-6,0,2,1,-2,-4,-8,-4,3,5,2,-1,-4,-3,-4,3,6,4,4,1,2,-1,3,12,3,4
"Suffolk County, NY",US,40.9849,-72.6151,1,0,5,5,2,0,2,0,-4,0,7,11,2,3,4,3,-5,-6,1,-5,-5,-4,-1,1,3,2,1,1,0,-2,-1,1,1,1,3,2,2,3,-1,0,4,4,2,3,0,-8,-2,1,1,4,-1,-5,-1,0,2,5,4,4,-1,-1,-4,0,6,5,3,2,1,0,5,6,5
"Ulster County, NY",US,41.8586,-74.3118,0,-3,2,3,0,-2,-2,-2,-9,-4,4,14,-2,0,1,0,-10,-10,-6,-10,-10,-10,-7,-3,-1,0,0,0,-4,-9,-6,0,-1,0,0,0,-1,0,-6,-6,-2,0,-1,0,-7,-15,-6,-3,-2,0,-6,-10,-5,-3,-1,2,2,2,-5,-5,-7,-2,5,3,0,-2,-1,-2,5,7,0
"Volusia County, FL",US,29.028,-81.0755,8,10,18,20,7,3,5,8,9,18,20,19,19,16,18,16,18,16,16,7,5,1,12,14,11,6,10,10,6,12,14,13,6,5,8,12,18,14,5,9,14,16,17,19,18,14,15,17,16,19,18,11,9,11,11,16,16,8,3,5,4,9,15,15,19,16,9,10,14,15,14
"Fairfax County, VA",US,38.9085,-77.2405,3,-1,7,10,2,0,0,-1,-3,0,10,16,5,5,4,8,-2,-3,1,-6,-6,-5,-4,1,7,1,0,2,2,-2,0,0,1,9,13,5,2,6,0,-1,4,7,4,4,0,-7,0,2,4,4,0,-5,-3,-3,0,7,9,1,-1,-2,-3,3,8,7,4,2,2,1,6,13,7
"Rockingham County, NH",US,42.9931,-71.0498,-2,-3,-2,0,0,-8,-6,-2,-9,-9,0,11,-2,-2,0,-2,-12,-14,-9,-10,-13,-15,-12,-6,0,1,-1,0,-3,-10,-9,-2,-3,-5,-3,0,-3,-1,-8,-14,-3,-2,0,0,-8,-17,-8,-5,-5,0,-10,-15,-8,-5,-5,-1,0,3,-3,-7,-8,-8,0,5,0,-5,-2,-3,-1,3,3
"Washington, D.C.",US,38.9072,-77.0369,4,0,7,10,3,0,0,0,-2,0,9,17,6,5,5,8,-1,-3,1,-4,-5,-5,-3,1,7,1,1,4,3,-1,0,0,1,7,10,6,3,6,0,0,4,8,5,4,2,-6,0,3,4,6,1,-4,-3,-2,0,7,9,2,0,0,-2,2,7,8,5,2,3,1,6,12,8
"Montgomery County, PA",US,40.229,-75.3879,0,-5,4,6,1,0,0,-1,-7,-3,6,16,2,0,3,3,-4,-7,0,-6,-9,-8,-7,-2,3,0,0,1,0,-6,-4,0,0,0,3,2,0,4,-1,-2,2,5,0,1,0,-11,-5,0,0,3,-2,-7,-5,-4,-3,5,5,2,-3,-4,-4,-2,5,5,1,0,0,-3,1,7,3
"Alameda County, CA",US,37.6017,-121.7195,7,6,6,8,4,5,4,6,6,5,5,2,4,5,2,4,2,2,4,5,7,9,7,8,9,10,6,6,6,8,10,8,8,1,2,4,8,9,5,5,8,11,11,5,4,7,6,8,8,5,8,8,13,5,7,12,10,10,13,7,4,7,11,11,8,7,6,5,6,9,11
"Broward County, FL",US,26.1901,-80.3659,12,15,21,21,12,9,13,12,18,21,22,22,19,21,17,16,18,19,16,19,9,3,11,16,16,8,12,15,14,17,14,18,10,7,11,16,21,16,10,17,19,20,21,22,20,19,20,19,20,22,21,19,13,16,16,17,21,14,6,7,7,14,17,18,21,23,12,16,18,19,19
"Lee County, FL",US,26.663,-81.9535,11,14,20,21,10,6,10,11,11,18,21,20,19,19,17,16,17,16,16,15,6,1,10,15,16,7,12,15,11,16,13,17,9,8,10,15,20,17,8,13,15,18,20,20,20,15,17,19,19,20,21,20,8,12,14,17,20,13,7,10,7,11,15,17,21,19,10,9,14,16,15
"Pinal County, AZ",US,32.8162,-111.2845,1,2,1,2,3,3,3,4,4,3,0,1,3,4,5,10,5,3,6,11,9,9,4,5,6,6,8,4,4,3,2,3,6,11,0,-2,-1,1,3,7,10,5,3,2,5,4,4,6,6,9,7,12,13,7,5,6,4,3,7,9,11,7,6,7,7,14,12,13,9,13,14
"Rockland County, NY",US,41.1489,-73.983,0,-3,3,5,1,0,0,-1,-6,-2,6,15,0,0,3,1,-6,-8,-3,-7,-9,-9,-7,-2,0,0,0,0,-1,-6,-3,0,0,1,1,2,0,2,-3,-3,0,4,1,0,-2,-12,-4,0,0,2,-3,-7,-4,-3,-1,4,5,4,-3,-3,-5,-2,6,5,2,0,0,-1,3,7,4
"Saratoga County, NY",US,43.0324,-73.936,-1,-4,0,1,-1,-5,-3,-3,-12,-7,1,11,-4,-1,2,0,-12,-13,-7,-13,-15,-10,-11,-7,-4,0,0,0,-4,-11,-9,-2,-3,-1,-2,0,-3,-1,-10,-15,-4,-2,-3,0,-12,-19,-7,-5,-8,0,-10,-15,-11,-7,-5,0,0,1,-5,-5,-9,-5,2,2,0,-2,-4,-3,1,5,0
"Charleston County, SC",US,32.7957,-79.7848,7,8,14,17,5,6,9,5,8,13,16,17,17,16,16,16,9,8,16,2,0,0,4,11,10,6,8,6,7,8,7,6,6,9,11,13,15,11,4,5,10,16,15,16,11,6,9,10,13,15,10,3,0,3,12,14,16,6,4,6,5,10,15,16,13,9,5,6,10,14,15
"Clark County, WA",US,45.7466,-122.5194,8,4,6,4,5,5,8,5,1,2,5,4,1,0,0,1,0,3,4,3,5,6,8,9,7,8,5,7,7,3,8,10,0,0,-1,2,8,8,4,1,2,0,3,0,3,4,2,2,0,1,1,0,0,4,2,0,5,0,1,4,1,3,6,5,1,5,3,1,0,0,3
"Cobb County, GA",US,33.8999,-84.5641,1,5,8,11,0,2,8,1,1,10,14,7,13,15,12,13,4,4,3,-4,-5,-5,2,3,2,0,5,1,2,1,4,3,1,3,12,15,16,1,-1,0,3,10,9,14,0,-1,4,5,9,8,5,0,-2,0,6,8,6,0,0,1,0,8,11,11,9,5,0,1,4,11,11
"Davis County, UT",US,40.9629,-112.0953,-1,0,0,0,-2,-1,0,1,0,-3,-2,-1,0,1,-4,-2,0,-3,-4,-2,0,1,1,1,1,0,1,0,0,0,-2,0,1,-4,-8,-8,-4,3,1,-2,-3,-5,-1,0,0,-1,1,0,-4,-5,-7,-5,-2,-1,-1,-4,-3,-2,0,3,0,-2,-1,0,2,5,7,4,4,2,3
"El Paso County, CO",US,38.9108,-104.4723,-3,-3,-6,-3,-3,-4,-4,-2,-4,-5,-12,-6,-7,-6,-5,-9,-5,-8,-6,-7,-2,0,-4,-4,-1,-3,-2,-4,-4,-6,-7,-2,3,-5,-13,-17,-10,-6,-9,-4,-7,-10,-9,-10,-11,-6,-4,-2,-6,-6,-13,-9,-1,0,-3,-7,-13,-4,-4,-1,0,-3,-3,-2,-3,-2,2,3,1,1,0
"Honolulu County, HI",US,21.307,-157.8584,21,21,21,21,23,23,23,22,21,21,22,23,23,24,22,22,21,21,21,21,20,19,19,20,21,21,22,20,21,21,22,22,20,22,20,21,20,18,17,18,16,18,18,22,23,21,22,21,22,21,21,21,21,20,20,21,22,21,21,20,21,21,21,21,20,21,21,21,20,19,19
"Jackson County, OR ",US,42.3345,-122.7647,5,2,2,1,0,0,0,1,0,0,1,0,0,0,-2,0,-1,1,1,3,2,2,4,4,5,5,4,4,2,4,5,4,0,-3,-4,0,2,1,0,-2,-1,0,0,0,1,1,3,-1,-2,0,2,0,0,2,-1,0,1,1,3,0,-2,-1,0,1,2,2,1,0,1,0,2
"Jefferson County, WA",US,47.7425,-123.304,-1,-6,-1,-7,-5,-6,-1,-7,-9,-8,-4,-6,-13,-11,-11,-8,-13,-7,-2,0,-4,-4,0,-2,-3,-2,-5,-3,-3,-5,0,-2,-11,-11,-9,-3,-1,0,-5,-5,-3,-2,-3,-3,-6,-5,-7,-8,-9,-5,-4,-4,-3,-5,-7,-5,-3,-2,-2,-7,-9,-4,-3,-7,-4,-7,-10,-12,-10,-6,-5
"Kershaw County, SC",US,34.3672,-80.5883,2,2,8,14,1,1,3,0,1,7,13,17,16,17,14,16,4,2,9,-2,-4,-4,-1,5,5,0,6,1,1,3,1,3,1,5,10,13,16,9,0,1,0,15,13,17,6,0,2,5,9,13,6,0,-4,-1,8,8,12,3,0,1,-2,3,13,12,9,5,1,0,1,11,11
"Klamath County, OR",US,42.6953,-121.6142,0,-1,-2,-1,-3,-4,-4,-2,-4,-7,-2,-4,-6,-6,-11,-3,-8,-5,-7,-3,0,-3,-1,0,0,1,-1,0,-3,-1,-1,-1,-3,-11,-11,-4,-2,-4,-2,-6,-6,-5,-5,-6,-4,-2,0,-8,-9,-8,-4,-4,-4,-1,-6,-5,-4,-4,-2,-3,-6,-3,-2,-2,-1,1,0,-3,-2,-3,-2
"Madera County, CA",US,37.2519,-119.6963,3,2,4,6,3,3,3,0,2,0,2,0,0,1,0,5,0,1,3,9,5,7,4,6,4,8,4,4,2,3,5,6,7,-2,-2,0,1,3,5,3,3,3,4,5,5,5,6,5,6,5,6,8,10,4,4,5,9,8,11,11,4,2,4,8,10,11,7,4,4,8,9
"Pierce County, WA",US,47.0676,-122.1295,7,3,6,2,3,3,8,3,0,0,4,2,-2,-2,-2,1,-1,2,4,4,6,4,7,6,5,6,3,6,5,1,7,9,0,0,-1,2,6,7,3,0,0,0,2,0,3,3,1,0,-2,-2,0,0,1,3,1,0,4,1,1,3,0,2,6,3,1,2,1,0,-2,0,5
"Tulsa County, OK",US,36.1593,-95.941,0,5,3,0,2,0,0,2,10,13,-3,-3,0,9,10,-2,1,4,-1,-6,-6,0,2,1,-2,0,0,1,0,0,0,0,4,11,2,-1,-4,-4,-2,7,-1,1,1,-7,-9,1,3,10,3,-1,0,-6,-1,6,9,2,0,-3,0,0,12,7,3,4,1,0,0,6,13,4,11
"Douglas County, CO",US,39.2587,-104.9389,-2,-4,-8,-3,-4,-4,-2,0,-4,-5,-11,-6,-5,-1,-1,-5,0,-8,-6,-5,1,-1,-3,-3,-1,-2,-1,-5,-4,-7,-8,-1,3,-6,-13,-18,-10,-7,-6,-5,-8,-12,-8,-11,-8,-6,-4,-2,-6,-10,-14,-7,-1,0,-4,-7,-15,-4,-3,-1,0,-5,-3,-1,-3,0,3,5,2,1,1
"Providence County, RI",US,41.8882,-71.4774,0,-1,4,5,0,-3,-1,-2,-7,-5,6,14,0,0,2,0,-8,-11,-5,-9,-11,-11,-8,-2,0,3,0,0,-2,-7,-5,-1,0,-2,0,2,0,0,-5,-7,0,3,0,0,-1,-13,-6,-2,-3,1,-5,-10,-4,-3,0,4,5,5,-3,-5,-7,-5,6,5,1,-1,-1,-2,4,8,6
"Chatham County, NC",US,35.7211,-79.1781,2,0,7,12,1,0,0,0,0,3,11,16,16,16,12,14,1,0,7,-3,-5,-4,-4,2,7,0,0,1,0,1,-1,2,1,5,12,14,14,11,-1,0,1,13,8,11,3,-3,0,2,3,9,3,-2,-7,-2,5,7,10,2,-2,0,-4,3,12,6,7,3,2,-2,1,12,10
"Delaware County, PA",US,39.9078,-75.3879,1,-3,5,7,1,0,0,-1,-5,-2,7,16,3,2,4,5,-4,-6,0,-6,-8,-7,-6,-1,4,0,0,1,0,-4,-2,0,0,0,5,3,1,5,-1,-2,3,6,2,2,0,-10,-3,0,1,4,-2,-6,-4,-3,-1,6,6,2,-2,-3,-4,0,5,5,2,0,1,-2,3,9,5
"Douglas County, NE",US,41.3148,-96.1951,-4,-1,-4,-6,1,-3,-3,-6,1,-3,-15,-12,-7,-6,-3,-19,-11,-12,-18,-19,-18,-4,0,-2,-7,-3,-2,-4,-4,-1,0,-4,0,0,-6,-7,-9,-5,-10,0,-8,-3,-2,-20,-15,-5,-1,2,-5,-6,-15,-7,-2,-1,-1,-1,-6,-4,-1,-3,2,0,0,0,4,-3,3,8,1,-3,0
"Fayette County, KY",US,38.0606,-84.4803,0,1,9,5,-1,-1,0,0,-1,11,15,3,2,5,3,2,-4,0,-4,-9,-7,-9,0,3,0,0,2,-1,0,-1,0,1,0,5,11,0,1,-2,-3,-6,6,1,0,1,-9,-10,1,-1,9,-2,0,-8,-7,-3,3,6,5,-3,-1,-6,-5,7,10,0,0,2,-2,-8,-3,11,7
"Marion County, IN",US,39.8362,-86.1752,0,0,6,0,-1,0,0,0,0,6,12,0,0,0,0,0,-6,0,-12,-10,-6,-8,0,0,0,0,0,0,0,0,0,0,0,0,11,0,0,-4,0,-4,0,0,-2,0,-15,-13,0,0,5,-1,-5,-9,-5,0,1,3,0,-6,-7,-8,0,7,5,0,0,0,-5,0,8,10,0
"Middlesex County, MA",US,42.4672,-71.2874,0,-1,2,2,0,-6,-1,-2,-7,-6,8,16,0,0,2,-2,-9,-12,-7,-9,-14,-15,-11,-4,0,3,1,1,-1,-8,-7,-2,0,-5,-3,1,-2,0,-5,-11,-1,0,0,0,-3,-15,-6,-5,-4,1,-8,-11,-4,-5,-3,3,4,5,-2,-7,-8,-7,7,6,2,-4,-1,-3,1,8,5
"Nassau County, NY",US,40.6546,-73.5594,2,0,5,6,2,0,2,0,-4,0,7,11,2,3,4,5,-4,-6,1,-6,-6,-4,-2,0,3,2,2,1,0,-2,0,2,2,2,4,3,2,3,0,0,4,5,2,3,0,-8,0,1,2,4,-1,-5,0,0,2,5,6,5,-1,-1,-3,2,6,6,3,2,1,0,5,7,6
"Ramsey County, MN",US,44.9964,-93.0616,-11,0,-1,-6,-4,-5,-5,-18,-12,-7,-19,-14,-10,-3,-9,-23,-19,-6,-18,-16,-18,-9,-1,-2,-2,-4,-6,-9,-9,-9,-4,-3,0,-1,-13,-13,-11,-7,-17,-11,-15,-6,-6,-23,-25,-11,-11,-7,-8,-18,-21,-13,-8,-3,-6,-3,-8,-9,-9,-10,0,-1,-1,-4,2,-6,-1,4,0,-4,0
"Washoe County, NV",US,40.5608,-119.6035,0,-1,-1,0,-1,-4,-4,0,0,-8,0,-2,0,1,-5,-2,-2,-3,-3,0,0,1,-1,2,0,4,1,0,-1,1,-1,-1,1,-6,-8,-5,-2,-2,0,-2,-5,-4,-3,-4,-1,-1,4,-3,-5,-5,-3,-3,-2,-2,-3,-3,-3,-1,-1,2,0,-4,-1,0,0,3,6,1,3,0,0
"Wayne County, PA",US,41.6739,-75.2479,-2,-4,1,2,-1,-2,-3,-3,-10,-5,3,13,-2,-1,0,0,-10,-12,-6,-11,-11,-11,-9,-5,0,0,0,-1,-4,-10,-8,0,-2,0,0,-2,-2,0,-7,-6,-1,0,-3,0,-9,-17,-7,-4,-3,-1,-7,-10,-7,-5,-2,0,1,0,-7,-7,-8,-2,4,1,-1,-2,-3,-4,1,6,0
"Yolo County, CA",US,38.7646,-121.9018,4,3,2,5,3,3,0,3,6,0,5,1,3,5,0,5,1,1,2,4,5,6,4,5,7,11,6,7,6,6,5,4,7,1,2,1,2,1,2,7,6,9,4,2,2,3,5,8,5,2,3,5,5,4,4,9,4,5,5,6,6,7,8,6,5,5,7,3,6,5,6
"Santa Clara County, CA",US,37.3541,-121.9552,5,7,5,8,5,4,3,8,8,3,6,3,5,7,2,6,3,3,3,7,8,10,7,7,8,12,6,9,6,7,7,6,9,2,3,2,5,5,7,6,8,9,7,6,7,6,6,7,8,4,6,8,12,6,6,8,9,9,12,8,5,8,9,9,9,9,9,8,7,10,12
"Clark County, NV",US,36.0796,-115.094,1,3,3,1,1,2,2,3,3,3,0,0,0,0,0,1,5,1,3,8,9,3,4,5,5,5,7,5,6,3,3,4,4,4,0,-2,1,3,4,7,6,5,2,2,2,4,5,7,5,3,4,5,10,7,6,7,3,4,8,7,10,7,8,8,8,10,11,11,9,11,11
"Fort Bend County, TX",US,29.5693,-95.8143,9,14,11,4,6,8,6,2,14,20,10,1,10,16,18,18,16,18,6,3,3,8,13,4,6,15,10,12,6,7,8,3,6,11,18,7,1,1,9,14,19,8,9,5,1,5,13,15,19,12,8,4,2,9,17,9,5,0,2,5,13,17,18,19,11,8,6,10,15,17,16
"Grant County, WA",US,47.1981,-119.3732,3,1,1,3,0,0,5,3,-3,-4,0,0,-8,-12,-12,-6,-8,-5,-2,-1,-2,-1,0,1,0,0,0,2,0,-1,1,10,-1,-6,-6,-1,-1,0,0,-2,-3,-2,-2,-3,-1,-1,0,-1,-4,-5,-5,-5,-3,0,0,-3,-1,-1,-1,1,-2,0,4,3,-1,0,5,-1,-2,-2,3
"Santa Rosa County, FL",US,30.769,-86.9824,2,11,21,13,1,2,9,0,3,15,19,12,17,19,16,18,9,13,9,0,-2,-3,6,11,1,2,8,1,6,3,9,8,1,5,12,17,21,1,2,8,12,19,18,17,4,1,7,12,16,17,14,4,0,0,11,17,10,2,0,2,3,14,17,19,12,9,2,4,7,13,15
"Williamson County, TN",US,35.9179,-86.8622,0,5,10,4,-1,0,2,1,2,12,15,4,3,9,12,5,-1,6,-1,-7,-6,-7,1,5,1,-1,5,0,1,2,4,5,1,7,12,6,2,-1,-1,-2,8,4,3,4,-8,-8,4,2,11,1,2,-5,-6,0,5,7,4,-1,1,0,0,9,13,5,5,5,-2,0,7,12,6
"New York County, NY",US,40.7128,-74.006,2,0,6,7,3,0,2,0,-4,0,10,14,3,4,5,6,-5,-6,0,-5,-5,-3,0,2,3,2,2,3,0,-3,0,3,1,2,5,4,2,3,0,0,3,5,3,2,0,-9,-2,3,3,5,-1,-5,-1,1,3,7,7,4,-1,-1,-3,2,8,6,3,4,2,1,6,10,6
"Montgomery County, MD",US,39.1547,-77.2405,1,-3,6,9,1,0,-1,-2,-6,0,9,15,3,3,2,8,-2,-4,0,-6,-7,-7,-6,0,6,0,0,0,0,-3,-1,-2,0,6,11,3,1,5,-1,-2,3,7,1,3,0,-8,-2,0,2,3,-1,-6,-5,-4,-1,5,7,0,-1,-3,-4,0,6,5,1,0,1,-1,3,12,4
"Suffolk County, MA",US,42.3601,-71.0589,1,0,6,7,1,-2,0,0,-5,-2,9,16,1,1,3,3,-8,-10,-6,-8,-8,-6,-3,0,3,5,2,3,0,-6,-2,0,1,0,1,2,0,0,-3,-7,0,4,2,0,-2,-12,-4,0,-1,2,-5,-9,-2,0,2,6,5,4,-1,-2,-6,-2,8,7,3,1,-1,0,6,7,6
"Denver County, CO",US,39.7392,-104.9903,-2,0,-4,0,0,-2,2,0,0,-2,-9,-5,-7,-4,-4,-7,-4,-6,-7,-6,0,1,0,-3,0,-1,0,-3,-1,-4,-6,1,6,-3,-10,-16,-6,-4,-8,-3,-9,-9,-6,-8,-8,-3,-3,-2,-4,-6,-13,-7,-1,1,0,-4,-10,1,0,1,0,-3,0,1,-1,0,3,6,4,3,3
"Summit County, CO",US,39.5912,-106.064,-10,-11,-12,-11,-10,-11,-11,-10,-11,-14,-20,-14,-12,-10,-11,-9,-8,-18,-15,-16,-6,-5,-8,-8,-6,-7,-6,-12,-13,-13,-15,-7,-7,-3,-16,-26,-16,-6,-4,-10,-11,-20,-14,-14,-12,-7,-6,-6,-16,-13,-22,-15,-8,-4,-10,-14,-23,-9,-11,-10,-6,-5,-12,-13,-8,-8,-5,0,-2,-4,-5
"Bergen County, NJ",US,40.9263,-74.077,0,-3,3,6,1,0,0,-1,-6,-1,6,14,0,1,3,2,-6,-7,-2,-7,-8,-8,-6,-1,1,0,0,0,-1,-5,-2,1,1,1,2,3,1,2,-2,-2,1,4,1,1,-2,-11,-4,0,0,3,-2,-7,-4,-2,0,5,6,4,-2,-3,-4,-2,7,5,2,0,1,-1,3,8,4
"Harris County, TX",US,29.7752,-95.3103,10,13,12,6,7,10,8,3,14,19,13,2,10,16,19,19,15,18,5,4,3,6,13,5,6,15,11,12,7,8,9,4,8,13,19,9,1,2,11,14,19,9,12,6,3,5,13,15,19,12,8,4,3,9,16,10,6,2,4,6,15,16,19,19,12,10,8,9,16,18,16
"San Francisco County, CA",US,37.7749,-122.4194,9,9,8,10,8,7,7,9,9,7,8,7,8,9,6,9,6,7,8,8,10,10,8,10,11,12,10,11,9,10,10,10,10,6,8,7,8,8,8,10,12,14,10,9,8,8,9,9,10,8,9,10,11,9,8,10,11,11,13,9,7,12,11,11,10,11,9,8,10,11,12
"Contra Costa County, CA",US,37.8534,-121.9018,6,5,4,6,3,3,2,4,5,1,5,1,3,4,0,2,1,2,4,5,6,8,6,6,7,10,6,6,5,7,7,6,7,0,1,1,3,4,5,5,7,9,6,4,5,5,7,6,7,3,4,6,10,6,4,8,7,8,9,7,4,6,9,9,7,8,6,3,5,6,10
"Orange County, CA",US,33.7879,-117.8531,8,7,10,8,7,11,13,7,9,6,6,7,8,6,6,7,9,8,11,12,11,10,9,10,8,10,7,10,8,12,11,12,11,9,8,5,5,5,7,11,11,11,7,6,7,6,7,7,8,10,8,12,13,12,8,10,14,14,16,11,12,9,13,9,10,10,13,10,9,13,14
"Norfolk County, MA",US,42.1767,-71.1449,0,-2,3,5,1,-5,-3,-1,-6,-5,8,15,1,0,2,-1,-9,-11,-7,-8,-12,-11,-8,-2,0,4,1,1,0,-7,-6,-1,0,-3,-1,2,-1,0,-4,-8,0,3,1,0,0,-13,-5,-3,-3,2,-6,-9,-6,-4,-2,4,5,5,-2,-6,-7,-6,6,6,2,-2,-1,-3,2,7,6
"Maricopa County, AZ",US,33.2918,-112.4291,2,2,2,2,2,3,4,3,5,3,1,1,2,3,5,7,5,3,5,9,11,8,5,6,5,6,8,6,5,6,5,5,6,9,0,0,0,1,3,5,9,8,3,3,5,5,5,6,7,8,7,13,13,7,6,6,5,4,8,8,10,7,7,7,7,14,12,12,9,14,16
"Wake County, NC",US,35.8032,-78.5661,2,1,7,12,2,0,0,0,0,2,12,18,16,16,12,15,1,0,8,-2,-4,-4,-3,2,8,0,0,2,0,1,-1,3,1,6,11,14,14,13,-1,0,1,14,9,11,4,-3,-1,4,3,9,3,-2,-6,-2,4,7,11,3,-2,0,-3,2,12,6,7,4,2,-1,2,11,11
"Westchester County, NY",US,41.122,-73.7949,0,-2,3,5,1,-1,0,-1,-6,-2,6,13,0,1,3,2,-7,-8,-2,-8,-10,-9,-6,-2,1,0,0,0,-2,-6,-3,0,0,0,1,2,0,2,-3,-3,0,4,0,1,-2,-12,-3,0,0,2,-3,-7,-4,-2,0,3,5,4,-3,-3,-5,-1,6,5,1,0,0,-1,4,7,4
"Grafton County, NH",US,43.9088,-71.826,-4,-5,-1,0,-5,-11,-7,-5,-15,-11,0,8,-6,-3,-1,-1,-17,-18,-11,-15,-16,-12,-10,-5,-2,0,-2,-4,-8,-13,-11,-4,-5,-6,-4,-4,-7,-3,-13,-20,-7,-5,-5,-3,-17,-21,-10,-6,-12,-4,-16,-19,-11,-8,-6,0,0,1,-8,-10,-13,-11,0,0,-2,-4,-8,-7,0,2,-3
"Hillsborough, FL",US,27.9904,-82.3018,10,11,18,21,7,4,5,7,8,15,20,19,19,16,18,16,18,14,15,7,3,0,9,15,12,5,11,11,7,11,12,15,7,5,8,13,19,14,5,9,12,17,18,19,21,11,14,18,18,20,20,10,4,9,12,16,17,9,4,7,4,9,13,16,19,16,7,7,11,15,14
"Placer County, CA",US,39.0916,-120.8039,4,3,5,4,2,2,4,0,0,0,2,0,1,1,-2,1,0,0,5,7,4,4,4,6,5,6,4,3,2,6,6,7,5,-3,-3,2,4,5,4,1,3,6,5,4,3,4,6,5,4,4,5,6,7,4,4,7,7,6,8,7,1,1,7,8,8,8,2,2,3,6,5
"San Mateo, CA",US,37.563,-122.3255,7,8,7,9,7,5,5,9,9,5,8,6,7,8,4,8,5,5,5,7,9,10,8,8,10,12,8,9,7,9,9,8,9,4,5,5,7,7,7,8,8,10,8,6,7,6,7,7,9,5,7,9,10,8,6,9,9,10,11,8,6,10,10,10,9,9,9,7,8,10,11
"Sonoma County, CA",US,38.578,-122.9888,8,6,6,5,3,4,3,4,4,3,4,3,2,2,0,4,1,2,5,6,5,6,5,7,8,8,7,7,6,8,9,9,6,0,0,3,6,7,6,4,5,8,7,5,6,5,6,7,5,3,5,7,6,5,5,8,8,8,9,5,3,6,10,10,8,8,5,1,5,6,6
"Umatilla, OR",US,45.775,-118.7606,7,4,4,4,0,2,7,4,0,-2,4,2,-1,-7,-7,-2,-5,-1,-1,-1,0,1,4,5,3,4,2,5,3,1,5,9,0,-4,-3,0,6,7,3,-1,-2,0,0,-2,1,2,2,0,-3,-5,-3,-3,0,2,0,-2,1,0,1,1,-2,0,5,5,0,3,1,0,0,-1,4
"Fulton County, GA",US,33.8034,-84.3963,3,7,7,12,0,3,9,3,3,10,15,9,14,16,13,15,6,5,4,-3,-4,-3,3,4,3,0,6,3,5,4,5,4,2,6,13,16,16,2,0,0,4,10,10,14,1,0,5,5,10,9,5,1,0,2,7,8,8,1,0,2,1,9,12,12,10,6,0,4,7,13,12
"Washington County, OR",US,45.547,-123.1386,8,3,5,3,4,5,8,4,0,2,5,4,0,0,-1,1,0,3,5,4,4,5,8,8,6,7,4,7,7,5,8,10,0,0,-1,3,8,8,4,0,0,0,2,0,2,4,1,1,0,0,0,-1,0,5,1,0,5,0,2,3,0,3,6,5,1,4,1,0,0,1,3
"Snohomish County, WA",US,48.033,-121.8339,6,2,4,3,3,3,7,2,0,0,2,1,-3,-4,-2,0,-1,1,4,5,5,4,5,7,5,5,4,5,6,1,5,8,0,0,-1,1,3,3,3,0,0,0,2,1,2,3,1,1,-2,-1,0,0,3,3,1,0,4,4,2,2,1,1,5,2,3,2,2,0,-3,0,3
"Humboldt County, CA",US,40.745,-123.8695,6,3,5,4,3,1,2,5,4,1,5,2,4,3,1,2,2,5,5,6,6,5,8,8,10,8,7,8,4,7,7,5,3,0,-1,1,4,3,3,0,3,5,2,2,2,2,6,3,2,3,6,4,4,3,1,4,5,5,5,3,1,2,3,4,5,6,4,2,4,3,5
"Sacramento County, CA",US,38.4747,-121.3542,5,3,3,5,3,1,1,5,6,0,6,1,4,6,0,5,3,3,3,4,5,10,5,7,8,11,5,7,6,6,6,4,6,0,0,0,1,1,2,7,4,2,3,2,2,3,7,6,4,2,3,4,6,5,5,4,5,4,6,7,7,7,4,5,7,6,8,6,7,5,8
"San Diego County, CA",US,32.7157,-117.1611,8,9,10,8,8,8,9,7,12,7,6,7,8,9,6,9,11,7,8,11,12,11,9,10,9,12,10,9,9,9,9,10,11,13,6,4,6,7,8,13,10,8,8,7,8,7,8,10,12,13,10,11,13,13,11,10,12,11,15,10,14,10,8,11,11,12,13,12,10,14,15
"San Benito, CA",US,36.5761,-120.9876,4,5,4,5,3,3,4,3,3,1,2,0,1,3,0,3,0,1,4,8,4,7,6,6,6,8,4,3,3,5,6,6,5,0,-1,0,3,4,5,2,3,4,5,4,4,4,6,5,5,3,5,8,8,4,5,7,8,9,11,8,2,1,5,7,7,7,5,4,5,8,6
"Los Angeles, CA",US,34.0522,-118.2437,8,9,10,8,8,10,11,8,9,6,6,7,7,6,6,8,8,7,9,12,11,9,10,11,10,11,9,12,11,11,11,13,12,9,6,5,5,6,7,10,11,11,8,8,8,7,9,9,10,11,10,13,13,11,9,11,12,14,17,13,13,9,13,10,11,11,11,10,9,13,14
"King County, WA",US,47.6062,-122.3321,8,4,5,4,5,4,9,4,0,1,5,3,-2,-2,0,1,0,2,5,6,6,6,7,8,4,6,5,6,7,5,7,10,0,1,0,3,6,5,5,1,2,1,5,3,4,4,3,1,0,0,0,0,4,4,3,1,5,3,1,4,0,3,7,4,3,3,3,2,0,1,6
"Cook County, IL",US,41.7377,-87.6976,-5,1,1,-1,-4,-2,-2,-8,-5,6,0,-3,-1,0,-1,-8,-8,-3,-16,-9,-10,-5,-1,0,0,0,-2,0,-1,-1,-1,0,0,-1,1,-1,-2,-4,-3,-5,-3,-3,-5,-6,-18,-14,-7,-4,1,-8,-11,-11,-4,0,0,1,-1,-5,-8,-9,-3,1,0,0,0,0,-4,2,8,2,0
"Skagit, WA",US,48.4242,-121.7114,2,-2,-1,-1,0,-2,0,-2,-5,-4,-1,-3,-9,-9,-8,-4,-6,-3,0,2,1,0,0,2,0,1,0,0,0,-2,1,3,-5,-5,-5,-3,0,0,-1,-4,-2,-2,-1,-1,-1,-1,-1,-4,-5,-3,-3,-2,-1,0,-3,-3,0,0,-1,-1,-4,-2,0,-2,0,-1,-2,-4,-6,-3,-1
"Thurston, WA",US,46.8646,-122.7696,8,3,7,3,4,4,8,4,0,1,5,3,0,0,0,1,0,3,6,4,5,5,8,8,7,7,4,7,7,3,8,9,0,0,-1,2,7,8,4,0,0,0,3,0,3,4,1,0,-1,-2,-1,-1,2,4,2,0,4,1,1,3,0,3,6,4,1,2,1,0,-1,0,4
"Island, WA",US,48.1976,-122.5795,8,5,5,5,6,4,9,4,1,2,6,3,-2,-3,0,2,0,3,7,7,7,6,7,9,6,7,6,6,7,4,8,8,1,2,1,3,5,4,5,2,3,2,5,4,5,5,4,3,1,1,2,2,5,5,4,3,5,6,3,5,3,4,6,5,6,4,3,3,0,3,6
"Whatcom, WA",US,48.8787,-121.9719,5,0,0,0,1,0,3,0,-3,-1,0,-1,-9,-10,-8,-4,-4,-1,2,4,3,1,2,4,1,2,2,1,1,-1,3,5,-3,-3,-4,-1,1,1,0,-3,-2,0,0,0,0,0,0,-2,-4,-2,-1,0,1,1,-1,-2,1,2,1,0,-2,0,2,0,1,0,-1,-2,-5,-1,0
"Marin, CA",US,38.0834,-122.7633,7,7,6,8,5,4,3,6,7,3,7,4,4,5,1,7,2,4,5,6,8,6,6,7,10,10,7,8,5,9,8,7,8,1,4,4,5,5,5,6,7,8,7,5,7,4,7,6,5,4,5,7,6,6,4,8,8,7,8,5,3,8,8,8,8,8,6,2,5,6,7
"Calaveras, CA",US,38.196,-120.6805,4,3,4,7,5,1,2,5,5,0,5,0,3,6,0,6,2,1,2,5,7,9,5,8,6,10,4,5,2,5,5,5,6,-1,-1,0,1,2,4,4,3,3,4,4,4,4,7,4,6,5,6,7,11,3,3,6,7,7,11,9,6,4,4,7,8,6,8,6,6,7,10
"Stanislaus, CA",US,37.5091,-120.9876,2,4,2,3,4,1,1,4,5,1,3,2,2,5,1,3,3,3,2,4,4,10,6,6,8,10,4,6,6,4,5,3,6,2,0,-1,0,0,2,6,4,1,2,2,3,2,4,6,4,0,2,5,11,4,6,4,4,5,7,9,6,3,2,4,5,6,7,6,6,8,9
"San Joaquin, CA",US,36.6066,-120.189,3,6,2,2,6,3,0,4,5,3,1,1,1,2,0,1,2,0,1,4,5,8,6,6,6,8,5,5,6,3,4,3,4,2,-2,-1,0,0,1,4,2,0,1,2,3,3,4,5,4,1,2,4,11,4,5,3,4,5,7,9,7,1,2,3,6,6,6,5,6,8,8
"Essex, MA",US,42.632,-70.7829,0,0,4,4,0,-3,0,0,-7,-3,7,12,0,0,2,1,-9,-11,-4,-8,-8,-7,-3,0,3,3,1,1,-1,-4,-2,0,0,-1,0,2,0,1,-5,-7,1,1,0,0,-5,-12,-3,0,-1,1,-5,-9,-2,0,0,3,3,4,-2,-2,-5,-3,6,5,2,1,-2,0,4,4,4
"Charlton, GA",US,30.7917,-82.0843,3,6,16,20,3,2,4,1,0,13,17,18,18,15,16,15,11,8,15,1,-1,-1,5,11,6,2,9,4,1,9,10,6,4,4,6,10,18,10,1,4,7,16,17,19,9,3,9,11,13,16,12,4,0,1,9,15,16,4,0,3,0,5,16,18,15,10,3,1,7,12,12
"Collier, FL",US,26.07,-81.4279,11,13,20,21,11,6,10,11,13,19,21,20,18,19,16,14,16,17,15,18,6,1,10,14,14,7,10,16,11,17,11,17,10,6,9,15,21,17,9,14,16,18,20,20,19,17,18,18,19,20,20,19,9,13,12,16,20,14,6,6,5,10,14,17,20,21,10,10,15,15,15
"Pinellas, FL",US,27.8764,-82.7779,13,14,20,22,10,8,9,10,11,18,20,20,20,19,19,18,19,17,18,7,5,2,10,15,13,9,13,12,11,12,14,16,12,10,11,16,20,15,8,12,16,18,19,20,19,12,16,19,20,20,20,10,5,11,15,19,18,12,9,12,9,13,16,19,21,16,10,9,14,17,16
"Alachua, FL",US,29.7938,-82.4944,4,7,16,21,4,1,2,1,2,12,18,18,19,14,15,15,13,10,15,2,0,-1,8,12,7,3,9,5,2,10,11,8,4,4,6,11,19,10,2,4,8,16,17,18,11,4,10,13,15,17,15,5,0,4,10,17,16,5,0,4,1,7,15,17,20,11,4,3,9,13,12
"Nassau, FL",US,30.5927,-81.8224,4,6,16,21,4,1,4,2,1,15,18,18,19,15,16,15,12,11,16,2,0,-1,7,11,8,3,9,5,2,9,11,7,4,4,6,11,19,11,2,4,8,17,17,19,10,5,10,13,13,17,13,4,0,3,10,16,16,5,0,4,1,6,16,18,15,10,4,3,8,12,13
"Pasco, FL",US,28.3232,-82.4319,9,10,18,21,6,3,4,6,7,15,19,18,19,16,17,16,17,13,15,5,2,0,9,14,10,5,11,10,6,11,13,14,7,5,7,12,19,14,4,7,11,17,17,19,20,9,13,17,17,19,19,8,2,8,12,16,17,8,3,7,4,9,13,16,18,15,6,6,10,14,14
"Dallas, TX",US,32.7767,-96.797,4,10,7,3,5,3,3,3,13,18,1,0,5,13,15,9,8,12,1,2,1,3,6,3,2,10,6,10,3,4,5,2,7,11,17,1,-1,0,2,14,7,5,5,3,-3,1,8,14,13,5,5,0,3,8,11,5,3,0,4,6,14,16,13,12,7,6,6,7,15,10,17
"Tarrant, TX",US,32.7732,-97.3517,6,11,7,3,6,3,3,2,14,18,0,0,6,14,16,8,9,10,0,2,2,4,7,3,4,10,5,11,3,4,4,1,8,12,15,1,-2,1,2,14,6,4,4,3,-2,3,8,13,13,5,5,-1,4,8,10,5,3,0,4,7,13,15,13,12,7,6,8,8,16,10,18
"Montgomery, TX",US,30.3883,-95.6963,6,12,10,3,5,7,5,1,12,19,7,0,7,14,19,18,14,18,3,2,1,4,12,3,4,13,8,10,5,6,7,2,6,11,18,5,1,0,6,13,19,8,7,4,0,3,12,15,19,9,6,2,1,8,15,7,5,0,2,4,14,17,18,18,11,9,6,7,15,16,16
"Middlesex, NJ",US,40.5726,-74.4927,1,-4,4,6,1,-1,0,-1,-6,-2,6,16,1,0,3,2,-4,-7,-2,-6,-8,-8,-6,-2,2,0,0,0,0,-5,-1,2,0,0,2,3,1,3,-1,-2,2,5,1,1,0,-11,-4,0,1,4,-3,-7,-5,-3,-2,5,6,3,-2,-3,-4,-3,6,6,2,0,1,-2,2,7,4
"Jefferson, CO",US,39.58,-105.2663,0,-4,-6,0,-2,-5,-1,-1,-5,-7,-11,-7,-7,-2,-4,-5,0,-7,-4,-5,0,0,-4,-1,0,-1,0,-5,-3,-6,-7,1,4,-7,-15,-18,-10,-9,-5,-7,-9,-14,-6,-13,-9,-7,-5,-4,-10,-12,-16,-7,0,-2,-3,-9,-14,-3,-1,0,0,-6,-2,-1,-2,0,2,3,0,1,1
"Multnomah, OR",US,45.5146,-122.5863,9,6,7,4,5,6,9,5,2,1,3,1,0,0,0,1,0,2,5,5,5,6,8,9,7,8,5,8,7,4,8,10,0,0,-1,4,9,9,5,2,3,1,3,1,4,5,4,3,0,4,4,1,1,6,4,1,7,1,3,4,1,4,8,6,3,5,3,2,0,0,4
"Polk, OR",US,44.9267,-123.4919,7,3,4,1,2,2,6,2,0,0,2,1,0,-1,-3,0,-1,1,5,4,2,3,7,6,5,4,3,5,4,4,7,7,0,-1,-1,1,6,6,2,0,0,0,2,0,1,2,1,0,0,0,2,0,0,4,0,0,4,3,1,1,0,1,4,2,1,3,0,-1,-1,0,3
"Deschutes, OR",US,43.8325,-121.2617,1,-2,0,-3,-4,-3,0,-3,-7,-5,-4,-4,-7,-7,-11,-4,-9,-4,-1,0,-2,-3,1,0,0,0,-3,-1,-2,-2,2,2,-7,-11,-10,-3,1,0,-4,-6,-4,-3,-4,-3,-4,-2,-1,-6,-9,-7,-4,-3,-2,0,-6,-3,0,-2,0,-5,-8,-3,0,-1,0,0,-3,-5,-4,-4,0
"McHenry, IL",US,42.3334,-88.2668,-8,0,0,-2,-5,-4,-2,-11,-7,3,-1,-8,-2,-1,-5,-11,-14,-3,-17,-11,-14,-6,-2,0,0,0,-3,-3,-4,-5,-2,0,0,-3,-1,-5,-4,-7,-6,-6,-6,-5,-7,-11,-21,-15,-8,-3,0,-11,-15,-13,-3,0,0,0,-3,-5,-9,-10,-2,-1,-1,0,-2,-1,-6,3,7,1,0
"Lake, IL",US,42.3689,-87.8272,-7,2,1,-1,-4,-2,-1,-10,-6,6,0,-5,-1,0,-4,-8,-11,-2,-15,-8,-10,-5,-2,0,0,0,-2,-1,-3,-2,-1,0,0,-1,0,-4,-3,-5,-3,-5,-4,-3,-5,-10,-19,-14,-7,-4,0,-10,-14,-11,-2,0,0,1,-2,-5,-9,-9,-2,0,-2,0,0,-1,-5,4,9,1,0
"Bucks, PA",US,40.4108,-75.2479,0,-5,3,6,1,-1,-1,-2,-7,-2,6,16,1,0,3,2,-5,-7,-1,-7,-9,-9,-8,-2,2,0,0,0,0,-7,-4,0,0,0,2,2,0,4,-2,-2,1,5,0,1,0,-12,-5,0,0,2,-3,-8,-5,-4,-3,4,5,1,-3,-4,-4,-3,6,5,1,-1,0,-3,2,7,3
"Hanover, VA",US,37.7772,-77.5161,0,0,7,11,2,0,-1,0,-4,0,10,18,8,7,6,8,0,-2,2,-4,-6,-6,-6,0,8,0,0,1,-1,-2,-3,0,0,7,12,13,4,9,-1,-2,2,8,5,6,1,-6,0,1,0,6,0,-4,-6,-3,1,7,7,2,-1,-1,-5,1,8,5,6,2,2,-2,5,12,9
"Lancaster, SC",US,34.7253,-80.6771,1,2,7,13,0,1,3,0,1,7,12,16,16,17,13,16,3,1,7,-3,-4,-5,-2,3,4,0,3,0,0,3,0,2,1,4,11,13,16,7,-2,0,0,14,12,16,5,-1,0,3,9,11,5,0,-4,-1,8,7,9,1,-1,0,-3,3,12,10,8,3,0,-1,1,12,10
"Sullivan, TN",US,36.4933,-82.3452,1,0,5,10,0,-1,0,0,-2,6,12,8,4,9,11,7,-3,3,0,-6,-7,-9,-1,5,3,0,2,1,0,2,2,0,0,2,9,11,12,0,-3,0,2,8,4,11,0,-6,0,0,4,4,1,-5,-7,-4,2,6,5,-2,-3,-1,-6,1,8,1,4,3,0,-4,0,10,10
"Johnson, IN",US,39.4638,-86.1345,0,3,7,1,-3,-2,-1,-2,-2,7,12,0,1,0,0,-1,-5,0,-11,-10,-7,-7,-1,2,0,-1,-2,-1,0,-1,0,0,0,2,13,0,-2,-4,-2,-4,1,0,-2,0,-14,-10,0,-1,7,-4,-4,-9,-6,-1,2,4,0,-5,-6,-7,-4,7,6,1,-1,0,-4,-1,8,11,4
"Howard, IN",US,40.4483,-86.1345,-1,2,5,1,-3,-3,-2,-4,-4,6,11,0,0,0,0,-2,-7,-1,-14,-11,-6,-7,-1,1,0,-1,-3,-1,-2,-2,-1,0,0,0,5,-1,-3,-5,-4,-5,0,-1,-4,-1,-18,-16,-4,-4,2,-4,-6,-10,-6,-2,1,2,-1,-6,-9,-10,-5,6,2,0,-2,0,-5,0,7,9,2
"St. Joseph, IN",US,41.6228,-86.3377,-3,1,1,0,-3,-2,-2,-5,-6,6,7,-2,0,0,-1,-2,-7,-3,-14,-11,-7,-6,-1,0,0,0,-1,0,-2,-2,-1,0,0,-1,1,-3,-3,-5,-4,-3,-1,-2,-5,-1,-15,-15,-6,-5,0,-6,-7,-11,-5,-1,0,1,-2,-5,-8,-7,-5,4,-1,0,-2,0,-6,0,8,2,0
"Knox, NE",US,42.6712,-97.8722,-6,-2,-3,-9,0,-4,-5,-9,-4,-9,-21,-13,-8,-11,-12,-22,-11,-14,-21,-22,-17,-2,-3,-5,-7,-5,-3,-5,-3,-1,0,-4,1,-2,-9,-8,-7,-10,-11,-4,-6,-5,-1,-23,-15,-3,-3,-1,-7,-12,-17,-4,-3,-2,-4,-1,-7,-4,0,-2,0,-2,0,0,3,-4,3,6,0,-5,-2
"Stark, OH",US,40.8685,-81.2519,-3,0,5,3,-2,0,-3,-1,-8,3,8,2,1,0,0,0,-5,-4,-7,-9,-9,-11,-4,1,2,-1,0,0,-2,-4,-2,-2,0,0,10,-2,-1,-3,-5,-2,0,0,-5,0,-10,-14,0,-5,3,-3,-6,-11,-6,-4,-1,2,2,-6,-8,-8,-8,3,6,0,-3,0,-2,-2,6,9,0
"Anoka, MN",US,45.3293,-93.2197,-12,-3,-3,-7,-5,-7,-8,-20,-12,-10,-21,-16,-11,-3,-11,-25,-21,-7,-18,-17,-19,-9,-1,-3,-3,-6,-6,-11,-11,-9,-5,-6,0,-2,-14,-15,-13,-10,-18,-13,-16,-8,-6,-24,-25,-11,-14,-8,-10,-20,-24,-13,-11,-6,-8,-6,-9,-10,-11,-14,-2,-4,-1,-6,0,-8,-2,3,0,-7,-2
"Olmsted, MN",US,43.9952,-92.3814,-10,0,-3,-6,-5,-6,-6,-18,-10,-7,-15,-14,-9,-3,-10,-23,-20,-5,-20,-17,-19,-10,-4,-3,-2,-7,-7,-10,-10,-10,-5,-2,0,-4,-11,-14,-12,-9,-16,-12,-18,-10,-7,-23,-27,-13,-9,-6,-9,-19,-25,-16,-6,-5,-7,-4,-5,-10,-10,-15,0,-1,-3,-5,0,-6,-3,3,0,-5,0
"Summit, UT",US,40.8298,-110.9984,-8,-12,-12,-9,-11,-13,-11,-7,-13,-18,-14,-15,-14,-12,-16,-10,-11,-16,-11,-7,-6,-7,-8,-8,-9,-8,-9,-11,-11,-13,-13,-6,-2,-16,-24,-22,-14,-7,-7,-16,-17,-19,-12,-13,-8,-12,-9,-16,-21,-17,-18,-10,-7,-8,-16,-17,-18,-11,-8,-5,-6,-15,-11,-8,-6,-3,-3,-4,-7,-7,-6
"Fairfield, CT",US,41.256,-73.3709,0,-2,3,5,0,-1,0,-1,-7,-2,6,12,0,1,3,1,-8,-9,-2,-9,-10,-10,-7,-2,0,0,0,0,-2,-6,-3,0,0,0,1,1,1,1,-3,-4,1,3,0,0,-2,-12,-4,0,0,2,-3,-8,-4,-3,0,3,5,5,-3,-3,-6,-2,6,5,1,0,-1,-1,4,7,3
"Litchfield, CT",US,41.7866,-73.2765,-1,-3,2,3,-1,-3,-2,-3,-10,-5,5,12,-1,0,1,0,-11,-12,-6,-11,-11,-11,-8,-2,0,0,-1,-1,-4,-8,-5,0,-2,-1,0,0,-1,0,-6,-8,-1,1,-1,0,-8,-14,-6,-3,-2,0,-6,-10,-6,-4,-1,2,3,3,-6,-6,-9,-4,4,3,0,-1,-3,-2,3,6,0
"Orleans, LA",US,29.9511,-90.0715,10,13,15,13,8,11,13,8,12,18,20,10,15,18,19,17,15,18,10,4,2,3,8,10,7,10,11,8,12,8,10,8,8,12,16,19,10,3,10,13,17,21,20,13,6,6,14,13,17,18,15,4,4,9,13,16,11,5,5,9,11,17,18,21,13,12,8,12,16,18,17
"Pennington, SD",US,43.8901,-102.2548,-5,0,-6,-6,-2,-5,-5,-5,-3,-11,-16,-14,-10,-15,-21,-18,-3,-14,-16,-17,-4,0,-2,-4,-3,-1,-3,-2,-5,-2,-6,0,0,-4,-7,-11,-6,-8,-8,-6,-5,-8,-3,-19,-8,-3,-3,-2,-6,-14,-11,-7,-3,-2,-3,-5,-12,-3,-2,-1,-1,-4,-1,0,0,-1,4,4,-3,-3,0
"Beadle, SD",US,44.4797,-98.2213,-10,-1,-4,-14,-2,-8,-7,-15,-8,-12,-25,-15,-8,-15,-18,-27,-15,-17,-23,-26,-19,-6,-7,-7,-8,-10,-9,-7,-5,-3,-2,-7,1,-3,-13,-12,-10,-16,-17,-6,-12,-13,-5,-30,-25,-5,-11,-5,-15,-21,-25,-9,-9,-4,-11,-6,-14,-10,-5,-4,-5,-9,-2,-4,0,-8,0,2,-4,-6,-3
"Charles Mix, SD",US,43.0985,-98.3965,-7,-1,-3,-11,0,-4,-6,-11,-5,-11,-23,-14,-8,-12,-15,-23,-11,-15,-22,-23,-18,-1,-3,-6,-8,-6,-4,-5,-4,-2,-1,-5,0,-3,-9,-8,-9,-11,-13,-4,-7,-7,-2,-23,-17,-2,-7,-3,-8,-15,-19,-5,-4,-3,-6,-2,-9,-5,0,-2,0,-3,0,0,3,-4,2,6,-1,-5,-2
"Davison, SD",US,43.7242,-98.2213,-9,0,-4,-11,0,-6,-6,-13,-6,-12,-25,-15,-9,-14,-16,-25,-14,-16,-23,-25,-19,-3,-6,-6,-9,-8,-7,-6,-6,-3,-2,-5,1,-4,-11,-10,-9,-13,-16,-5,-9,-8,-2,-27,-21,-3,-10,-4,-11,-18,-21,-5,-6,-2,-9,-4,-11,-9,-1,-2,0,-5,0,0,1,-4,1,6,-2,-5,-3
"Minnehaha, SD",US,43.6632,-96.8351,-9,-2,-3,-13,0,-6,-7,-13,-6,-11,-22,-16,-9,-12,-11,-26,-17,-16,-23,-24,-21,-6,-2,-4,-7,-8,-5,-11,-11,-5,0,-6,2,-4,-12,-12,-10,-12,-18,-6,-13,-12,-3,-27,-24,-5,-7,-2,-10,-16,-23,-9,-7,-3,-7,-3,-11,-9,-3,-4,-1,-5,0,-1,1,-5,0,4,-2,-6,-4
"Bon Homme, SD",US,42.9815,-97.8722,-8,-2,-3,-10,0,-4,-5,-10,-5,-10,-21,-14,-8,-12,-13,-23,-13,-15,-22,-24,-19,-2,-4,-5,-7,-6,-4,-5,-5,-2,-1,-4,1,-2,-9,-9,-8,-12,-14,-5,-7,-6,-1,-23,-16,-3,-5,-3,-8,-14,-17,-5,-4,-2,-5,-2,-8,-4,-1,-3,0,-3,0,0,3,-4,2,6,-1,-6,-3
"Socorro, NM",US,33.8837,-106.7235,-5,-1,-4,-4,-3,-1,-5,-5,-1,0,-7,-2,-2,-3,0,3,2,-2,-2,-1,2,1,-1,-1,0,-1,0,0,-3,-1,-1,-3,-2,0,2,-7,-6,0,0,1,6,-1,-4,-4,-3,0,0,2,2,1,1,-1,3,5,0,0,-6,-3,0,1,3,2,1,1,0,2,3,9,3,5,9
"Bernalillo, NM",US,35.0178,-106.6291,-6,-1,-5,-4,-3,-1,-6,-5,-1,0,-7,-3,-3,-3,0,1,0,-5,-3,-1,2,2,0,-1,-1,-1,0,0,-3,-1,-1,-2,-2,0,-1,-9,-6,0,0,1,3,-2,-2,-4,-3,0,0,1,2,1,0,-1,2,4,0,0,-6,-3,-1,1,3,1,1,1,0,2,3,9,2,6,7
"Oakland, MI",US,42.5922,-83.3362,-3,0,2,0,-2,-1,-1,-5,-9,3,6,-6,-3,-1,-2,0,-8,-5,-8,-12,-10,-8,-4,0,0,0,0,0,-3,-3,-2,-5,0,0,0,-6,-4,-3,-6,-5,0,-3,-5,-1,-17,-12,-2,-6,-1,-7,-11,-11,-5,-2,0,0,-1,-7,-9,-7,-8,3,-1,0,-4,0,-6,0,5,10,0
"Wayne, MI",US,42.2791,-83.3362,-3,0,3,1,-2,0,-2,-4,-8,4,7,-5,-2,0,-2,0,-7,-4,-9,-11,-9,-8,-3,0,1,0,0,0,-2,-2,-1,-4,0,-1,1,-5,-4,-3,-4,-4,0,-2,-5,-1,-15,-12,-2,-6,0,-6,-9,-11,-4,-2,0,0,0,-7,-8,-7,-8,3,0,0,-4,0,-5,0,6,10,0
"New Castle, DE",US,39.5393,-75.6674,3,-2,6,7,2,0,0,-1,-4,-1,7,16,4,2,4,7,-2,-5,0,-5,-6,-5,-5,-1,5,1,1,3,2,-3,-2,0,0,0,5,3,2,5,0,-2,3,6,3,2,1,-9,-2,2,2,5,0,-5,-5,-4,-2,6,6,3,-1,-2,-3,0,4,6,3,1,1,-1,3,9,6
