Province/State,Country/Region,Lat,Long,1/1/20,1/2/20,1/3/20,1/4/20,1/5/20,1/6/20,1/7/20,1/8/20,1/9/20,1/10/20,1/11/20,1/12/20,1/13/20,1/14/20,1/15/20,1/16/20,1/17/20,1/18/20,1/19/20,1/20/20,1/21/20,1/22/20,1/23/20,1/24/20,1/25/20,1/26/20,1/27/20,1/28/20,1/29/20,1/30/20,1/31/20,2/1/20,2/2/20,2/3/20,2/4/20,2/5/20,2/6/20,2/7/20,2/8/20,2/9/20,2/10/20,2/11/20,2/12/20,2/13/20,2/14/20,2/15/20,2/16/20,2/17/20,2/18/20,2/19/20,2/20/20,2/21/20,2/22/20,2/23/20,2/24/20,2/25/20,2/26/20,2/27/20,2/28/20,2/29/20,3/1/20,3/2/20,3/3/20,3/4/20,3/5/20,3/6/20,3/7/20,3/8/20,3/9/20,3/10/20,3/11/20,3/12/20,3/13/20,3/14/20,3/15/20,3/16/20,3/17/20,3/18/20,3/19/20
,Thailand,15.0,101.0,4,4,3,2,2,2,1,2,2,1,1,2,2,0,0,1,1,1,2,2,1,0,2,3,4,3,3,2,2,4,4,2,1,1,2,2,2,1,2,4,4,2,2,4,5,3,2,4,5,4,3,4,5,4,3,1,2,2,2,2,2,2,3,3,2,1,2,3,3,3,3,3,3,3,2,1,3,4,5
,Japan,36.0,138.0,1,1,2,1,1,1,1,3,1,1,1,1,2,1,1,0,1,1,1,2,1,1,1,1,1,1,1,1,1,2,1,1,0,1,1,2,1,1,2,1,2,0,1,1,0,0,1,2,3,0,0,1,2,3,1,1,1,1,0,1,1,1,1,1,3,1,1,1,0,1,2,1,1,1,1,2,1,1,2
,Singapore,1.2833,103.8333,5,4,4,6,5,5,4,4,4,4,3,2,4,4,4,3,4,3,4,4,4,4,4,5,4,4,3,3,3,3,5,5,6,6,4,4,5,6,4,3,3,3,4,4,4,2,2,4,4,5,6,6,6,6,6,5,5,5,5,5,4,4,4,4,3,3,3,2,2,3,3,4,3,4,4,5,5,4,3
,Nepal,28.1667,84.25,1,1,0,1,1,1,0,0,0,1,1,1,0,1,1,0,0,1,1,1,0,1,1,1,1,1,1,1,1,1,1,1,1,1,1,1,1,1,1,1,1,1,1,1,1,1,1,1,1,0,1,1,1,1,1,1,0,1,1,1,1,1,1,1,1,1,1,1,1,1,1,1,1,1,1,1,1,1,1
,Malaysia,2.5,112.5,0,0,0,0,0,0,0,0,1,0,1,1,0,0,0,0,0,0,0,0,0,0,0,0,0,0,0,0,1,1,1,1,1,1,0,1,1,1,0,0,0,0,0,1,0,0,0,0,0,1,1,1,1,1,1,0,0,1,1,0,0,0,0,0,0,0,0,0,0,0,1,0,0,0,1,1,0,0,0
British Columbia,Canada,49.2827,-123.1207,3,3,2,4,3,4,2,4,3,1,4,3,3,2,2,4,3,2,4,2,2,4,3,3,2,2,3,3,1,3,2,3,5,2,1,2,1,1,2,2,1,1,1,0,2,2,2,2,1,1,1,1,1,2,4,3,1,1,2,3,3,1,2,3,2,2,1,1,1,1,3,4,2,2,4,2,1,1,1
New South Wales,Australia,-33.8688,151.2093,5,4,4,4,7,3,3,5,4,4,7,5,3,2,2,2,6,5,2,2,2,3,5,3,3,3,4,3,4,3,4,4,4,4,6,3,4,6,7,12,4,3,3,3,3,2,3,1,3,4,4,2,3,3,3,3,4,4,4,3,3,4,4,4,6,4,5,4,3,2,2,2,3,7,6,5,3,2,2
Victoria,Australia,-37.8136,144.9631,2,2,1,5,5,2,3,4,2,5,5,4,2,2,3,5,4,2,2,3,3,6,5,3,2,2,2,2,1,2,4,3,4,6,4,3,2,2,4,5,3,2,3,3,2,4,3,2,2,7,4,4,3,2,1,3,4,4,3,1,3,5,3,1,2,4,4,3,3,1,2,4,6,6,3,2,3,4,3
Queensland,Australia,-28.0167,153.4,3,3,2,3,4,3,2,2,2,3,4,6,6,4,2,2,3,3,2,4,4,4,5,4,3,3,3,2,3,2,2,3,4,4,7,6,4,2,3,3,2,2,3,3,3,2,2,3,2,4,4,3,5,5,3,4,2,2,2,4,3,2,3,4,4,3,6,6,6,6,7,7,6,6,8,8,6,5,3
,Cambodia,11.55,104.9167,4,3,3,3,3,2,1,2,2,2,2,1,2,2,1,1,1,1,2,1,1,1,2,2,3,2,4,3,2,2,1,2,2,1,2,2,1,2,1,4,3,2,3,3,3,3,2,2,4,4,3,4,4,4,2,1,2,2,2,2,2,3,3,3,3,2,2,2,3,3,3,3,3,4,3,3,2,3,3
,Sri Lanka,7.0,81.0,1,1,1,1,1,1,1,1,1,1,1,2,1,1,1,1,1,1,1,1,1,1,1,1,1,1,1,1,1,1,1,1,1,1,1,1,1,1,1,1,1,1,1,2,1,1,1,1,1,1,1,1,1,1,1,1,1,1,1,1,1,1,1,1,1,1,0,1,1,1,1,1,1,1,1,1,1,1,1
,Germany,51.0,9.0,0,3,4,3,1,2,2,3,4,4,2,5,3,6,5,1,3,3,1,1,0,0,0,1,1,2,4,6,4,5,5,5,5,4,3,2,1,1,2,7,8,7,5,4,2,4,7,5,6,5,5,5,6,6,4,5,4,3,4,5,5,2,2,2,2,3,3,4,3,5,4,6,5,1,3,1,1,1,0
,Finland,64.0,26.0,3,5,5,4,3,3,4,5,5,3,4,4,3,4,4,2,3,2,3,4,7,4,3,4,3,2,3,4,3,4,4,5,3,5,2,3,4,2,3,4,6,5,3,2,2,3,5,5,4,3,2,6,5,4,5,2,1,1,1,1,2,2,2,4,4,3,2,4,5,3,2,1,4,4,5,4,4,3,3
,United Arab Emirates,24.0,54.0,2,2,2,3,6,5,4,1,2,5,6,8,4,4,5,2,2,1,2,3,3,2,5,4,2,7,7,4,2,1,2,2,2,4,3,2,2,2,2,4,3,6,8,6,4,3,2,2,2,2,2,4,3,2,2,3,6,7,4,3,2,2,5,6,4,2,1,3,3,3,3,2,3,3,4,4,4,4,4
,Philippines,13.0,122.0,8,9,9,8,10,10,7,5,5,4,4,3,3,4,6,5,3,4,6,6,7,7,5,4,4,1,2,2,2,3,7,8,8,8,5,6,8,5,4,9,10,8,5,4,5,4,4,6,9,10,10,10,9,7,6,5,4,7,7,5,3,4,5,4,5,5,3,2,3,2,4,5,4,2,3,5,7,5,4
,India,21.0,78.0,3,2,2,1,2,2,1,2,2,2,2,1,1,1,2,2,1,1,2,2,2,1,1,1,1,1,2,3,2,2,2,2,3,2,2,2,2,3,4,3,2,2,1,1,1,1,1,2,1,2,2,3,2,2,2,2,1,1,2,2,2,2,2,2,2,2,2,2,3,2,3,1,3,2,2,2,3,2,3
,Italy,43.0,12.0,1,0,1,1,2,2,0,1,0,1,2,2,0,0,0,1,0,2,3,4,2,0,0,1,2,1,1,4,2,1,2,2,2,1,4,5,5,1,0,2,4,4,1,2,3,1,0,1,1,1,2,1,0,1,1,4,6,3,3,3,5,6,2,1,2,3,2,3,1,2,0,1,1,1,4,1,0,2,0
,Sweden,63.0,16.0,4,5,5,6,3,1,3,4,4,1,4,2,2,4,2,2,2,1,4,4,7,6,3,4,3,3,2,1,4,2,3,2,4,2,1,4,1,2,3,4,4,2,1,2,1,3,4,4,3,1,4,3,3,4,3,1,0,1,2,1,2,3,3,3,2,1,1,5,3,1,1,2,5,3,5,3,4,2,4
,Spain,40.0,-4.0,1,0,1,2,1,0,0,0,1,3,1,0,0,1,1,2,3,2,6,8,9,4,2,2,2,3,3,6,4,3,4,4,1,1,1,2,2,2,2,1,2,1,1,3,1,1,2,3,3,2,1,2,1,1,1,3,2,2,1,7,8,11,8,6,7,7,3,2,3,1,1,2,2,1,3,4,4,3,4
South Australia,Australia,-34.9285,138.6007,2,2,4,6,4,3,3,3,3,4,4,3,2,2,4,5,4,3,4,5,2,5,7,3,2,2,3,2,2,3,4,4,4,4,4,3,3,3,3,3,3,4,4,3,4,4,3,1,6,4,3,4,3,2,2,2,4,3,3,1,3,5,4,2,3,4,3,4,4,3,2,3,5,5,3,3,3,3,5
,Belgium,50.8333,4.0,2,4,7,4,3,4,5,5,7,4,5,7,6,11,9,5,6,4,3,1,1,1,2,1,1,5,7,8,6,7,7,7,7,6,7,1,1,4,5,13,12,10,7,8,5,9,14,9,8,6,9,6,10,10,7,7,7,5,7,10,7,5,4,4,4,6,4,7,5,9,8,8,6,4,6,1,3,3,1
,Egypt,26.0,30.0,2,3,4,4,2,2,4,2,3,4,2,1,2,2,2,4,4,4,3,2,5,4,2,3,3,2,1,3,3,2,4,3,2,3,3,2,3,5,4,4,5,3,1,2,2,2,4,3,3,4,1,2,3,2,5,4,1,1,2,4,4,3,2,2,4,6,3,1,3,4,4,10,9,5,2,2,4,4,2
From Diamond Princess,Australia,35.4437,139.638,3,2,2,4,6,3,3,3,4,4,3,3,2,2,3,3,4,7,3,2,5,2,2,2,4,3,5,8,4,3,7,5,3,4,3,5,9,2,4,6,3,4,5,4,2,3,2,7,5,2,2,4,8,4,2,3,5,7,3,2,4,5,3,3,5,4,4,6,6,4,4,4,4,6,3,7,5,3,5
,Lebanon,33.8547,35.8623,1,1,2,2,2,2,3,3,1,1,1,1,1,1,1,2,1,1,3,2,1,1,2,2,1,1,1,1,1,2,6,2,1,1,1,1,2,3,7,2,2,1,2,1,1,1,1,1,1,1,1,2,2,1,1,1,1,1,1,3,2,1,1,1,1,1,1,1,2,1,1,4,3,1,1,1,2,3,3
,Iraq,33.0,44.0,2,2,2,3,2,1,2,5,2,3,7,4,2,4,3,2,6,2,1,1,2,3,2,5,3,5,3,1,3,1,5,4,2,2,2,3,3,3,5,4,5,3,2,6,4,2,3,4,2,3,4,1,5,3,4,4,5,1,1,2,4,4,3,4,2,6,5,4,4,1,3,4,7,6,2,1,4,6,3
,Oman,21.0,57.0,2,1,2,3,3,2,5,2,4,5,7,8,4,4,5,3,1,2,2,1,1,3,4,1,1,5,7,4,1,2,3,2,2,3,4,1,1,2,3,4,3,3,5,6,4,3,2,3,3,2,3,3,3,3,3,4,3,5,5,3,2,2,3,6,5,2,3,2,3,3,4,2,3,3,4,4,3,4,3
,Afghanistan,33.0,65.0,1,0,1,1,0,1,1,2,1,1,1,1,1,1,1,1,1,1,1,1,1,1,1,1,1,1,1,2,1,1,1,1,1,1,1,1,2,1,1,1,1,1,2,1,2,1,2,2,1,2,1,1,1,1,1,1,1,1,1,1,1,1,1,2,1,1,1,2,1,1,1,1,1,2,1,1,1,1,1
,Bahrain,26.0275,50.55,6,3,4,5,6,7,5,2,4,3,9,9,5,7,7,3,2,5,4,6,3,5,7,4,3,10,9,5,3,4,2,3,7,5,4,2,1,4,6,6,8,10,10,8,5,4,2,5,3,4,5,5,2,2,3,6,7,6,6,3,5,7,8,7,6,3,5,3,5,4,2,2,4,6,5,3,4,6,5
,Kuwait,29.5,47.75,4,2,3,3,3,2,1,4,3,4,7,6,2,6,4,1,5,4,2,2,2,5,3,2,4,8,5,2,4,3,3,4,1,3,2,2,2,4,3,3,5,4,4,1,2,3,3,6,3,5,5,2,3,3,4,6,7,4,3,3,3,4,5,5,3,3,4,4,4,2,2,2,5,4,3,2,3,6,4
,Algeria,28.0339,1.6596,5,5,6,5,5,7,8,6,3,4,2,4,3,3,5,5,6,5,2,8,6,4,2,2,2,4,5,5,5,4,5,5,6,7,5,3,6,6,5,6,7,4,3,2,4,6,7,6,6,6,6,6,7,8,6,4,3,4,5,4,3,3,4,3,2,3,8,6,5,5,7,8,4,4,4,6,2,5,6
,Croatia,45.1,15.2,1,0,1,0,2,1,1,1,1,2,1,1,1,2,1,1,0,1,2,3,1,1,1,1,1,0,0,5,1,1,4,3,3,3,3,5,3,1,0,3,7,3,1,2,2,1,1,3,1,1,1,1,1,3,2,3,3,2,2,3,3,4,2,2,1,2,2,2,1,1,1,2,1,3,3,1,1,1,0
,Switzerland,46.8182,8.2275,1,1,1,1,0,1,1,1,1,1,0,1,1,2,2,1,1,1,1,2,2,1,2,1,1,0,1,2,2,1,1,1,1,2,3,2,1,1,1,2,3,3,1,2,1,1,2,1,1,2,1,1,1,1,1,1,2,2,1,3,1,2,1,1,2,1,1,1,1,1,1,1,1,0,2,1,1,1,1
,Austria,47.5162,14.5501,0,1,1,1,2,1,1,1,1,1,1,1,1,1,2,1,1,1,1,1,1,1,1,1,1,0,1,1,1,1,1,1,1,1,3,3,1,1,1,1,2,1,1,1,1,1,1,1,1,1,1,2,1,1,2,0,1,1,2,2,1,1,1,1,1,0,1,1,1,1,1,1,1,0,1,1,0,0,0
,Israel,31.0,35.0,1,1,3,5,4,1,4,6,7,3,1,1,2,2,2,2,3,5,4,4,6,3,2,6,1,1,1,2,3,1,4,3,1,2,2,0,2,4,8,5,2,2,1,1,2,2,2,1,3,5,3,2,3,2,3,6,2,1,1,4,6,2,1,2,2,3,2,2,2,3,1,6,6,6,0,1,5,5,5
,Pakistan,30.3753,69.3451,2,1,1,1,1,1,1,2,1,1,1,2,3,1,1,1,1,1,1,1,1,1,1,1,1,1,1,2,1,1,2,1,1,2,1,1,3,1,1,1,1,2,2,3,2,2,1,1,2,4,3,1,1,1,1,2,1,2,2,1,1,1,2,2,2,3,2,2,2,1,3,2,2,1,1,2,1,2,2
,Brazil,-14.235,-51.9253,1,1,2,2,3,2,2,1,1,1,1,1,1,1,1,1,1,1,1,1,1,1,2,2,3,2,1,1,2,1,0,1,1,1,1,1,1,1,1,2,3,1,1,1,0,0,1,1,1,1,1,1,1,1,1,1,1,1,1,0,1,0,1,1,1,1,1,1,1,1,1,1,1,1,1,1,1,1,0
,Georgia,42.3154,43.3569,1,2,1,4,1,2,3,1,2,2,1,0,2,1,1,4,3,0,3,2,2,2,1,4,1,1,1,2,1,1,3,2,1,0,1,2,2,1,2,2,1,2,1,1,2,4,1,3,4,2,0,2,2,1,1,3,2,2,2,3,2,1,1,2,3,4,4,2,4,4,1,1,3,2,1,2,1,3,2
,Greece,39.0742,21.8243,1,1,1,1,2,3,1,1,1,0,0,1,1,0,1,1,1,1,1,1,1,1,1,1,2,1,1,2,3,1,2,1,1,2,2,2,2,1,1,1,2,3,1,1,1,1,1,1,0,1,1,1,1,1,1,1,3,5,2,1,1,2,2,2,1,2,2,2,1,1,0,1,1,1,1,3,1,1,1
,North Macedonia,41.6086,21.7453,2,1,0,1,4,5,2,1,0,0,1,1,0,0,0,0,0,0,1,1,0,0,1,0,0,0,0,1,1,1,1,1,1,1,2,4,5,2,1,0,1,1,1,1,1,3,0,0,1,1,3,2,2,0,1,1,2,3,2,2,1,2,2,2,2,1,1,1,1,2,1,1,1,2,2,1,1,2,1
,Norway,60.472,8.4689,5,5,7,5,3,2,3,7,3,1,4,4,3,4,3,5,2,2,3,5,8,4,5,6,4,2,2,1,1,1,1,3,3,1,1,4,3,1,2,6,5,3,4,2,1,2,6,7,5,2,3,5,5,3,2,2,1,1,2,2,2,1,1,1,2,1,1,3,2,2,4,3,2,2,4,2,5,4,2
,Romania,45.9432,24.9668,4,1,0,1,3,1,0,0,0,0,1,0,0,0,0,0,1,0,0,1,1,1,3,0,1,0,1,1,3,3,3,3,4,5,2,3,3,4,1,0,1,4,5,3,1,1,0,0,1,1,1,1,2,3,7,1,1,3,2,2,1,2,2,2,2,1,1,1,0,1,3,1,2,2,1,1,1,1,1
,Estonia,58.5953,25.0136,4,5,8,5,3,3,4,8,4,2,3,7,4,5,8,6,5,5,5,5,6,5,4,4,4,5,2,3,4,3,3,4,5,5,2,4,5,3,2,6,9,6,4,4,2,5,7,10,8,5,2,6,9,7,5,2,3,5,2,3,5,3,3,5,3,2,2,1,3,4,5,6,6,4,5,6,3,7,4
,San Marino,43.9424,12.4578,1,1,1,1,2,1,1,1,1,2,2,1,1,1,1,1,1,2,4,4,2,1,1,1,1,1,1,5,4,1,1,2,1,2,6,7,4,1,1,1,7,8,2,2,2,1,1,2,2,1,1,1,1,2,2,3,6,4,3,3,3,6,3,3,2,3,2,2,2,2,2,2,1,2,3,2,1,1,1
,Belarus,53.7098,27.9534,6,5,4,6,4,3,2,4,4,3,4,6,5,3,6,5,2,4,2,4,7,7,6,7,6,4,2,3,4,4,3,3,7,7,3,4,7,6,4,4,9,5,5,6,2,2,7,7,5,5,2,4,6,8,5,4,3,4,5,4,7,5,4,4,3,2,2,2,2,2,6,8,8,8,5,6,3,5,5
,Iceland,64.9631,-19.0208,11,5,4,11,11,7,10,13,12,11,8,2,8,10,4,6,3,4,15,12,8,13,15,6,11,7,6,3,2,3,4,2,2,2,7,11,12,12,5,2,8,4,4,5,16,7,5,7,5,6,5,6,3,6,5,3,8,9,10,5,13,11,5,4,2,3,7,7,8,11,10,6,3,4,7,7,1,6,3
,Lithuania,55.1694,23.8813,5,6,6,6,4,4,3,5,4,3,4,7,4,4,5,5,3,4,3,5,7,6,5,7,5,4,2,4,3,3,2,4,8,5,2,4,6,3,3,5,9,6,7,6,1,3,7,7,6,6,3,6,8,8,5,3,3,5,5,4,5,3,3,3,2,3,2,1,2,3,8,8,8,7,4,6,3,6,5
,Mexico,23.6345,-102.5528,5,7,8,4,1,1,1,3,3,3,6,1,2,1,1,1,4,3,1,3,4,4,3,1,2,2,2,2,3,4,6,2,2,4,7,9,11,6,2,3,4,6,6,7,3,4,3,1,1,1,3,2,5,2,4,4,3,4,2,1,3,5,6,10,7,3,6,3,3,2,2,2,2,3,2,3,2,3,4
,New Zealand,-40.9006,174.886,7,7,4,3,8,11,5,3,4,4,8,9,7,6,5,5,4,4,5,3,2,6,6,4,7,6,7,6,8,6,10,7,9,8,10,6,5,3,8,2,2,4,3,6,3,2,5,6,4,5,2,7,7,7,2,2,2,5,6,7,2,3,6,8,6,3,3,4,6,7,7,5,2,2,2,6,12,4,8
,Nigeria,9.082,8.6753,2,2,1,2,2,2,2,2,3,2,2,2,2,2,2,2,2,2,2,2,2,3,3,4,3,2,2,2,2,2,2,2,2,2,1,2,2,2,3,2,3,3,2,2,2,2,2,2,2,2,2,3,2,2,2,2,2,1,1,2,1,2,1,2,2,2,2,1,2,1,1,2,1,2,2,1,2,2,2
Western Australia,Australia,-31.9505,115.8605,5,6,7,5,4,4,3,5,7,5,5,4,4,4,5,4,4,5,5,4,6,5,4,4,4,4,4,4,4,6,5,5,5,6,5,3,2,2,5,6,5,5,4,4,4,4,5,5,6,3,3,5,3,3,5,4,5,8,6,3,6,7,4,3,2,4,3,3,5,4,4,5,6,4,3,3,5,5,3
,Ireland,53.1424,-7.6921,3,7,4,4,6,8,9,3,3,6,8,4,10,6,7,8,4,0,2,2,1,1,1,2,5,6,6,6,6,6,8,8,7,7,5,2,4,7,10,12,10,9,5,4,7,10,11,9,7,7,8,10,9,4,8,7,6,4,6,11,8,6,4,1,2,5,8,8,8,8,8,9,5,6,6,6,6,3,3
,Luxembourg,49.8153,6.1296,1,2,5,3,1,1,2,2,4,4,1,4,3,6,5,2,4,3,2,2,1,1,2,0,0,1,5,7,5,4,5,6,5,5,6,1,1,2,2,8,11,8,6,5,4,4,9,6,6,5,6,4,6,9,5,6,6,5,4,6,6,3,3,3,3,5,3,5,3,7,7,6,5,2,3,1,1,1,1
,Monaco,43.7333,7.4167,1,1,1,2,2,2,2,2,2,2,2,2,2,1,1,2,2,1,4,6,5,4,4,3,2,1,3,6,4,1,1,3,2,2,5,2,2,2,2,2,8,8,2,3,3,1,1,4,2,2,2,2,1,2,1,2,8,5,3,1,4,4,2,3,2,2,2,2,2,2,2,1,2,1,3,4,2,1,2
,Qatar,25.3548,51.1839,5,2,3,5,5,5,4,1,2,2,7,7,3,5,4,2,2,3,3,5,3,4,6,4,2,7,7,4,1,3,2,2,5,4,3,2,1,2,5,3,7,8,8,6,4,4,2,4,3,3,5,5,3,3,4,5,6,5,5,2,3,5,7,6,5,2,3,2,5,3,1,1,3,4,5,2,3,5,4
,Ecuador,-1.8312,-78.1834,1,1,1,1,2,2,1,2,2,2,1,1,1,1,1,1,1,1,1,1,1,1,1,1,1,1,1,1,2,2,2,1,2,1,1,1,2,2,2,1,1,2,2,1,1,1,1,1,1,1,1,2,1,1,1,1,1,1,1,1,1,1,1,1,1,1,1,1,1,1,1,1,1,1,1,1,1,1,1
,Azerbaijan,40.1431,47.5769,1,1,3,2,2,0,1,0,1,1,1,1,1,1,1,1,1,2,1,1,1,2,4,5,2,2,1,1,1,2,1,2,2,2,5,2,3,3,4,6,1,2,2,3,4,1,1,2,1,1,1,1,2,1,1,7,1,1,3,4,3,3,1,1,1,2,2,1,1,1,1,1,3,2,2,2,4,2,1
,Armenia,40.0691,45.0382,1,1,1,1,1,1,1,1,1,1,1,1,1,1,1,1,1,1,1,1,1,1,2,1,1,1,1,1,1,2,3,1,1,1,3,2,3,4,3,1,3,1,2,2,2,1,1,2,1,1,1,1,1,1,2,3,1,1,2,1,1,1,1,1,1,1,2,1,1,1,1,1,1,1,1,1,2,2,1
,Dominican Republic,18.7357,-70.1627,1,1,2,2,1,2,2,1,1,2,3,3,2,2,3,2,2,3,3,1,1,2,2,1,1,1,1,1,1,1,1,1,2,1,2,2,1,2,2,1,2,2,1,2,2,2,1,2,2,2,2,2,1,1,1,2,2,1,1,1,1,2,2,1,1,1,2,1,3,3,2,1,1,1,3,3,3,3,3
,Indonesia,-0.7893,113.9213,0,0,0,0,0,0,0,0,0,1,0,0,1,0,0,0,0,0,0,0,0,1,1,0,0,0,0,0,0,0,0,1,0,0,0,0,0,0,0,0,0,0,0,0,0,0,0,1,1,0,0,0,0,0,0,0,0,0,0,0,0,0,0,0,0,1,0,0,0,0,0,0,0,0,0,0,0,0,0
,Portugal,39.3999,-8.2245,1,1,1,2,2,1,1,1,2,2,2,1,1,3,4,5,0,3,4,6,4,3,3,2,1,1,3,2,2,2,3,2,2,2,1,3,2,1,1,1,1,1,1,1,1,1,1,3,3,2,1,2,2,2,2,3,4,2,1,4,4,5,3,2,5,5,1,2,3,1,1,2,2,1,3,5,4,4,2
,Andorra,42.5063,1.5218,1,0,1,2,2,1,2,1,1,2,2,1,0,1,1,1,1,1,4,3,2,1,1,0,1,0,0,0,1,1,1,1,1,1,3,2,1,0,1,1,1,1,1,1,1,0,1,1,1,1,1,1,1,1,1,1,2,1,1,1,1,2,2,1,1,2,3,1,3,2,1,1,1,0,1,1,1,0,1
Tasmania,Australia,-41.4545,145.9707,3,2,1,3,2,1,1,1,2,3,5,2,2,2,3,2,1,2,1,1,1,2,3,4,2,2,2,2,2,1,1,2,3,4,2,1,1,1,1,2,3,1,1,1,2,1,1,1,1,2,3,2,1,1,1,1,3,4,3,2,1,4,2,2,1,3,1,0,1,1,1,1,2,2,1,1,1,1,1
,Latvia,56.8796,24.6032,4,4,5,5,3,4,3,6,3,2,3,6,3,4,6,5,3,4,4,4,6,6,4,5,4,4,2,4,3,2,3,4,6,5,2,3,4,3,3,5,8,5,4,4,2,4,7,9,7,5,3,6,8,7,4,3,4,2,3,3,5,3,2,5,2,2,2,1,3,3,6,7,6,6,4,5,3,6,4
,Morocco,31.7917,-7.0926,1,1,1,1,1,1,1,1,1,1,1,2,1,1,1,1,1,1,2,2,1,1,1,1,2,1,1,1,1,1,1,1,1,2,1,2,1,1,1,1,1,2,1,1,1,1,2,2,1,1,2,2,2,2,2,2,2,1,2,2,1,1,2,2,2,2,2,2,2,1,2,2,2,2,2,2,1,1,1
,Saudi Arabia,24.0,45.0,3,4,4,3,3,3,3,4,2,4,4,3,2,3,2,3,6,4,3,3,4,4,4,2,3,4,1,2,4,3,3,4,2,3,5,5,5,4,3,2,3,4,3,2,2,2,5,4,6,6,5,2,4,5,7,6,4,1,1,4,3,4,2,2,2,4,4,4,3,2,3,4,7,5,3,2,5,5,2
,Senegal,14.4974,-14.4524,6,5,5,5,5,4,4,4,4,5,5,4,5,5,4,4,5,5,4,2,2,3,3,4,4,5,5,4,4,5,5,4,2,3,5,5,4,5,5,5,4,4,5,5,5,5,4,5,5,3,3,3,4,4,5,7,6,4,4,4,4,4,4,4,3,2,1,2,3,3,3,4,4,4,5,4,3,3,3
,Argentina,-38.4161,-63.6167,5,4,4,5,6,4,5,5,3,5,4,4,4,6,6,6,3,5,3,4,6,4,2,6,3,4,6,4,6,3,4,4,5,4,5,4,5,5,4,5,3,3,5,8,3,4,4,3,5,3,6,4,3,3,6,7,4,4,4,4,2,3,7,5,4,4,3,4,4,5,5,5,4,4,4,2,5,5,3
,Chile,-35.6751,-71.543,2,2,1,2,3,3,2,2,3,2,3,2,1,2,3,5,2,1,1,1,1,1,2,1,2,2,2,2,3,2,2,2,2,2,2,2,2,2,2,1,1,1,2,3,3,3,1,2,2,2,3,1,2,1,1,2,2,1,1,1,1,2,1,1,2,2,2,2,2,2,2,2,1,2,3,1,1,1,1
,Jordan,31.24,36.51,1,2,3,5,6,3,3,6,6,4,4,3,4,2,3,3,3,5,5,4,6,4,4,8,2,1,2,2,5,3,7,6,2,3,3,2,2,6,11,7,5,3,3,2,4,4,3,2,5,5,5,3,4,2,3,7,5,2,2,5,9,3,2,4,2,7,6,2,3,2,2,7,8,8,2,2,5,9,6
,Ukraine,48.3794,31.1656,7,3,1,2,2,4,2,1,2,2,4,4,3,1,3,3,2,1,1,4,5,6,7,4,3,2,2,1,5,6,4,3,4,4,4,8,6,7,4,2,9,4,7,5,4,2,2,6,4,2,2,1,2,5,9,4,4,3,3,1,6,8,4,5,2,2,4,2,2,5,5,5,4,6,5,2,4,2,2
,Hungary,47.1625,19.5033,2,2,1,4,7,1,1,1,2,2,3,1,1,2,2,1,2,2,1,1,2,3,1,1,1,2,2,4,4,5,5,4,5,7,8,9,5,4,1,3,7,6,5,4,4,2,3,3,4,2,4,6,3,5,6,5,4,5,7,4,5,5,3,4,2,4,4,2,1,2,4,3,4,4,5,4,1,1,1
Northern Territory,Australia,-12.4634,130.8456,2,2,2,2,2,3,2,3,5,5,4,3,2,2,2,3,4,4,5,5,6,6,5,5,4,4,5,6,6,6,5,5,5,5,4,3,2,3,5,5,6,5,5,6,5,5,5,4,4,3,5,4,6,7,7,7,8,8,6,3,2,3,6,5,3,3,2,3,2,2,3,3,4,4,3,3,2,2,4
,Liechtenstein,47.14,9.55,1,1,1,1,1,1,1,2,1,1,0,1,1,2,2,1,1,1,0,1,1,1,1,1,1,1,1,1,1,1,1,1,1,1,2,2,1,1,1,2,2,1,1,2,1,1,2,1,0,1,1,1,1,1,1,1,1,2,1,3,1,1,1,1,2,1,1,1,0,1,1,1,1,0,2,1,1,1,1
,Poland,51.9194,19.1451,5,4,5,8,5,3,2,5,4,6,5,5,5,5,6,3,4,3,2,3,6,6,3,4,3,2,3,6,8,7,8,6,8,4,5,6,6,3,3,6,12,9,9,6,3,3,9,7,7,6,4,7,8,6,8,6,5,5,4,7,6,3,5,4,3,5,5,4,3,5,8,8,7,5,5,6,1,3,3
,Tunisia,34.0,9.0,1,1,3,1,1,1,1,1,2,3,3,2,3,1,2,1,2,1,1,5,7,7,5,2,1,2,2,1,2,1,1,1,1,2,3,4,4,2,3,1,2,4,1,1,1,2,2,2,1,1,1,1,1,1,3,3,1,2,2,2,2,4,5,5,2,2,4,3,3,4,1,2,2,2,4,8,11,8,6
,Bosnia and Herzegovina,43.9159,17.6791,1,0,0,0,3,2,0,1,0,0,1,1,1,1,0,1,0,0,1,1,0,1,1,1,1,0,0,2,1,1,2,1,1,1,2,5,3,1,0,1,3,2,1,1,2,1,0,1,1,1,2,1,1,1,1,2,2,1,2,1,2,3,2,1,1,2,1,1,0,1,0,1,1,1,2,0,1,1,0
,Slovenia,46.1512,14.9955,0,1,1,0,1,0,0,0,1,2,1,0,0,1,1,0,0,0,0,1,0,1,0,1,1,0,0,3,0,1,3,3,2,1,2,3,1,0,0,3,4,1,0,1,1,0,2,3,1,1,1,1,1,2,1,2,1,1,2,3,2,2,1,0,1,1,1,0,0,1,1,2,1,1,1,0,1,1,0
,South Africa,-30.5595,22.9375,4,4,5,5,4,4,4,3,3,4,3,4,3,3,2,3,4,5,5,4,3,4,4,6,4,6,3,2,2,3,4,4,3,3,4,4,4,5,3,4,5,3,3,4,3,3,5,3,3,4,2,2,4,6,2,3,5,3,6,4,3,3,2,3,2,1,2,3,4,4,4,5,4,3,3,4,6,4,4
,Bhutan,27.5142,90.4336,1,0,0,0,1,1,1,1,1,1,1,1,1,1,1,1,1,1,1,1,1,1,1,1,1,1,1,1,1,1,1,1,1,1,1,0,1,1,1,1,1,1,1,1,1,1,1,1,1,1,0,1,1,1,1,1,1,1,1,1,1,1,1,1,1,1,1,1,1,1,1,1,1,0,1,1,1,1,1
,Cameroon,3.8480000000000003,11.5021,1,1,1,1,1,1,1,1,1,1,1,1,1,1,1,1,1,1,1,1,1,1,1,1,1,1,1,1,1,1,1,1,1,2,1,1,1,1,1,1,1,1,1,1,1,1,1,2,1,1,1,1,1,2,1,1,1,1,1,2,2,2,1,1,1,1,2,1,2,2,2,2,1,1,1,2,1,1,2
,Colombia,4.5709,-74.2973,1,1,1,1,1,2,1,1,1,2,3,2,2,2,2,2,2,3,2,2,1,1,1,1,1,1,1,1,1,1,1,2,1,1,2,2,2,2,2,1,1,2,2,2,2,1,1,2,3,3,1,1,1,1,1,1,1,1,1,1,1,1,1,1,1,2,1,1,1,1,1,1,1,1,1,1,1,1,1
,Costa Rica,9.7489,-83.7534,2,1,1,1,2,3,3,3,3,4,3,2,3,3,3,3,2,3,3,2,2,2,1,1,1,2,1,1,1,1,1,1,1,2,2,2,1,1,1,2,2,2,2,2,2,2,3,3,3,3,3,2,2,2,2,1,1,1,2,3,3,2,2,1,1,2,2,2,3,3,2,2,2,2,2,2,2,2,2
,Peru,-9.19,-75.0152,1,1,0,0,1,1,1,1,1,1,1,1,1,1,1,1,0,1,1,0,1,1,0,0,0,1,1,1,0,1,0,0,1,1,0,0,1,1,0,1,0,0,0,0,0,0,1,1,1,1,1,1,0,0,0,0,0,0,0,0,0,0,1,0,0,1,0,1,0,0,1,1,0,1,1,1,0,1,0
,Serbia,44.0165,21.0059,2,1,1,1,5,3,0,0,1,1,1,0,0,1,1,1,2,2,1,1,1,1,1,1,1,1,1,2,2,2,2,1,1,2,4,8,6,3,1,1,3,3,1,2,2,2,2,2,2,1,3,2,2,2,3,2,3,4,4,2,3,3,4,3,2,3,2,2,1,3,1,2,3,2,3,3,2,1,1
,Slovakia,48.669,19.699,1,0,1,1,2,1,0,0,0,0,1,1,0,0,0,0,1,0,0,1,0,1,1,0,0,0,0,1,2,1,1,1,2,2,2,3,2,1,0,1,2,3,3,1,1,1,1,0,2,1,1,2,1,2,3,1,1,1,2,1,1,1,1,1,1,1,1,1,0,1,1,2,3,1,1,1,1,1,1
,Togo,8.6195,0.8248,3,3,3,2,1,1,1,1,2,1,2,1,1,2,2,2,2,2,2,1,1,2,3,3,3,2,1,1,2,2,2,3,2,2,2,2,2,2,2,2,2,3,3,2,2,2,2,1,1,2,2,2,1,2,3,3,1,1,1,2,2,2,1,1,1,1,2,1,2,1,2,1,2,1,1,1,1,2,2
,Malta,35.9375,14.3754,5,2,2,9,10,8,4,4,4,1,5,5,7,6,5,4,6,8,4,8,10,6,4,7,5,4,6,7,8,7,3,4,7,8,10,15,9,4,2,2,5,9,9,3,7,5,3,2,6,9,9,3,5,5,9,5,6,10,9,4,6,3,9,9,7,5,9,7,6,5,3,4,5,4,5,8,8,4,6
,Martinique,14.6415,-61.0242,3,3,4,3,3,4,5,5,6,8,10,8,9,9,7,7,6,5,5,7,6,5,5,4,3,3,3,3,3,3,4,4,5,4,4,6,6,8,7,7,6,7,7,7,8,7,7,7,7,7,7,7,5,3,3,4,4,4,4,4,5,4,4,6,6,6,6,5,5,6,6,5,5,5,4,3,2,3,5
,Bulgaria,42.7339,25.4858,3,2,1,2,4,6,4,3,1,0,1,1,0,0,0,1,2,1,1,3,2,1,3,1,0,0,1,1,1,4,1,2,1,2,2,3,7,3,1,0,1,2,2,1,1,2,0,1,1,1,1,2,2,1,4,2,2,2,2,3,2,2,3,5,2,1,2,2,1,2,1,1,0,2,1,1,0,2,2
,Maldives,3.2028,73.2207,5,5,5,3,4,5,5,5,6,6,7,6,5,5,5,6,5,5,5,5,7,8,9,7,6,5,3,4,6,5,6,5,5,5,5,5,5,4,3,4,6,8,6,6,4,4,4,6,6,7,7,7,6,6,6,6,6,5,6,5,4,3,3,3,2,1,1,2,3,4,4,5,4,3,2,2,6,6,3
,Bangladesh,23.685,90.3563,1,1,3,1,2,2,2,1,2,2,3,3,2,1,1,1,1,1,2,3,2,2,2,2,2,2,2,1,2,1,2,2,2,2,2,2,1,1,3,3,3,3,3,2,2,3,1,1,1,1,1,2,1,1,1,2,2,1,2,1,1,1,1,2,1,2,1,1,1,1,1,1,2,4,4,2,2,2,1
,Paraguay,-23.4425,-58.4438,2,2,3,3,2,1,3,2,2,4,3,1,2,2,3,4,3,2,1,2,2,2,3,4,2,1,1,2,2,3,2,1,1,2,1,3,4,3,2,2,2,3,3,2,3,4,3,4,5,4,2,3,6,5,1,2,4,4,2,2,2,2,2,2,2,2,1,1,2,2,2,3,2,2,2,2,1,2,3
Ontario,Canada,51.2538,-85.3232,3,2,1,2,1,2,3,3,3,3,3,2,1,2,2,2,3,2,3,3,4,4,5,2,1,1,3,2,2,1,1,2,3,2,2,3,4,2,1,3,2,3,3,4,2,3,4,3,2,3,4,4,5,3,3,2,3,2,4,6,2,3,4,2,3,2,2,4,4,3,2,2,3,6,4,2,4,4,1
Alberta,Canada,53.9333,-116.5765,3,1,5,3,3,4,1,2,3,1,1,2,3,2,1,1,2,2,2,2,2,1,2,2,1,2,2,2,1,3,4,3,5,2,2,3,3,4,2,2,6,3,3,1,2,2,2,2,2,1,2,3,3,4,1,1,1,3,3,2,3,3,5,4,4,2,3,1,1,3,4,4,3,2,2,1,1,3,1
Quebec,Canada,52.9399,-73.5491,6,2,2,2,2,1,3,4,3,3,5,5,1,1,3,2,3,3,2,2,5,4,7,5,3,3,3,4,2,1,3,3,4,4,2,5,5,4,2,3,6,2,5,6,3,3,6,5,4,4,6,5,6,6,1,4,2,2,5,5,1,1,7,4,3,2,1,5,3,1,4,3,3,8,7,3,6,6,5
,Albania,41.1533,20.1683,2,2,1,1,2,3,2,2,1,1,1,2,1,1,1,1,1,1,1,2,1,1,1,1,1,1,1,1,1,1,1,0,1,1,1,2,2,1,1,1,1,1,0,1,1,2,1,1,1,1,1,1,1,1,1,1,2,3,1,1,1,1,1,1,1,1,1,1,0,1,1,1,1,1,1,3,1,1,1
,Cyprus,35.1264,33.4299,1,1,2,2,1,6,5,3,3,2,2,2,2,1,2,5,6,1,1,2,5,2,2,6,1,2,1,1,1,3,7,3,1,1,1,4,5,4,6,4,2,2,2,2,4,4,4,2,3,3,3,3,1,2,2,3,2,2,2,4,3,2,1,2,3,3,3,1,3,2,2,4,5,3,1,1,3,3,2
,Brunei,4.5353,114.7277,1,1,1,1,0,1,1,1,1,1,0,1,0,0,0,0,1,1,1,1,1,1,1,1,1,0,1,1,1,1,1,1,1,1,0,1,1,1,1,1,1,1,1,1,1,0,1,1,1,1,1,1,1,1,1,1,0,1,1,1,1,1,1,0,0,1,1,1,1,1,1,1,1,1,1,1,1,1,1
Washington,US,47.4009,-121.4905,3,4,2,3,3,2,3,2,3,1,2,3,3,2,2,5,1,1,2,3,3,2,2,2,2,2,2,2,1,2,2,3,4,1,1,1,3,2,3,3,1,1,2,1,2,3,2,3,2,2,4,3,2,1,4,3,1,1,1,2,3,2,3,3,3,2,1,1,1,1,2,3,1,1,3,3,2,1,1
New York,US,42.1657,-74.9481,3,4,3,1,2,5,3,1,4,3,4,5,5,2,2,2,6,5,3,4,4,2,1,1,2,3,3,3,4,3,1,1,1,1,3,2,3,2,4,3,2,3,2,3,3,4,2,2,1,4,5,3,2,2,2,2,1,2,6,5,4,3,3,3,5,2,2,4,3,3,4,2,3,6,5,3,3,4,2
California,US,36.1162,-119.6816,1,1,1,1,1,2,1,1,1,2,0,1,1,1,1,1,3,1,1,1,1,1,1,1,1,1,2,1,1,2,1,1,1,3,3,1,1,1,0,1,2,1,1,1,1,1,1,1,1,1,1,1,2,2,2,2,1,1,1,1,2,2,1,1,1,1,2,2,2,1,2,1,2,4,2,3,3,1,1
Massachusetts,US,42.2302,-71.5301,2,4,3,2,1,4,1,2,4,3,3,5,6,1,1,2,4,5,1,3,3,1,1,1,1,3,3,3,2,3,1,1,0,1,2,1,1,2,4,4,1,3,1,3,1,3,2,2,2,2,4,3,2,3,2,2,1,2,6,4,3,3,3,3,5,3,3,5,3,3,3,2,1,4,4,2,2,2,2
Diamond Princess,US,35.4437,139.638,3,2,2,4,6,3,3,3,4,4,3,3,2,2,3,3,4,7,3,2,5,2,2,2,4,3,5,8,4,3,7,5,3,4,3,5,9,2,4,6,3,4,5,4,2,3,2,7,5,2,2,4,8,4,2,3,5,7,3,2,4,5,3,3,5,4,4,6,6,4,4,4,4,6,3,7,5,3,5
Grand Princess,US,37.6489,-122.6655,2,6,6,3,5,6,3,4,5,6,3,7,5,4,5,4,8,2,4,5,3,7,2,2,1,1,5,2,4,5,5,2,4,11,8,5,3,2,3,8,9,3,2,3,3,2,4,7,3,3,2,2,3,6,8,5,3,2,3,3,10,6,7,3,2,3,3,3,3,3,3,2,2,5,5,6,3,2,3
Georgia,US,33.0406,-83.6431,3,1,1,3,3,2,1,3,1,1,2,4,1,1,1,1,2,2,2,4,2,2,2,2,2,2,1,1,1,1,1,2,1,3,2,2,3,4,4,1,1,1,3,2,4,2,1,1,1,1,2,3,2,0,0,1,2,2,3,2,3,1,2,3,1,2,4,1,1,1,1,1,1,2,1,1,2,1,1
Colorado,US,39.0598,-105.3111,3,4,2,3,4,4,5,3,4,3,2,3,3,5,5,3,4,5,2,1,2,2,2,2,2,2,2,2,2,1,2,3,4,4,2,2,2,3,2,4,2,2,3,3,3,4,3,3,2,2,2,1,3,3,2,4,4,3,3,2,3,2,4,2,3,2,3,3,3,2,3,4,3,4,3,3,2,4,4
Florida,US,27.7663,-81.6868,2,1,2,3,5,3,1,2,3,4,4,5,3,3,1,1,1,5,3,3,4,5,5,3,2,3,1,1,3,2,2,2,3,3,1,1,2,6,4,2,4,3,2,2,3,3,4,2,1,2,1,3,5,4,3,2,4,3,4,2,3,2,3,3,3,4,4,4,4,4,2,1,1,2,2,1,2,2,3
New Jersey,US,40.2989,-74.521,2,3,2,1,2,5,2,1,5,2,2,4,6,1,1,1,5,5,2,4,4,2,1,0,1,4,3,3,3,2,1,1,0,2,2,1,2,2,5,3,1,3,1,2,1,4,2,2,1,2,3,2,2,3,2,1,1,2,7,5,4,3,3,3,5,2,2,4,3,3,4,2,2,4,3,2,3,2,2
Oregon,US,44.571999999999996,-122.0709,3,5,3,3,3,4,4,3,3,2,4,5,5,4,3,3,1,2,2,3,2,3,3,2,2,2,3,3,4,2,2,3,4,1,1,1,3,3,4,3,1,1,2,1,2,2,2,2,2,2,3,2,1,1,4,2,1,1,1,3,3,1,2,2,2,2,2,2,1,1,1,2,1,1,2,4,4,2,1
Texas,US,31.0545,-97.5635,1,3,3,4,2,3,2,2,4,6,6,5,2,2,2,3,3,2,4,3,1,3,3,3,2,3,3,3,5,5,2,2,3,4,5,5,6,4,3,3,4,4,5,3,3,2,3,2,4,4,4,6,2,3,3,4,4,6,2,2,4,5,4,2,6,3,3,3,5,5,2,3,4,4,4,3,2,3,5
Illinois,US,40.3495,-88.9861,7,5,5,2,4,6,2,3,4,9,4,6,2,3,3,4,5,6,8,6,2,2,5,4,2,6,3,2,2,1,1,1,4,5,3,7,6,4,2,3,5,2,2,2,6,2,5,1,4,5,3,4,3,5,4,4,6,6,4,3,3,5,2,4,3,6,6,4,7,8,3,2,4,5,4,3,2,2,3
Pennsylvania,US,40.5908,-77.2098,2,3,2,0,2,4,3,1,4,1,2,3,4,1,1,1,5,3,2,4,3,2,1,1,1,2,3,3,3,2,1,1,0,2,2,1,2,1,4,2,1,2,1,2,2,3,2,1,1,2,3,2,2,2,1,1,1,2,6,4,4,2,2,2,4,1,2,3,2,2,3,1,2,4,2,2,2,2,2
Iowa,US,42.0115,-93.2105,6,5,3,2,4,7,2,4,6,6,6,5,3,4,4,5,3,7,9,6,2,4,6,2,5,4,2,2,2,0,2,2,4,4,6,7,2,1,2,3,5,2,3,5,6,5,4,2,4,5,3,2,5,5,3,5,6,5,2,3,4,4,3,5,3,10,3,7,8,5,3,2,7,4,4,3,2,2,3
Maryland,US,39.0639,-76.8021,1,2,1,1,1,3,2,1,3,1,1,2,3,0,0,1,4,3,1,3,3,1,0,0,2,2,2,2,2,2,1,0,0,1,1,1,2,1,5,2,1,2,1,1,2,3,1,1,1,1,2,1,2,2,1,1,0,1,5,2,3,1,2,1,3,1,1,3,1,1,3,1,1,3,2,1,2,1,2
North Carolina,US,35.6301,-79.8064,2,2,2,1,4,3,1,2,2,1,1,4,3,1,2,1,3,2,2,4,3,3,2,1,3,2,2,1,1,1,1,1,1,4,2,3,3,4,6,1,1,2,4,2,4,2,2,1,1,1,2,2,3,1,1,1,2,2,4,2,3,1,3,3,1,1,4,3,1,3,3,2,1,3,2,3,1,1,2
South Carolina,US,33.8569,-80.945,4,2,1,3,4,3,1,3,2,2,2,4,2,1,2,1,4,3,2,4,3,3,3,2,3,3,2,3,1,1,2,3,2,4,2,3,3,5,7,1,1,1,4,2,5,2,2,1,1,1,3,4,4,0,1,1,3,3,4,3,3,1,2,3,1,2,4,3,1,2,2,2,2,3,2,2,2,1,2
Tennessee,US,35.7478,-86.6923,4,2,4,3,4,3,1,3,1,5,6,7,1,1,2,3,4,4,6,4,3,3,1,2,4,2,2,2,1,2,1,2,2,4,5,5,2,3,3,2,4,4,3,3,4,3,2,2,3,4,4,4,3,1,3,4,3,4,3,3,2,4,5,4,1,2,5,2,3,5,4,1,4,4,2,4,1,2,3
Virginia,US,37.7693,-78.17,2,2,2,2,2,2,2,1,3,1,1,4,3,1,1,1,4,2,2,3,2,2,1,0,2,2,2,2,1,0,1,0,1,3,2,2,3,1,5,2,1,3,1,1,2,2,1,2,1,2,1,1,2,1,1,2,1,1,4,3,3,1,3,3,2,2,2,3,2,3,4,1,1,3,1,2,1,2,2
Arizona,US,33.7298,-111.4312,3,1,1,2,2,2,3,3,2,2,2,2,2,2,2,2,3,2,2,3,3,1,1,1,2,2,2,2,2,2,3,2,2,3,3,2,2,1,1,2,3,2,2,2,2,2,2,2,2,2,2,2,4,3,2,2,4,2,2,3,2,3,2,2,1,2,4,3,2,2,2,1,1,2,2,2,2,2,3
Indiana,US,39.8494,-86.2583,5,3,3,1,3,4,2,2,2,4,3,4,2,2,1,2,4,3,5,5,2,1,2,2,2,3,2,2,1,1,1,1,2,4,2,4,4,2,2,2,3,2,2,1,4,2,3,1,2,3,2,3,2,3,3,2,3,4,4,3,2,3,3,4,3,3,6,1,3,5,4,1,2,4,2,3,1,2,2
Kentucky,US,37.6681,-84.6701,5,3,4,2,5,4,1,3,3,4,6,8,2,1,2,3,3,3,7,5,2,1,1,2,2,4,3,2,1,2,1,1,2,5,4,4,3,2,4,3,3,4,2,2,4,2,2,2,2,3,2,4,1,2,3,3,4,4,4,4,2,3,5,5,3,2,5,1,3,4,4,2,3,3,3,3,1,1,3
District of Columbia,US,38.8974,-77.0268,2,2,1,1,1,4,2,1,3,2,2,3,3,1,1,1,5,3,3,4,3,2,1,0,1,2,2,2,3,2,1,0,1,2,1,1,2,1,5,2,1,3,1,2,3,4,2,1,1,1,3,1,2,1,1,1,1,1,5,3,4,1,2,2,3,2,2,4,2,2,3,2,1,3,2,1,2,2,2
Nevada,US,38.3135,-117.0554,2,3,3,2,2,3,1,2,3,3,2,4,2,2,3,2,7,2,1,3,3,2,2,1,2,1,3,3,2,4,3,2,2,5,7,4,4,3,2,3,7,4,3,3,2,2,2,4,4,2,2,3,2,3,4,5,3,2,2,3,3,4,4,3,2,3,5,6,3,3,3,2,2,4,8,8,8,5,2
New Hampshire,US,43.4525,-71.5639,2,3,2,1,1,4,1,1,2,3,1,2,3,1,1,1,3,5,2,2,3,1,1,1,1,3,2,2,3,3,1,1,0,1,2,1,2,2,3,3,1,2,1,2,1,3,1,2,2,1,4,2,1,2,1,1,1,1,5,4,3,2,1,1,5,3,2,4,2,2,1,3,1,3,4,3,2,2,1
Minnesota,US,45.6945,-93.9002,4,3,3,2,2,6,4,5,3,4,4,3,3,4,3,4,2,6,7,4,2,6,4,3,3,3,1,2,1,1,2,2,4,6,4,2,3,2,3,2,2,3,4,6,3,5,4,2,3,5,3,3,4,2,4,2,3,3,2,2,3,5,4,5,3,6,2,5,4,5,1,3,4,6,2,2,4,3,2
Nebraska,US,41.1254,-98.2681,4,3,3,5,4,5,3,3,5,4,7,2,3,3,3,5,3,6,7,2,1,5,3,5,3,2,2,2,1,1,3,4,4,3,9,6,2,2,4,4,6,3,4,7,3,7,3,3,5,2,5,3,5,3,3,3,7,4,3,4,4,5,4,5,6,7,4,7,6,5,2,3,7,2,5,4,3,2,2
Ohio,US,40.3888,-82.7649,7,4,4,1,4,5,4,2,5,5,5,7,4,2,3,3,6,3,7,6,2,1,2,2,4,4,4,3,2,1,1,1,2,6,3,5,5,3,4,2,4,3,3,2,4,2,4,2,3,4,3,3,2,4,3,2,3,3,6,4,4,4,4,5,4,2,5,2,4,5,5,2,2,6,1,4,2,2,2
Rhode Island,US,41.6809,-71.5118,3,3,3,2,1,5,1,2,4,3,3,6,6,2,1,2,4,6,2,3,4,2,1,1,1,4,3,3,3,3,2,1,0,2,2,1,2,3,5,4,2,4,1,3,1,4,2,3,2,2,4,3,3,3,2,2,1,2,6,5,3,3,4,3,5,3,4,6,3,4,4,3,2,4,4,2,3,2,2
Wisconsin,US,44.2685,-89.6165,5,3,4,2,3,5,4,5,4,5,3,6,2,2,4,3,5,4,6,5,1,4,5,2,3,3,3,2,2,0,1,2,4,5,3,4,1,1,2,2,3,2,4,5,5,3,5,2,4,6,3,3,6,4,4,2,5,4,3,4,3,4,3,4,3,6,4,4,5,3,2,1,5,7,2,2,3,4,3
Connecticut,US,41.5978,-72.7554,2,3,2,1,1,5,2,1,3,2,3,4,5,1,1,1,5,5,1,3,3,1,0,1,1,3,2,2,3,3,1,1,0,1,1,1,2,2,4,3,1,3,1,2,1,4,2,2,1,2,3,2,2,2,2,2,0,2,5,4,3,2,3,3,4,2,2,4,2,3,3,2,2,4,3,2,3,1,2
Hawaii,US,21.0943,-157.4983,8,3,5,10,10,10,11,12,12,12,12,11,8,9,10,9,4,8,10,9,7,2,1,2,3,6,5,4,2,2,3,4,6,6,5,2,2,7,7,7,7,9,8,4,4,6,7,10,10,11,12,11,8,4,3,5,9,10,10,11,11,11,7,3,2,4,11,11,10,7,4,2,2,3,6,4,5,4,4
Oklahoma,US,35.5653,-96.9289,3,6,3,4,2,4,2,3,6,7,7,5,5,5,4,5,5,5,6,2,2,4,6,4,4,3,2,2,6,4,1,2,2,4,7,5,5,2,2,3,7,4,3,3,5,3,6,2,3,6,3,6,2,5,5,5,4,6,4,3,4,7,3,1,3,4,2,5,7,8,2,4,5,6,4,4,1,4,5
Utah,US,40.15,-111.8624,1,2,1,1,1,1,1,1,1,1,2,1,1,2,3,1,2,3,1,1,1,1,1,1,1,1,1,1,1,2,1,1,1,3,4,2,1,2,2,3,3,2,1,1,1,2,1,1,2,1,2,1,1,1,2,3,2,1,1,1,2,3,2,1,1,1,2,3,2,2,1,1,2,2,4,4,2,2,2
,Burkina Faso,12.2383,-1.5616,4,5,5,4,3,3,2,2,3,2,4,4,5,4,3,3,4,4,3,2,2,3,4,4,5,5,4,3,4,4,4,4,4,4,4,4,4,4,3,4,5,6,6,5,4,4,4,3,4,3,4,4,4,6,5,5,3,3,3,3,2,3,3,3,3,2,2,2,3,3,3,3,4,4,3,3,2,3,3
,Holy See,41.9029,12.4534,1,1,1,1,2,3,1,1,1,1,2,2,1,1,1,1,1,2,2,3,2,1,1,2,2,1,1,3,2,2,2,1,1,1,4,7,5,1,1,2,3,2,1,2,4,2,1,1,1,1,2,1,2,1,2,3,4,3,4,4,5,6,4,3,2,5,2,3,2,2,2,1,1,1,2,2,2,1,2
,Mongolia,46.8625,103.8467,1,1,2,3,3,1,1,1,2,1,1,1,1,1,1,1,1,3,5,2,2,2,2,2,2,2,1,1,2,3,2,2,2,1,2,1,1,2,2,2,2,2,6,6,2,2,1,1,1,3,6,3,2,1,2,1,4,1,2,6,4,3,2,5,3,3,1,4,5,2,4,3,5,2,4,4,4,5,4
,Panama,8.538,-80.7821,2,3,2,2,2,4,3,4,4,4,5,3,4,4,4,5,4,4,4,3,3,3,2,2,2,4,3,1,1,1,2,3,3,4,5,4,3,3,2,4,5,5,4,4,4,5,5,5,6,6,6,5,4,4,5,3,2,1,3,5,5,5,4,3,4,4,4,4,5,5,5,4,4,3,4,4,5,4,4
Kansas,US,38.5266,-96.7265,4,6,3,4,4,5,3,3,6,6,7,5,4,4,3,5,4,7,7,3,2,4,6,5,5,1,1,3,3,1,3,3,3,3,5,6,4,2,3,3,6,2,2,3,4,4,4,2,3,4,3,4,4,5,3,6,4,5,4,4,5,4,3,3,2,6,3,8,10,7,2,2,5,4,5,3,2,3,2
Louisiana,US,31.1695,-91.8678,1,1,3,2,3,2,3,3,2,4,5,5,1,1,3,2,3,2,3,5,3,3,2,4,2,1,2,1,2,3,2,2,2,2,4,4,4,4,2,2,4,5,4,3,5,3,2,1,3,3,4,6,4,1,2,3,1,5,2,3,2,5,4,2,5,4,4,2,3,4,2,3,4,2,2,2,2,1,3
Missouri,US,38.4561,-92.2884,4,4,2,2,4,3,1,3,3,6,3,4,2,3,1,3,3,4,6,5,2,2,4,2,3,2,1,1,2,2,1,1,2,3,3,4,3,2,2,2,4,2,2,2,5,2,3,1,2,3,2,3,2,3,2,4,3,4,3,3,2,4,2,3,2,4,3,3,5,5,2,1,3,2,4,3,1,1,2
Vermont,US,44.0459,-72.7107,2,2,1,1,1,3,1,1,3,2,3,3,3,1,1,1,3,3,2,2,2,1,1,1,1,3,2,2,2,2,0,1,0,1,1,1,2,1,2,2,1,2,1,2,1,2,2,2,2,3,4,2,2,2,1,1,1,1,4,4,2,2,2,1,4,2,1,3,2,2,2,2,2,4,4,3,1,3,1
Alaska,US,61.3707,-152.4044,4,2,2,2,1,2,1,1,2,2,3,2,2,3,4,4,4,1,1,2,1,1,2,5,4,4,3,2,2,4,2,2,4,2,3,1,1,2,2,4,4,4,2,3,2,1,2,1,4,3,2,3,1,2,4,3,5,1,1,2,2,1,3,3,5,3,1,2,1,2,5,3,2,1,1,1,1,2,2
Arkansas,US,34.9697,-92.3731,3,2,2,2,3,2,2,2,2,4,5,4,1,1,1,1,5,4,4,3,2,2,2,2,4,1,2,1,2,3,1,1,2,2,4,3,3,3,1,1,4,3,3,2,4,2,2,1,3,3,4,4,1,1,2,4,3,4,2,3,2,4,3,1,1,2,3,2,3,5,2,1,3,4,3,4,1,2,2
Delaware,US,39.3185,-75.5071,2,3,2,2,2,5,3,2,5,2,2,5,5,1,1,2,6,5,3,5,4,3,1,0,3,5,3,3,3,3,2,1,1,3,1,2,3,2,7,3,2,4,2,2,4,4,2,2,1,2,3,2,3,3,1,2,1,2,7,4,5,3,4,3,4,2,3,5,2,3,5,2,2,4,3,2,3,2,3
Idaho,US,44.2405,-114.4788,1,2,3,2,2,1,2,1,2,1,1,1,1,2,2,1,2,2,1,1,1,1,2,1,1,1,1,2,1,1,1,1,2,2,2,1,2,3,3,3,1,1,2,1,1,4,2,2,1,0,0,1,1,1,2,3,1,2,1,1,2,1,2,3,3,1,1,2,1,1,1,2,2,1,2,1,1,1,1
Maine,US,44.6939,-69.3819,3,2,2,1,1,4,1,1,1,3,2,3,4,1,1,1,3,5,1,2,3,1,1,1,1,2,2,2,3,3,1,0,1,1,2,1,3,2,4,3,1,2,1,3,1,3,2,2,2,2,4,3,2,2,1,1,1,2,6,4,2,3,2,1,5,4,2,6,2,1,1,2,1,4,5,4,2,3,2
Michigan,US,43.3266,-84.5361,6,5,5,1,3,5,6,4,4,5,3,6,2,2,3,2,6,2,7,5,2,3,5,2,4,2,4,2,1,1,1,1,4,5,2,4,2,3,3,2,4,2,4,4,3,2,6,4,3,6,4,2,6,5,5,2,5,5,7,6,4,4,3,3,4,3,4,3,5,6,4,1,3,8,2,3,2,4,2
Mississippi,US,32.7416,-89.6787,2,1,3,1,3,1,2,2,1,3,4,6,1,1,2,2,3,3,3,4,3,2,2,2,2,1,1,1,1,2,1,1,2,2,3,3,3,3,2,1,4,4,3,3,4,2,2,1,2,3,3,4,3,1,1,3,1,3,2,3,1,3,3,2,3,3,3,2,2,4,2,2,3,2,2,2,1,1,3
Montana,US,46.9219,-110.4544,8,7,6,7,8,5,7,5,6,2,4,5,3,2,1,4,5,4,3,4,4,4,6,4,4,5,2,4,4,4,5,8,11,3,1,4,5,3,2,5,4,4,7,2,4,6,6,4,3,2,2,5,6,6,3,5,2,5,5,5,6,4,8,8,8,4,4,3,2,2,7,8,2,4,2,1,1,3,1
New Mexico,US,34.8405,-106.2485,2,5,4,5,4,3,5,2,3,3,4,4,4,5,3,2,3,6,2,1,1,2,6,4,2,5,3,5,4,1,4,3,3,3,7,3,4,8,7,4,4,2,5,4,3,3,4,5,4,3,2,4,2,2,6,7,5,3,5,2,4,4,3,2,2,3,3,3,4,4,4,3,3,6,3,3,3,4,5
North Dakota,US,47.5289,-99.78399999999999,4,4,4,4,5,8,6,4,6,5,4,5,5,2,5,5,4,6,11,4,5,6,2,2,2,4,3,1,2,1,2,4,6,7,3,2,5,4,2,2,4,6,6,6,3,7,5,4,3,5,3,6,5,4,6,2,2,2,2,3,5,9,6,4,5,6,8,3,5,2,2,5,7,5,5,4,6,4,4
South Dakota,US,44.2998,-99.4388,3,3,3,5,3,7,3,3,7,3,3,4,3,3,4,5,6,9,9,4,2,5,1,4,1,2,4,1,2,1,2,3,3,4,4,2,3,3,3,4,4,4,3,6,2,5,3,3,4,3,1,3,3,2,3,4,5,2,2,2,3,5,4,4,4,7,6,4,5,4,2,3,7,3,5,6,3,4,2
West Virginia,US,38.4912,-80.9545,4,3,3,2,3,3,2,2,3,3,4,6,3,1,2,2,4,2,5,4,2,1,0,1,4,2,3,2,1,1,0,1,1,4,3,2,2,3,4,2,2,2,1,1,3,2,2,2,2,3,1,1,1,1,2,2,2,2,4,3,3,2,3,3,2,1,3,2,2,2,4,1,2,4,1,1,2,1,3
Wyoming,US,42.756,-107.3025,7,7,4,5,8,4,7,9,7,5,4,8,7,7,7,6,6,7,5,4,6,6,4,3,5,4,4,5,5,3,6,6,9,8,11,3,5,5,2,7,4,3,6,4,4,8,5,8,3,3,2,6,7,6,4,7,4,5,4,5,7,4,6,6,8,4,6,5,5,6,6,10,3,4,5,4,2,3,4
Hubei,China,30.9756,112.2707,1,3,2,1,1,6,3,2,4,4,1,2,1,2,5,4,1,0,1,1,1,3,3,7,6,5,2,1,1,1,1,1,2,1,1,3,7,3,1,1,3,2,2,2,6,8,1,2,2,1,1,3,1,3,4,3,5,4,3,1,3,3,2,1,2,2,1,2,7,2,3,2,5,1,1,1,2,2,3
,Iran,32.0,53.0,1,1,1,2,2,1,1,3,6,4,6,2,3,6,1,2,2,6,3,2,2,4,6,3,3,3,2,1,3,2,3,7,4,2,4,2,2,4,9,8,6,7,2,2,2,2,1,5,2,1,8,1,3,1,4,7,9,2,2,2,4,6,3,3,1,2,2,6,6,2,1,1,2,8,5,2,4,4,4
,"Korea, South",36.0,128.0,1,1,1,2,1,1,1,4,2,1,1,2,3,1,1,1,1,1,2,3,1,0,0,1,1,1,3,1,0,0,1,1,1,2,1,2,1,1,2,1,1,1,1,1,0,1,4,5,2,1,0,1,4,1,0,1,1,1,1,0,0,2,1,3,2,0,0,1,1,2,3,1,2,2,4,1,2,1,5
France,France,46.2276,2.2137,2,2,4,1,2,2,2,1,4,3,0,2,2,4,5,3,5,2,5,5,2,2,1,1,1,2,6,7,4,4,3,5,6,5,5,2,3,2,2,7,9,6,2,7,3,3,5,4,3,4,3,1,2,3,3,6,5,6,3,7,7,6,3,3,7,3,2,4,4,5,4,4,1,2,2,1,1,1,1
Guangdong,China,23.3417,113.4244,1,1,1,1,2,2,1,2,1,1,3,3,1,1,2,2,4,2,2,1,1,1,1,2,3,5,4,4,4,3,1,1,1,2,2,1,2,2,3,3,1,1,1,1,2,5,6,4,2,1,1,1,1,1,2,1,1,2,1,2,2,3,2,3,2,2,3,4,4,5,2,2,2,4,1,2,2,1,1
Henan,China,33.882,113.61399999999999,1,1,1,1,5,4,4,1,1,1,1,1,2,2,2,1,2,2,3,2,1,1,1,5,2,3,2,1,2,1,2,2,2,2,3,5,4,1,1,3,3,3,3,3,4,5,4,2,3,2,1,4,2,3,2,4,4,4,2,1,3,2,2,2,3,2,3,2,3,3,3,3,5,4,2,2,3,4,3
Zhejiang,China,29.1832,120.0934,0,0,1,1,1,1,3,2,1,1,1,1,1,1,1,1,1,1,0,0,1,1,2,2,2,1,1,1,1,2,0,1,0,1,1,2,2,1,1,0,0,1,1,0,0,3,2,1,0,0,1,1,1,1,1,2,3,2,1,2,2,2,1,1,1,1,0,1,1,2,1,1,1,1,1,1,1,1,2
Hunan,China,27.6104,111.7088,1,1,1,1,1,1,2,1,1,1,1,1,1,1,1,1,1,1,1,0,0,1,1,2,2,2,1,1,0,1,0,0,1,1,0,1,2,1,1,1,0,0,0,1,1,5,2,1,1,0,1,1,0,1,2,1,1,1,1,1,1,2,1,1,1,0,1,1,2,1,1,0,2,2,0,1,0,1,1
Anhui,China,31.8257,117.2264,2,2,2,2,4,2,6,3,3,3,2,1,1,3,4,3,2,1,2,1,2,1,3,5,4,5,3,2,2,2,1,2,2,3,1,4,7,2,1,1,3,2,1,4,3,8,3,3,2,2,3,3,2,4,6,3,4,4,2,1,3,3,1,3,5,4,1,5,5,3,2,3,3,2,2,4,2,3,3
Jiangxi,China,27.614,115.7221,1,1,1,1,0,2,3,2,2,2,1,1,1,2,1,2,1,1,0,1,0,1,2,2,3,2,1,1,1,1,1,1,1,1,1,2,2,2,2,1,0,0,0,1,1,3,3,2,1,0,1,1,2,0,2,2,2,2,1,2,2,2,2,2,1,0,1,1,2,2,1,0,1,2,1,1,1,1,1
Shandong,China,36.3427,118.1498,1,1,0,1,1,1,5,2,0,1,1,1,1,1,0,0,1,1,1,1,2,0,1,3,1,2,2,1,3,2,1,1,3,2,3,3,1,1,1,2,2,2,1,3,3,6,4,4,2,2,1,3,2,4,1,2,3,1,1,1,2,1,3,2,2,3,2,2,2,3,3,4,3,3,3,4,2,5,5
Diamond Princess,Cruise Ship,35.4437,139.638,3,2,2,4,6,3,3,3,4,4,3,3,2,2,3,3,4,7,3,2,5,2,2,2,4,3,5,8,4,3,7,5,3,4,3,5,9,2,4,6,3,4,5,4,2,3,2,7,5,2,2,4,8,4,2,3,5,7,3,2,4,5,3,3,5,4,4,6,6,4,4,4,4,6,3,7,5,3,5
Jiangsu,China,32.9711,119.455,2,2,2,2,6,2,5,4,2,4,3,1,1,3,3,4,3,1,2,1,3,2,3,5,5,5,4,3,4,4,1,1,2,4,2,5,5,2,2,2,3,3,2,4,3,6,5,4,1,3,2,3,3,4,3,3,4,4,3,2,3,3,2,4,3,4,2,5,4,4,2,3,4,3,4,4,3,3,4
Chongqing,China,30.0572,107.874,1,0,0,1,0,0,1,1,1,1,0,1,1,1,1,0,0,0,0,1,1,0,0,1,1,1,0,0,0,1,1,0,0,0,0,1,0,0,0,0,0,0,1,1,1,1,0,0,0,1,1,0,1,0,0,0,0,1,0,1,1,1,1,0,1,0,1,1,1,1,1,1,1,0,1,0,0,1,1
Sichuan,China,30.6171,102.7103,1,1,1,0,1,1,1,1,1,1,1,1,1,1,1,1,0,1,1,1,1,1,1,1,1,1,1,1,1,0,0,1,1,0,1,1,0,1,1,1,1,1,1,1,1,1,1,1,1,1,1,1,1,1,1,1,1,0,1,1,1,1,1,1,1,1,1,1,1,1,1,1,1,1,1,1,1,1,1
Heilongjiang,China,47.861999999999995,127.7615,2,2,1,1,1,1,2,2,1,2,1,1,1,1,1,1,1,1,1,1,2,1,2,2,1,2,1,3,4,2,1,2,2,2,1,1,3,1,1,2,2,4,2,4,2,1,3,2,1,2,1,2,2,1,2,1,1,1,2,2,0,1,1,2,1,1,2,2,1,1,2,4,3,1,3,3,2,2,2
Denmark,Denmark,56.2639,9.5018,6,8,7,8,5,5,6,7,4,4,8,5,5,8,8,6,5,6,4,5,7,5,5,5,4,5,5,5,6,6,7,9,7,4,6,5,6,3,5,12,10,8,8,4,3,8,12,12,8,4,8,8,12,8,5,9,4,2,5,6,9,4,3,4,2,4,2,8,3,6,8,11,5,4,9,4,6,7,4
Beijing,China,40.1824,116.4142,1,1,1,1,0,0,2,2,1,2,1,1,3,1,1,1,1,1,2,1,1,1,1,1,1,1,0,0,1,1,1,1,1,1,2,1,1,1,1,1,1,1,1,1,2,5,4,2,1,1,1,2,2,1,1,1,1,2,1,1,2,2,3,2,1,1,1,1,1,2,1,3,3,3,2,1,1,3,3
Shanghai,China,31.201999999999998,121.4491,2,2,1,2,4,3,5,5,2,4,4,3,1,3,3,4,4,2,2,2,3,2,3,4,4,6,5,4,4,5,3,1,2,3,2,3,4,3,2,2,2,4,2,3,3,4,7,6,2,3,3,4,3,4,4,4,4,3,4,2,3,3,2,3,3,4,2,4,4,5,2,5,3,3,3,4,3,3,4
Hebei,China,39.549,116.1306,1,1,0,1,2,1,2,1,1,1,2,1,1,1,0,1,1,1,2,3,1,1,1,1,1,1,0,1,1,2,1,2,3,3,3,2,1,1,1,1,1,1,1,2,4,5,4,2,1,3,1,2,2,1,3,2,2,3,2,1,3,3,4,2,3,2,2,2,3,2,2,4,3,3,3,2,2,5,4
Fujian,China,26.0789,117.9874,0,0,0,0,1,0,1,1,0,0,1,1,0,1,1,1,1,0,1,0,0,1,1,0,1,1,1,1,1,1,0,0,0,0,0,0,1,0,1,0,0,0,0,0,0,1,1,1,0,0,0,0,0,1,0,0,0,1,0,0,1,1,1,0,1,0,0,1,1,1,0,0,0,1,0,0,0,0,0
Guangxi,China,23.8298,108.7881,1,3,2,1,3,4,1,2,4,3,4,2,1,2,1,3,3,1,2,0,1,4,3,2,4,4,3,3,3,2,2,1,1,3,2,1,1,3,3,2,1,2,2,3,3,4,5,4,1,1,1,1,1,2,4,3,2,2,3,3,1,2,2,3,1,2,3,4,3,5,2,1,2,4,1,1,2,1,1
Shaanxi,China,35.1917,108.8701,1,1,1,1,1,1,2,1,0,2,1,1,2,1,1,1,1,2,2,1,1,1,1,1,1,2,1,1,2,1,1,1,2,1,1,1,1,1,1,1,1,1,1,2,6,4,2,1,1,1,2,2,1,1,2,2,2,1,1,1,3,1,2,2,2,1,3,2,4,2,1,2,3,2,1,1,2,3,2
Yunnan,China,24.974,101.48700000000001,1,1,1,1,1,3,1,2,2,2,2,1,2,2,2,1,2,2,2,2,3,3,3,2,1,1,1,1,1,2,2,2,2,2,1,2,3,2,1,1,2,2,1,2,1,1,1,1,2,2,2,1,2,2,2,2,1,2,2,2,2,2,2,2,2,3,3,4,3,2,3,3,2,2,3,3,2,3,2
Hainan,China,19.1959,109.7453,2,1,1,1,2,1,1,2,1,1,1,1,1,2,2,1,1,1,1,2,2,1,1,1,1,1,1,1,1,1,1,2,1,1,1,1,1,1,2,2,1,1,1,2,2,2,2,1,1,1,2,2,2,1,1,1,1,2,1,1,1,1,2,1,1,1,1,2,2,1,1,1,1,1,1,2,1,1,1
Guizhou,China,26.8154,106.8748,4,1,2,2,6,5,1,4,2,2,2,1,1,2,2,2,2,1,1,1,4,2,2,2,2,1,1,1,1,1,2,1,2,1,1,2,2,2,2,2,2,1,1,2,2,5,2,1,1,1,2,2,1,4,5,1,2,5,3,2,2,2,2,2,2,2,1,3,4,3,2,1,2,2,1,1,2,1,1
Tianjin,China,39.3054,117.323,0,1,1,1,2,2,3,3,1,3,2,1,4,1,1,1,1,2,4,3,1,0,2,3,1,1,1,1,1,1,2,2,2,2,3,4,1,2,2,1,1,1,1,3,7,6,5,4,1,4,2,3,4,3,5,3,2,2,2,2,4,4,5,3,4,3,2,2,4,3,4,4,3,5,4,3,3,7,5
Shanxi,China,37.5777,112.2922,1,0,0,1,3,1,1,1,0,1,1,1,1,1,0,0,1,2,2,1,0,1,1,1,1,1,1,1,1,1,1,2,2,1,1,2,2,1,1,2,1,1,1,1,3,5,2,1,1,1,2,4,1,1,1,0,3,2,1,2,3,3,2,2,2,2,1,1,3,2,2,2,3,3,1,2,2,4,2
Gansu,China,37.8099,101.0583,1,1,1,1,1,0,1,1,1,1,2,2,2,1,1,2,1,1,1,1,2,2,1,1,1,1,1,1,1,1,1,1,1,1,1,1,1,1,1,1,1,1,1,3,2,1,1,1,2,1,2,2,1,1,1,1,1,1,1,1,1,1,1,1,2,1,1,2,1,1,1,1,1,1,1,1,1,1,1
Hong Kong,China,22.3,114.2,5,4,3,3,6,4,1,3,5,4,3,4,3,4,6,4,3,3,3,2,4,3,2,3,5,5,5,4,5,5,4,5,6,5,4,5,7,3,3,3,4,4,2,2,3,4,7,6,4,5,5,5,3,6,5,3,1,6,5,2,1,6,6,4,5,6,3,3,4,5,6,5,2,4,4,6,4,3,2
Liaoning,China,41.2956,122.6085,2,1,1,1,1,1,7,5,1,1,2,2,2,2,1,1,1,1,2,3,5,2,3,3,1,3,2,4,7,5,1,2,3,2,5,3,2,2,2,4,1,6,5,6,8,7,9,4,2,2,2,3,4,7,4,7,5,1,6,3,3,2,2,5,5,7,2,5,5,4,4,5,3,3,6,6,4,8,6
Jilin,China,43.6661,126.1923,1,2,2,1,1,1,1,2,1,1,1,0,1,0,1,1,1,1,1,2,4,2,2,1,1,1,0,1,2,1,0,2,1,2,2,1,2,2,0,3,1,5,4,2,3,3,4,1,3,2,1,2,3,4,1,2,1,1,4,1,0,1,1,3,2,3,3,3,2,1,2,6,3,4,4,2,3,4,3
,Czechia,49.8175,15.472999999999999,2,1,3,6,4,1,2,2,2,3,3,2,2,5,5,1,5,1,1,1,1,2,1,2,1,1,2,5,5,4,5,4,5,6,6,6,4,2,3,4,8,8,6,4,3,2,6,4,5,5,3,5,4,8,5,4,5,4,5,5,4,4,3,2,4,4,5,2,2,4,4,5,5,2,5,5,1,1,1
Xinjiang,China,41.1129,85.2401,1,1,1,0,1,1,0,0,1,1,1,1,1,1,1,0,1,2,3,1,1,0,1,1,1,1,1,1,1,1,1,1,1,1,1,1,1,1,1,2,2,2,1,5,4,2,2,2,1,1,2,2,2,2,2,1,1,1,3,1,1,2,2,2,1,1,3,6,2,3,2,4,2,2,1,2,3,2,2
Inner Mongolia,China,44.0935,113.9448,1,2,3,1,2,3,1,1,2,3,0,1,3,1,1,0,1,5,4,3,3,2,1,1,1,1,1,2,1,1,3,1,3,2,1,3,1,2,3,3,3,5,2,6,6,3,3,4,1,1,6,6,4,4,7,5,2,3,1,3,3,4,4,2,3,2,3,4,3,3,3,4,6,5,2,6,4,7,3
Ningxia,China,37.2692,106.1655,1,1,1,4,3,2,1,1,1,1,2,2,1,3,2,2,1,4,3,2,1,1,1,1,4,4,1,1,1,1,1,2,2,2,1,1,2,1,2,2,2,1,2,5,6,3,1,2,2,2,5,4,2,3,4,1,2,1,3,5,1,4,2,2,4,3,6,7,5,3,2,4,4,2,1,3,2,5,2
,Taiwan*,23.7,121.0,1,1,1,1,1,1,1,1,1,1,1,1,1,1,1,1,1,1,1,1,1,1,1,1,1,1,1,1,1,1,1,1,1,1,1,1,1,1,1,1,1,1,1,1,1,1,1,1,1,1,1,1,1,1,1,1,1,1,1,1,1,1,1,0,0,1,1,1,1,1,1,1,1,1,1,1,1,1,1
,Vietnam,16.0,108.0,1,1,1,0,0,1,1,1,1,1,0,1,1,1,1,1,1,1,1,1,1,1,1,1,1,1,0,0,0,1,1,1,1,1,1,1,1,1,1,1,1,0,1,1,1,1,1,1,1,1,1,1,1,1,1,1,1,1,1,1,1,1,1,1,1,1,1,1,1,1,1,1,1,1,1,1,1,1,1
,Russia,60.0,90.0,3,3,2,2,3,2,2,1,1,2,3,3,3,3,3,2,4,4,3,4,3,2,4,4,3,4,4,3,2,3,1,1,3,5,3,2,4,4,2,3,2,2,2,2,3,2,1,1,3,4,3,2,1,1,1,0,0,2,4,3,2,5,2,3,3,3,2,4,3,2,3,4,3,3,5,4,3,5,3
Qinghai,China,35.7452,95.9956,3,2,2,1,1,1,1,2,3,2,2,1,1,2,3,2,2,1,1,2,2,2,1,1,1,1,1,1,1,1,1,1,1,1,2,1,1,1,1,1,1,1,2,2,1,1,1,1,1,2,2,1,1,1,1,2,1,2,2,1,1,1,1,1,1,1,3,2,1,1,1,2,1,2,2,1,1,1,1
Macau,China,22.1667,113.55,5,4,3,3,4,4,1,4,5,4,3,6,4,4,5,4,6,4,5,4,4,2,2,2,4,8,8,7,7,7,4,5,4,3,4,5,6,3,5,5,3,3,2,2,3,5,10,8,5,3,3,3,2,5,4,2,2,5,4,2,1,5,5,5,5,6,3,4,4,6,5,5,3,6,5,5,4,3,2
,Moldova,47.4116,28.3699,6,2,2,2,2,3,1,1,1,0,3,2,1,0,2,2,1,2,1,3,4,5,6,1,2,1,1,1,3,3,3,3,3,4,3,5,7,6,4,1,6,4,4,3,3,2,2,4,2,1,1,1,1,3,8,3,1,3,2,1,5,5,3,4,2,2,2,2,1,4,3,3,2,4,4,1,1,1,1
,Bolivia,-16.2902,-63.5887,1,0,1,0,1,2,4,2,3,3,2,1,1,1,2,3,2,2,1,1,2,2,1,1,1,1,1,1,1,1,2,1,1,1,1,2,3,2,1,1,1,1,1,1,2,2,2,2,3,2,1,1,3,4,2,1,2,1,1,1,1,2,1,1,1,0,1,1,1,1,0,1,0,0,1,1,1,1,2
Faroe Islands,Denmark,61.8926,-6.9118,15,16,14,7,9,16,16,18,9,13,14,13,11,15,10,7,9,11,12,13,9,8,14,10,12,10,9,4,2,7,3,6,4,12,6,10,9,10,12,5,7,7,5,7,15,13,7,6,7,8,17,17,10,7,6,6,5,6,11,19,15,13,5,7,5,5,5,5,6,7,5,9,7,5,10,12,15,6,5
St Martin,France,18.0708,-63.0501,3,3,4,6,7,5,6,6,7,9,11,12,11,12,10,9,6,6,8,10,8,7,6,6,3,3,3,3,3,1,3,4,5,4,3,6,7,8,9,9,8,8,8,9,9,9,8,9,8,9,9,8,6,3,2,3,5,7,5,4,4,4,5,6,6,6,6,6,5,7,8,6,6,5,3,6,4,4,6
,Honduras,15.2,-86.2419,1,1,2,2,2,3,1,2,2,1,2,2,2,2,2,2,1,2,1,1,2,3,2,1,1,1,1,1,1,1,1,1,1,2,1,1,2,2,1,1,2,2,2,2,2,2,2,1,2,2,2,1,2,2,2,1,2,1,2,2,2,1,1,2,2,1,2,2,1,2,2,2,1,1,1,2,1,1,1
Channel Islands,United Kingdom,49.3723,-2.3644,3,8,9,5,5,9,8,7,9,7,11,10,12,13,11,12,12,6,7,5,4,7,8,5,6,9,11,16,9,10,8,8,11,9,12,3,7,9,8,19,19,15,10,16,9,15,17,14,12,9,13,10,12,12,12,14,12,12,11,16,11,11,7,8,11,8,8,12,11,13,11,12,8,8,8,5,4,3,5
New Brunswick,Canada,46.5653,-66.4619,4,3,4,1,2,3,1,1,1,5,2,3,5,1,1,1,1,5,3,3,3,2,2,3,1,1,2,3,3,3,3,2,1,2,3,2,3,1,5,4,2,1,1,3,3,3,3,3,3,2,4,4,3,3,2,2,1,2,6,4,1,3,3,1,4,5,2,4,3,2,2,2,1,3,6,4,2,4,4
Tibet,China,31.6927,88.0924,5,3,1,3,4,3,4,6,7,4,4,3,4,6,5,3,3,5,4,3,4,6,4,4,2,2,2,2,2,2,2,2,3,2,2,3,2,3,2,3,2,3,4,4,4,3,5,4,3,6,2,2,2,2,1,2,3,2,1,2,2,4,1,2,2,3,5,5,4,4,5,5,2,5,4,4,3,2,3
,Congo (Kinshasa),-4.0383,21.7587,0,1,1,1,1,0,1,1,1,1,0,0,0,0,0,0,1,1,0,1,1,1,1,0,1,1,0,1,1,1,0,1,1,1,1,0,1,1,1,1,1,1,0,1,1,1,1,1,0,1,1,1,1,1,1,1,1,1,1,0,1,1,1,0,1,0,0,1,1,1,1,1,1,0,0,1,1,1,1
,Cote d'Ivoire,7.54,-5.5471,1,2,2,2,2,1,1,1,1,1,1,1,2,2,2,2,1,1,1,1,2,1,1,2,2,1,1,1,1,1,1,1,1,1,1,1,1,1,1,1,2,2,3,2,1,1,1,1,2,2,2,2,2,2,1,2,1,1,2,2,1,2,2,2,2,2,2,2,3,2,1,1,2,2,2,2,2,2,2
Saint Barthelemy,France,17.9,-62.8333,3,3,4,6,7,5,6,7,7,9,12,12,11,12,10,9,7,6,8,10,8,7,6,6,3,3,3,3,3,1,3,4,6,4,3,6,7,8,9,10,8,8,9,9,10,9,8,9,8,9,9,9,6,3,2,2,5,7,5,4,4,5,5,6,7,6,6,6,5,8,8,7,6,5,3,6,3,4,6
,Jamaica,18.1096,-77.2975,1,1,2,2,1,2,2,1,3,3,3,4,3,3,4,3,3,4,4,2,1,1,2,2,1,1,1,1,1,1,1,2,2,1,2,2,3,3,3,2,2,2,3,3,3,2,2,2,2,2,2,2,1,1,2,2,2,2,1,1,3,3,2,2,3,2,1,1,4,4,3,2,1,2,2,3,3,2,3
,Turkey,38.9637,35.2433,1,2,1,1,1,4,4,1,3,1,0,1,1,1,1,1,1,2,1,1,4,1,2,3,1,1,1,1,2,3,5,2,1,2,3,3,4,2,5,3,2,2,2,2,1,1,1,0,1,1,1,2,1,1,2,2,1,2,2,2,2,1,1,2,3,2,1,1,3,5,1,1,5,1,3,4,5,5,2
Gibraltar,United Kingdom,36.1408,-5.3536,5,3,2,3,8,7,5,2,4,5,5,5,3,2,1,1,3,3,6,3,3,2,2,3,3,4,3,4,3,3,4,4,2,1,2,7,10,4,3,2,2,3,5,4,2,2,2,4,4,9,9,9,9,8,3,6,6,5,2,6,6,8,6,6,7,7,2,2,5,3,4,2,5,3,5,6,6,14,11
"Kitsap, WA",US,47.6477,-122.6413,6,2,2,5,4,4,5,5,1,1,5,2,4,2,2,4,3,1,3,1,1,5,3,4,4,1,4,3,2,3,3,6,4,2,1,3,2,1,4,2,1,1,2,0,3,2,4,1,1,2,2,1,1,2,5,1,1,1,1,4,2,1,4,4,1,3,1,1,1,1,3,2,1,3,5,5,3,1,1
"Solano, CA",US,38.3105,-121.9018,1,1,1,1,1,2,1,1,1,3,1,2,2,3,3,1,4,1,2,1,1,2,1,1,1,1,3,3,2,2,1,1,1,4,5,4,1,1,1,2,9,6,3,1,2,2,1,2,4,2,1,2,2,3,2,3,3,1,1,1,4,5,7,2,1,3,4,3,1,1,2,1,3,5,4,4,2,1,1
"Santa Cruz, CA",US,37.0454,-121.958,1,1,1,1,1,1,1,1,1,1,1,1,1,0,1,1,1,1,1,1,1,1,0,1,1,1,1,1,1,1,1,1,1,1,2,1,1,1,1,0,2,1,1,1,1,1,0,1,1,1,0,1,1,1,0,1,1,1,1,1,1,1,1,1,1,1,1,1,1,1,1,1,1,1,2,2,1,1,1
"Napa, CA",US,38.5025,-122.2654,2,1,1,1,1,2,1,1,1,2,1,2,2,2,2,2,3,1,1,1,1,3,1,1,1,1,2,1,2,1,1,1,1,2,3,3,1,1,1,1,5,3,3,1,1,1,1,1,2,1,1,1,1,1,1,2,2,1,1,1,2,3,4,2,1,2,2,2,1,1,1,2,1,3,3,3,1,1,1
"Ventura, CA",US,34.3705,-119.1391,2,1,1,1,1,1,2,2,1,1,1,1,1,1,1,1,1,1,2,3,1,1,1,1,1,1,1,1,1,1,1,1,1,1,2,2,1,1,1,1,2,2,2,1,1,1,1,1,1,1,1,1,2,1,1,1,2,2,2,2,1,1,1,1,1,1,1,1,1,1,2,1,1,1,1,1,1,1,2
"Worcester, MA",US,42.4097,-71.8571,2,4,3,1,1,5,1,2,4,3,4,5,6,1,1,2,4,5,2,3,3,1,1,1,1,3,3,3,3,3,1,1,0,1,2,1,2,2,4,4,1,3,1,3,1,4,2,3,2,2,4,3,2,3,2,2,1,2,6,5,3,3,3,3,6,3,3,5,3,3,3,2,2,4,4,3,2,2,2
"Gwinnett, GA",US,33.9191,-84.0167,4,2,1,2,4,3,1,4,2,2,3,4,1,1,1,1,3,3,2,4,3,1,2,3,2,3,2,2,2,1,2,2,2,3,2,2,3,4,5,1,2,2,3,2,4,3,2,1,1,1,2,3,1,1,1,1,1,3,4,3,3,1,2,3,1,2,4,1,1,2,2,2,1,2,2,2,3,1,2
"DeKalb, GA",US,33.7956,-84.2279,3,2,1,1,4,2,1,3,1,2,2,4,1,1,1,1,3,3,2,4,3,2,1,3,1,3,2,1,1,1,1,2,1,2,2,2,3,3,4,1,2,2,3,2,3,3,2,1,1,1,2,3,1,0,0,1,1,3,3,2,3,1,1,2,1,2,4,1,1,2,2,1,1,2,1,2,2,1,1
"Floyd, GA",US,37.5455,-82.7779,4,3,2,2,3,3,1,2,3,2,3,5,2,1,1,1,3,2,4,4,2,1,0,1,2,2,2,1,1,1,1,1,1,4,3,3,2,2,3,2,2,3,1,1,3,2,1,2,1,2,2,2,1,1,2,2,2,2,3,3,2,2,3,3,2,1,4,1,2,2,3,1,2,3,2,2,0,1,2
"Fayette, GA",US,33.4502,-84.4803,3,2,2,2,4,2,1,4,1,2,3,5,1,1,1,1,3,3,3,4,3,2,2,3,2,3,1,2,1,1,2,2,2,3,2,2,3,4,4,1,2,2,3,2,4,3,2,1,2,2,2,3,2,0,0,2,1,3,3,3,3,1,2,3,1,3,4,2,1,2,2,2,2,2,1,2,2,1,2
"Gregg, TX",US,32.4893,-94.8521,1,2,3,2,1,3,2,1,3,5,6,4,1,2,1,3,4,3,4,3,1,2,3,2,3,2,1,1,3,4,1,1,2,3,5,4,4,4,2,2,4,3,3,3,3,2,3,2,4,3,3,4,2,1,3,4,2,5,1,2,3,5,3,1,5,3,2,2,3,5,1,4,4,3,3,3,2,2,3
"Monmouth, NJ",US,40.2589,-74.124,3,5,2,1,2,6,3,2,6,3,3,5,6,2,2,2,6,6,3,5,5,3,1,1,2,6,3,4,4,3,2,1,1,3,2,1,3,2,6,4,2,4,1,3,2,5,2,2,1,3,4,3,3,4,2,2,1,3,8,5,5,4,4,3,5,3,3,5,3,3,4,2,2,5,3,2,4,2,3
"Burlington, NJ",US,40.0712,-74.8649,2,3,1,1,1,4,2,1,4,1,1,3,5,1,1,1,4,3,2,4,2,1,0,0,2,4,3,3,2,2,1,1,0,2,2,1,2,1,5,3,1,3,1,2,1,3,1,1,1,2,2,1,2,3,1,1,1,2,7,6,4,3,3,2,5,2,2,3,3,3,4,2,2,4,2,1,3,2,2
"Camden, NJ",US,39.9259,-75.1196,2,3,1,1,1,4,2,1,4,2,1,4,5,1,1,1,5,4,2,4,4,2,0,0,2,4,2,3,3,2,1,1,0,2,2,1,2,1,5,3,1,3,1,2,2,4,1,1,1,2,3,2,2,2,1,1,1,2,6,4,4,3,3,2,4,2,2,4,2,2,4,2,2,3,3,1,3,1,2
"Passaic, NJ",US,40.8568,-74.1285,2,4,2,1,1,5,3,1,5,2,2,3,5,1,1,1,5,5,2,4,4,2,0,1,1,4,2,3,3,3,1,1,0,2,2,1,2,2,5,3,1,3,1,2,1,4,2,2,1,2,4,3,2,2,2,1,1,2,6,5,4,3,2,2,5,2,2,4,2,3,3,2,2,4,3,2,3,2,2
"Union, NJ",US,40.6976,-74.2632,2,4,2,1,1,5,3,1,5,2,2,3,5,2,1,2,5,5,2,4,4,2,1,1,1,4,3,3,4,3,1,1,0,2,2,1,3,2,5,3,2,3,1,2,1,4,2,2,1,2,4,2,2,3,2,1,1,2,7,5,4,3,2,2,5,2,2,4,3,3,4,2,2,4,3,2,4,2,2
"Eagle, CO",US,39.6553,-106.8287,1,3,1,2,2,2,3,2,2,2,1,2,2,3,3,2,1,3,1,1,1,1,2,1,1,1,2,1,1,1,1,1,1,2,4,1,1,2,3,3,1,2,1,1,2,2,3,3,3,1,2,1,1,1,1,3,2,1,2,1,2,2,2,1,2,1,1,2,3,2,2,2,2,3,3,2,1,2,2
"Larimer, CO",US,40.6956,-105.5943,7,9,5,8,7,4,10,8,5,3,4,6,5,6,5,4,3,7,7,3,2,3,7,6,5,6,5,4,5,2,5,7,8,5,4,2,6,7,3,6,2,4,4,4,4,7,6,6,5,3,2,2,4,5,2,7,5,7,7,5,5,2,7,7,7,4,3,3,3,3,6,7,5,3,2,2,3,2,2
"Arapahoe, CO",US,39.6203,-104.3326,3,4,3,4,3,4,6,3,4,3,3,2,2,3,4,4,7,6,2,2,3,2,4,3,2,2,2,2,2,2,4,3,5,6,5,2,2,4,2,3,3,2,4,4,3,3,3,2,3,2,3,2,3,3,4,5,8,2,3,3,3,3,3,3,5,3,3,3,4,2,3,3,3,8,3,4,3,5,4
"Gunnison, CO",US,38.5458,-106.9253,0,1,1,1,0,1,2,0,1,1,1,1,1,2,1,1,0,3,1,0,1,0,3,4,0,1,1,1,1,1,2,1,1,1,2,2,1,2,6,1,1,1,1,1,2,1,1,1,3,1,1,1,1,1,3,4,2,1,1,1,1,1,3,1,1,1,1,1,1,2,1,1,2,3,1,1,1,1,2
"Kane, IL",US,41.9879,-88.4016,6,5,4,2,3,6,3,4,4,7,3,8,2,3,3,3,5,4,7,6,2,3,5,3,2,4,3,2,1,1,1,2,4,6,3,6,4,3,2,2,5,2,3,2,4,3,6,1,4,6,3,3,5,5,4,4,7,6,4,3,3,5,2,4,3,6,6,4,7,6,3,2,4,6,3,3,2,3,2
"Monroe, PA",US,41.0458,-75.2479,2,3,2,1,2,4,3,1,4,2,2,3,4,1,1,1,5,5,2,3,4,2,1,1,1,3,2,2,3,3,1,1,0,2,2,2,2,1,4,3,1,2,1,2,2,4,2,2,1,2,3,2,2,2,2,1,1,2,5,4,4,2,2,2,4,2,1,4,2,3,3,2,1,3,3,2,3,2,2
"Philadelphia, PA",US,39.9526,-75.1652,2,3,1,1,1,5,2,1,4,2,1,4,5,1,1,1,5,4,2,4,4,2,0,0,2,4,2,3,3,2,1,1,0,2,2,1,2,1,5,3,1,3,1,2,2,4,2,1,1,2,3,2,2,2,1,1,1,2,6,4,4,3,3,2,4,2,2,4,2,3,4,2,2,4,3,2,3,1,2
"Norfolk, VA",US,36.8508,-76.2859,2,3,3,3,3,4,2,3,4,3,3,5,4,2,2,2,5,5,3,5,5,6,4,3,3,3,2,2,3,2,3,3,2,4,3,4,4,3,7,2,2,4,4,3,4,5,3,2,2,1,3,4,6,2,2,2,2,2,6,4,4,2,4,5,2,3,4,5,1,4,5,3,2,4,3,4,4,2,3
"Arlington, VA",US,38.8816,-77.09100000000001,1,2,1,1,1,4,1,1,2,2,1,2,2,1,1,1,4,3,2,3,3,2,1,0,1,2,2,2,3,2,1,0,1,1,1,1,2,1,4,1,1,2,1,2,3,3,2,1,1,1,3,1,2,1,1,1,1,1,5,2,3,1,2,2,2,2,2,4,2,1,2,2,1,3,2,1,2,2,2
"Spotsylvania, VA",US,38.2042,-77.6078,2,1,2,3,2,3,1,1,3,1,2,4,3,1,1,1,4,3,3,4,3,2,1,0,2,2,1,2,2,1,1,0,1,3,2,2,3,1,5,2,1,3,1,2,3,3,1,2,2,2,2,1,3,1,1,2,1,1,4,4,3,1,4,3,2,2,3,4,2,3,5,1,1,3,2,2,2,2,2
"Loudoun, VA",US,39.0768,-77.6536,2,2,1,1,2,4,2,1,3,2,3,5,3,1,1,1,5,4,3,5,4,3,1,1,2,2,2,3,3,2,1,1,0,3,2,1,3,2,5,2,1,3,1,2,4,4,2,1,1,2,3,2,3,2,1,1,1,2,6,3,4,2,3,3,3,2,3,5,2,2,4,1,2,3,2,1,2,2,2
"Prince George's, MD",US,38.7849,-76.8721,2,2,1,2,2,4,2,1,3,2,2,5,4,1,1,1,5,3,3,4,4,2,0,0,1,2,2,2,3,2,1,0,0,2,2,2,2,1,6,2,1,4,2,2,3,4,2,2,1,2,3,1,3,2,1,1,1,2,6,3,4,2,3,3,3,2,2,4,2,2,5,2,2,3,2,2,2,2,2
"Pottawattamie, IA",US,41.3912,-95.4778,5,4,3,5,4,6,1,4,6,6,6,4,3,4,3,5,3,7,8,5,2,5,6,2,5,2,1,2,1,1,4,3,3,2,7,6,2,2,5,3,6,2,3,6,5,7,3,3,5,3,4,2,6,5,2,5,6,5,2,3,5,4,3,5,3,9,3,8,9,5,2,2,7,2,5,3,2,3,2
"Camden, NC",US,34.2465,-80.607,4,2,1,3,4,2,1,2,2,2,2,4,2,1,2,1,3,3,2,3,3,3,3,2,3,2,1,2,1,1,2,2,2,3,2,3,3,4,7,0,1,1,4,2,5,2,3,0,1,1,3,4,4,0,1,1,2,2,4,3,3,1,3,3,1,2,4,3,1,2,2,2,1,3,2,2,2,1,2
"Pima, AZ",US,32.0575,-111.6661,2,2,2,2,2,1,3,3,4,5,2,2,2,2,2,1,3,2,2,2,3,2,2,2,2,1,2,3,2,2,2,3,3,4,6,3,2,2,2,3,7,4,2,2,2,2,1,2,2,2,2,2,3,5,3,2,5,4,4,3,3,5,4,3,2,4,4,5,4,3,3,3,4,5,2,2,3,4,5
"Noble, IN",US,41.4277,-85.355,7,5,5,2,3,5,5,3,5,6,4,6,3,3,4,3,6,4,8,7,2,2,4,3,3,4,5,3,2,1,1,1,4,7,2,4,4,4,4,2,4,2,3,2,4,3,5,2,4,5,4,3,4,5,4,2,5,6,5,4,4,4,4,4,4,4,6,2,5,6,5,1,3,7,2,3,2,3,3
"Adams, IN",US,39.8522,-77.2865,3,3,2,1,3,4,3,1,4,2,3,5,5,1,1,1,6,4,4,5,4,2,1,1,2,3,3,3,3,2,1,1,0,3,3,2,3,2,5,3,2,4,2,2,4,4,2,2,1,3,4,2,2,3,2,1,1,2,7,4,5,2,3,3,4,2,3,5,2,3,4,1,2,4,2,2,3,3,2
"Boone, IN",US,40.0106,-86.4997,8,5,5,1,5,6,3,3,4,7,5,6,2,3,3,4,5,5,9,7,2,1,4,3,3,6,4,2,2,2,1,1,4,7,4,5,6,4,3,3,5,2,3,2,5,2,5,1,4,5,3,4,3,4,4,3,5,5,5,3,3,5,4,5,4,4,8,2,5,7,5,2,3,6,3,4,2,3,3
"Dane, WI",US,43.0186,-89.5498,5,5,4,2,3,6,4,5,4,6,3,7,2,3,4,3,4,4,6,5,1,4,6,2,3,4,3,1,2,0,1,2,4,6,3,5,2,1,2,2,4,2,4,4,5,3,6,1,4,6,2,2,5,4,4,3,6,5,3,3,3,5,3,4,3,7,5,6,7,5,3,2,6,6,3,3,2,3,3
"Pierce, WI",US,44.7509,-92.3814,4,3,3,2,3,6,3,5,4,5,4,4,3,3,3,3,3,5,6,4,1,4,4,2,2,4,2,2,1,0,2,2,4,5,4,3,1,1,1,2,3,3,4,5,4,5,5,1,3,5,3,3,5,3,4,2,4,3,2,2,3,4,3,5,3,6,2,5,5,4,1,2,5,6,2,2,4,3,2
"Cuyahoga, OH",US,41.4339,-81.6758,5,3,3,1,2,3,4,2,4,3,3,4,3,2,2,1,5,2,4,5,2,2,2,1,2,2,3,3,2,1,0,0,1,4,1,3,3,2,3,1,2,2,2,1,2,2,3,1,1,3,3,2,2,3,3,1,2,2,6,4,4,2,3,2,2,1,4,2,3,3,3,1,1,4,2,3,1,2,1
"Weber, UT",US,41.2603,-111.9522,1,2,1,1,2,2,2,2,2,2,2,2,1,2,2,2,2,3,2,1,2,2,1,1,1,1,2,2,2,1,1,1,2,2,3,1,2,2,1,2,2,2,1,1,2,2,1,2,2,1,1,2,2,1,2,2,1,1,1,2,2,2,1,1,2,2,3,4,2,2,1,2,2,2,5,4,2,3,2
"Bennington County, VT",US,43.0279,-73.135,2,4,2,1,1,4,2,2,4,2,3,5,5,1,1,2,4,3,2,4,2,1,1,1,1,3,3,2,2,2,1,1,0,1,2,1,2,2,3,3,1,3,1,3,2,3,2,2,2,3,5,3,2,3,2,2,1,2,6,5,3,2,3,2,5,2,2,3,2,3,3,2,2,5,5,2,2,3,1
"Carver County, MN",US,44.8254,-93.7842,4,3,3,2,3,6,3,5,4,4,4,3,3,3,3,4,2,5,7,4,1,6,4,2,3,3,1,2,1,0,2,2,4,5,4,3,2,3,2,2,3,3,4,6,4,5,5,2,3,5,2,3,5,3,4,2,4,3,2,2,4,4,4,5,3,7,3,5,5,5,1,3,5,6,3,2,4,3,2
"Charlotte County, FL",US,26.8946,-81.9098,2,1,2,4,5,3,1,2,3,5,5,4,3,3,2,1,1,4,3,3,3,4,4,2,2,2,2,1,2,2,2,2,3,3,1,2,3,6,4,3,4,3,2,2,3,2,4,2,1,2,1,3,5,5,3,3,4,3,4,3,3,2,3,3,3,4,4,4,5,4,3,1,1,2,2,2,2,2,3
"Cherokee County, GA",US,34.2515,-84.4803,3,1,2,1,4,2,1,3,1,3,4,5,1,1,1,1,3,3,3,4,3,2,1,4,2,3,1,1,1,1,1,2,1,2,1,1,2,3,4,1,2,3,3,2,4,2,2,1,2,2,2,3,2,1,1,2,1,3,3,2,3,1,2,2,1,2,4,1,2,2,2,1,1,2,2,1,3,1,2
"Collin County, TX",US,33.1795,-96.493,2,4,4,4,2,3,2,2,5,6,6,5,3,3,2,4,6,5,6,2,1,3,5,3,3,4,2,2,5,6,1,2,2,4,6,5,6,4,2,3,5,5,5,3,4,2,4,3,5,5,4,6,2,4,5,7,4,6,3,2,4,8,4,2,5,3,2,3,5,7,2,5,5,4,4,4,2,3,5
"Jefferson County, KY",US,38.1938,-85.6435,5,3,3,2,4,3,1,2,2,3,4,6,2,1,1,2,3,4,6,5,2,1,1,2,3,4,2,2,1,2,1,1,2,4,3,3,4,2,3,2,3,3,2,2,3,2,2,1,2,3,2,4,1,2,2,2,2,4,4,3,2,3,4,4,3,2,5,1,3,5,4,1,1,3,3,3,1,2,3
"Jefferson Parish, LA",US,29.6499,-90.1121,2,2,6,3,4,2,2,4,3,4,6,6,3,2,2,2,2,5,3,7,6,4,4,3,4,2,3,3,3,5,3,3,4,3,3,4,5,7,3,3,5,5,2,5,5,5,4,3,2,2,3,6,6,3,2,3,1,5,3,3,2,4,5,3,5,4,4,4,4,5,2,2,3,3,3,2,2,2,4
"Shasta County, CA",US,40.7909,-121.8474,2,2,1,2,2,1,1,2,2,2,3,3,3,4,4,2,4,2,1,2,1,4,1,1,1,1,2,2,3,1,1,1,2,2,3,4,2,2,1,2,5,4,3,3,2,1,2,2,3,2,2,1,1,2,2,2,3,1,2,2,2,5,4,3,2,2,3,2,1,1,2,1,3,4,4,2,1,2,1
"Spartanburg County, SC",US,34.8606,-81.9535,4,2,1,1,4,2,1,2,1,1,1,3,2,1,2,1,3,2,1,3,2,2,2,2,2,2,1,2,1,1,1,2,1,4,2,3,3,4,6,1,1,1,4,2,4,2,2,0,1,1,2,2,2,1,1,1,1,2,3,3,2,1,2,2,1,1,4,2,1,2,3,2,1,3,1,2,2,1,1
"Harrison County, KY",US,38.4333,-84.3542,5,3,4,2,4,4,1,2,3,4,5,7,2,1,2,3,4,4,6,5,2,1,1,2,2,4,3,2,1,2,1,1,2,5,4,4,4,2,4,3,3,4,2,2,3,2,3,1,2,4,2,3,1,2,3,3,3,3,4,3,3,4,4,5,3,2,5,1,3,5,5,1,2,4,3,3,1,2,3
"Johnson County, IA",US,41.6699,-91.5984,4,2,2,1,2,4,1,2,3,3,2,1,0,1,2,3,3,3,5,3,0,1,2,1,2,3,2,1,2,0,0,1,2,2,3,4,2,1,1,2,3,1,2,2,4,2,3,1,2,4,2,2,3,2,2,3,4,4,2,2,2,3,2,3,2,5,3,3,4,3,2,2,4,3,2,2,1,2,2
"Berkshire County, MA",US,42.3118,-73.1822,2,4,2,1,1,6,2,2,4,3,4,5,6,1,2,2,5,5,2,4,5,2,1,1,1,4,3,3,4,3,1,1,0,1,2,2,3,2,4,4,1,3,2,3,2,4,2,2,2,3,6,3,2,3,2,2,1,2,6,4,4,3,3,2,5,3,2,4,3,3,4,3,2,5,5,3,2,3,2
"Davidson County, TN",US,36.1343,-86.822,3,1,2,1,3,2,1,2,1,3,4,6,1,1,1,2,4,3,6,4,3,2,1,1,2,2,1,2,1,1,1,0,2,3,3,3,1,2,2,2,3,2,2,2,3,2,1,1,2,2,3,2,2,1,2,2,2,3,3,2,1,3,3,2,1,1,4,1,2,3,3,1,2,2,2,2,1,1,1
"Douglas County, OR",US,43.1261,-123.2492,2,2,1,2,1,2,2,2,1,1,3,3,3,2,1,3,1,2,2,1,1,2,2,2,1,2,2,2,2,1,1,2,2,1,1,0,1,1,1,2,1,1,1,1,1,1,1,1,1,1,1,1,1,1,2,1,1,1,1,1,1,2,1,1,1,1,1,1,0,1,1,1,2,1,2,1,1,1,1
"Fresno County, CA",US,36.9859,-119.2321,1,1,1,1,1,1,1,1,1,1,1,1,1,1,1,1,1,1,1,1,1,1,1,1,1,1,1,1,1,1,1,1,1,1,1,1,1,1,1,1,2,1,1,1,1,1,1,1,1,1,1,1,1,1,1,1,1,1,1,1,1,1,1,1,1,1,1,1,1,1,1,1,1,1,1,1,1,1,1
"Harford County, MD",US,39.5839,-76.3637,2,3,1,1,2,5,2,2,4,2,3,4,4,1,1,1,6,4,3,5,4,3,1,0,2,3,3,3,3,2,1,1,0,2,2,1,3,1,6,3,1,3,1,2,3,4,2,2,1,2,4,2,3,2,2,1,1,2,7,4,4,3,3,3,4,2,2,5,2,2,3,2,2,4,2,2,3,2,2
"Hendricks County, IN",US,39.8065,-86.5401,7,5,5,1,5,5,2,3,3,6,5,6,2,2,2,3,5,5,8,7,2,1,3,3,3,5,3,2,1,2,1,1,3,6,4,5,6,3,3,3,4,3,2,2,5,2,4,1,3,4,3,4,2,4,4,3,4,5,5,3,3,4,4,4,4,4,7,2,5,7,5,2,2,5,3,4,2,2,3
"Hudson County, NJ",US,40.7453,-74.0535,3,4,2,1,1,5,3,2,5,2,2,4,5,2,1,2,5,5,2,4,4,2,1,1,1,4,3,3,4,3,2,1,1,2,2,1,2,2,5,3,2,3,1,3,2,4,2,2,1,2,4,3,3,3,2,1,1,2,7,5,4,3,3,3,5,3,3,4,3,3,4,2,2,4,4,2,4,2,2
"Johnson County, KS",US,38.8454,-94.8521,4,5,3,4,4,4,2,3,5,7,5,4,3,3,2,4,4,6,6,4,2,3,5,2,5,1,1,2,3,2,1,2,3,3,5,5,4,1,3,2,5,2,2,2,5,3,4,2,3,4,3,4,3,4,3,5,4,5,3,3,4,5,3,3,2,5,2,6,8,6,2,1,4,3,5,3,2,3,3
"Kittitas County, WA",US,47.175,-120.9319,2,4,3,2,3,2,2,1,3,2,1,3,2,1,1,3,1,1,2,2,1,1,1,1,1,1,1,2,1,2,1,2,4,2,2,2,3,3,2,3,3,2,4,1,2,3,2,3,2,1,2,2,1,2,3,4,1,2,2,1,3,3,4,3,3,1,2,2,2,1,2,4,2,2,3,3,2,1,1
"Manatee County, FL",US,27.4799,-82.3452,2,1,3,4,5,3,1,1,3,4,5,5,3,3,2,1,1,5,3,3,4,5,4,3,2,3,1,1,3,2,2,2,3,3,1,2,3,7,4,2,4,3,2,2,4,2,4,2,1,2,1,3,5,4,2,3,4,3,4,2,3,2,3,3,3,5,5,4,4,4,3,1,1,1,2,2,2,2,2
"Marion County, OR",US,44.8446,-122.5927,4,4,2,3,3,4,5,4,2,1,4,4,5,3,2,4,1,2,3,2,1,3,3,3,3,2,3,3,4,2,2,3,4,1,1,2,3,3,4,3,1,1,1,1,2,2,3,2,1,2,3,2,1,1,4,1,1,1,1,2,2,1,2,2,1,2,1,1,1,1,1,1,2,1,2,4,3,2,1
"Okaloosa County, FL",US,30.5773,-86.6611,2,1,5,5,3,2,1,3,2,4,5,6,1,3,2,2,2,3,4,4,4,4,2,3,2,2,1,2,1,3,2,2,2,2,2,3,4,6,3,2,3,4,3,4,5,4,2,2,2,2,2,4,5,2,1,3,1,3,3,3,2,2,4,3,3,3,4,3,3,3,2,2,2,2,1,1,2,1,3
"Polk County, GA",US,34.0132,-85.1479,3,1,2,2,4,2,1,4,1,3,4,6,1,1,2,1,3,3,3,4,3,3,1,3,3,2,1,1,1,1,1,2,1,3,2,2,3,3,4,1,2,3,3,2,4,2,2,1,2,2,2,3,3,0,1,2,1,3,3,3,3,2,3,3,1,2,4,2,2,2,2,2,2,2,1,1,2,1,2
"Riverside County, CA",US,33.9533,-117.3961,3,1,1,1,1,1,2,1,1,1,1,1,1,0,0,1,1,1,2,2,1,1,0,1,1,1,1,1,1,3,2,1,1,2,5,4,1,1,1,1,2,4,4,1,1,1,1,1,1,1,1,1,1,1,1,1,2,2,2,1,1,2,3,3,1,1,1,2,1,1,2,1,2,0,0,1,1,1,1
"Shelby County, TN",US,35.1269,-89.9253,3,2,2,2,3,3,2,3,2,5,6,5,1,1,1,3,5,4,5,4,3,2,2,3,3,2,2,1,2,3,1,1,2,4,5,5,3,3,2,1,5,3,3,2,4,3,2,1,3,4,4,5,2,1,2,5,2,4,2,3,1,5,5,2,1,3,4,1,3,5,3,2,4,4,3,4,1,2,3
"St. Louis County, MO",US,38.6103,-90.4125,4,3,2,2,3,3,1,3,2,5,3,4,2,2,1,2,3,4,5,5,2,2,3,2,2,3,0,1,1,2,1,1,2,3,3,4,4,3,2,2,3,2,1,1,5,2,3,1,2,3,2,3,1,2,2,3,3,4,2,3,2,4,1,3,2,4,4,2,4,5,3,1,3,2,3,2,1,1,2
"Suffolk County, NY",US,40.9849,-72.6151,5,7,5,2,2,9,5,3,8,5,4,8,8,4,2,3,8,10,4,7,8,5,2,2,2,7,5,6,5,5,3,2,1,4,3,2,4,5,9,7,4,5,2,5,3,7,4,4,2,5,6,4,5,5,3,3,2,4,10,8,7,5,6,4,7,4,5,8,4,5,6,3,3,7,6,3,6,3,3
"Ulster County, NY",US,41.8586,-74.3118,1,3,2,1,1,4,2,1,4,2,2,3,4,1,1,1,5,4,1,3,3,1,1,1,1,2,2,3,3,2,1,1,0,1,2,1,2,1,3,3,1,2,1,2,1,4,2,2,1,1,4,2,2,2,2,1,1,1,5,4,3,2,2,2,5,2,1,4,2,3,3,2,1,3,3,2,2,2,2
"Volusia County, FL",US,29.028000000000002,-81.0755,2,1,1,3,4,2,1,2,3,4,4,4,3,2,1,1,1,5,3,3,4,5,5,2,1,2,1,0,3,1,4,1,2,3,1,1,2,5,5,2,2,3,2,2,3,3,4,2,1,2,1,2,7,5,2,2,3,2,3,2,3,1,2,3,2,4,4,5,3,3,2,1,1,1,1,1,2,2,2
"Fairfax County, VA",US,38.9085,-77.2405,2,2,1,1,1,3,1,1,2,1,2,3,3,1,1,1,4,3,2,3,3,2,1,1,2,2,2,2,3,2,1,1,1,2,1,1,2,1,4,1,1,2,1,2,3,3,1,1,1,1,2,1,2,1,1,1,1,1,4,2,3,1,2,2,2,2,2,3,2,2,3,2,1,2,2,1,2,1,2
"Rockingham County, NH",US,42.9931,-71.0498,3,4,2,2,1,4,1,2,3,3,2,4,5,2,1,1,3,5,1,3,3,1,1,1,1,3,2,2,3,3,1,1,0,1,2,1,2,2,4,4,1,2,1,3,1,4,2,2,2,2,4,2,2,3,1,1,1,2,6,4,3,3,2,2,6,3,3,5,2,2,2,2,2,4,4,3,2,2,2
"Washington, D.C.",US,38.9072,-77.0369,2,2,1,1,1,4,2,1,3,2,2,3,3,1,1,1,5,3,2,4,3,2,1,0,1,2,2,2,3,2,1,0,1,2,1,1,2,1,4,2,1,2,1,2,3,4,2,1,1,1,3,1,2,1,1,1,1,1,5,2,4,1,2,2,3,2,2,4,2,2,3,2,2,3,2,1,2,2,2
"Montgomery County, PA",US,40.229,-75.3879,2,3,1,0,2,5,2,1,4,1,2,3,5,1,1,1,5,4,2,4,4,2,0,0,2,4,3,3,3,2,1,0,0,2,2,1,2,1,5,3,1,3,1,2,2,4,1,1,1,2,3,2,2,2,1,1,1,2,6,4,4,3,2,2,4,2,2,4,2,2,3,1,2,4,3,2,3,1,2
"Alameda County, CA",US,37.6017,-121.7195,2,1,1,1,1,1,2,1,2,2,1,2,2,2,2,1,3,1,2,1,1,2,1,1,1,1,2,1,2,1,1,1,1,3,2,3,1,1,1,1,6,3,3,1,1,1,1,2,2,2,1,1,2,2,2,2,3,1,2,1,3,3,4,2,1,1,2,2,1,2,2,1,2,3,3,3,2,1,1
"Broward County, FL",US,26.1901,-80.3659,2,1,2,3,4,4,2,2,3,6,6,5,4,3,3,2,1,4,5,2,2,4,4,2,1,2,2,2,2,2,2,1,3,3,1,2,2,5,4,3,4,4,3,3,3,1,4,3,1,3,2,2,4,4,3,3,3,3,3,3,2,3,3,3,3,3,3,4,5,6,4,3,2,2,3,2,2,3,3
"Lee County, FL",US,26.663,-81.9535,2,1,3,4,4,3,1,1,3,4,4,4,3,3,2,1,1,4,3,3,3,5,4,2,2,2,2,2,2,2,2,2,2,3,1,2,3,6,4,3,4,3,2,2,3,2,4,2,1,1,1,2,5,4,3,3,3,3,5,3,3,2,3,3,3,4,4,4,4,4,3,2,1,1,2,2,2,2,2
"Pinal County, AZ",US,32.8162,-111.2845,3,2,1,2,2,2,3,3,3,3,2,2,2,2,2,2,3,2,2,3,3,2,1,2,2,2,2,2,2,3,2,2,3,4,5,2,2,2,2,2,4,2,2,2,2,2,2,2,2,2,2,2,5,5,2,2,4,5,3,3,2,4,2,3,2,3,5,4,3,2,2,2,2,3,2,2,2,3,4
"Rockland County, NY",US,41.1489,-73.983,1,3,1,0,1,4,2,1,3,2,2,3,4,1,0,1,4,4,1,3,3,1,0,0,1,2,2,2,3,2,1,0,0,1,1,1,2,1,3,2,1,2,1,2,1,3,1,2,1,1,3,2,2,1,1,1,0,1,5,4,3,2,2,2,4,2,1,4,2,2,3,2,1,3,3,2,2,1,1
"Saratoga County, NY",US,43.0324,-73.936,1,4,2,1,1,3,2,1,4,2,1,2,4,1,1,2,3,3,1,3,3,1,1,0,1,2,2,3,2,2,1,0,0,1,2,1,2,2,3,3,1,2,1,2,1,3,2,2,2,2,4,2,2,2,1,1,1,2,5,5,4,2,2,2,5,2,2,3,3,2,2,2,2,4,5,2,2,3,1
"Charleston County, SC",US,32.7957,-79.7848,6,4,1,6,6,5,3,4,3,4,4,6,5,2,3,2,4,7,5,6,6,8,7,6,3,4,3,4,3,3,6,6,4,6,4,5,4,8,9,2,3,3,5,2,6,4,6,4,4,2,3,7,8,4,1,2,4,4,6,5,5,2,3,6,3,6,7,5,3,2,3,3,3,4,4,3,4,1,3
"Clark County, WA",US,45.7466,-122.5194,3,2,2,2,3,3,5,4,1,1,3,3,4,2,2,4,1,2,3,3,2,3,2,3,2,2,3,3,3,2,2,3,3,1,1,1,2,2,3,3,1,1,1,1,1,1,2,1,1,2,4,3,1,1,4,1,1,1,1,2,2,1,2,2,1,2,1,1,1,1,1,2,1,0,4,4,2,1,1
"Cobb County, GA",US,33.8999,-84.5641,3,2,2,1,4,2,1,3,1,2,3,4,1,1,1,1,3,3,3,4,4,2,1,3,2,3,1,1,1,1,1,2,2,2,1,2,3,3,4,1,2,2,3,2,4,3,2,1,1,1,2,3,2,0,0,2,1,3,3,2,3,1,2,2,1,2,4,2,2,2,2,2,1,2,1,2,2,1,1
"Davis County, UT",US,40.9629,-112.0953,1,3,2,2,2,2,2,2,2,2,2,2,2,3,4,2,4,4,2,1,1,1,1,1,2,1,2,1,2,2,1,2,2,3,6,2,2,2,2,3,2,2,2,1,2,2,1,2,2,2,2,2,2,1,2,4,2,2,1,2,3,3,2,1,2,2,4,6,2,2,2,2,2,3,7,6,3,3,2
"El Paso County, CO",US,38.9108,-104.4723,3,3,3,3,3,4,4,2,3,3,4,2,3,2,4,3,4,5,3,2,2,2,4,3,2,3,2,2,3,1,5,4,4,4,5,4,2,3,2,2,5,3,4,5,3,3,3,3,4,3,4,2,2,2,6,6,9,2,3,3,2,4,3,3,4,4,2,3,3,4,3,3,4,7,3,4,4,5,4
"Honolulu County, HI",US,21.307,-157.8584,3,1,1,3,3,3,4,4,4,4,4,4,2,3,4,3,1,2,3,3,2,1,1,1,1,1,2,1,1,1,1,1,2,2,2,1,1,3,3,3,3,4,2,1,2,3,3,4,3,3,4,3,3,1,1,2,3,3,3,4,4,4,2,1,2,1,4,3,4,2,1,2,1,1,2,1,2,1,2
"Jackson County, OR ",US,42.3345,-122.7647,1,2,1,3,1,1,1,1,1,1,2,3,2,2,2,4,1,2,3,2,2,2,2,2,1,2,1,2,2,1,1,1,1,2,1,1,0,1,1,2,1,1,1,1,2,1,1,1,1,2,3,2,1,1,2,1,1,1,1,2,2,2,1,1,1,1,1,1,1,1,1,1,1,2,1,1,1,1,1
"Jefferson County, WA",US,47.7425,-123.304,4,3,3,5,3,3,3,3,2,1,3,2,3,1,2,4,2,2,3,2,2,3,2,3,2,2,3,2,1,3,2,5,3,1,1,2,3,2,3,2,1,1,2,0,2,2,2,2,1,1,1,1,1,1,4,2,1,1,1,3,2,1,2,3,2,3,1,1,1,1,3,2,1,2,2,2,1,1,1
"Kershaw County, SC",US,34.3672,-80.5883,4,2,1,2,4,2,1,2,2,2,2,4,2,1,2,1,3,3,2,3,3,3,3,2,3,2,1,2,1,1,2,3,2,3,2,3,3,4,7,1,1,1,5,2,5,2,3,0,1,1,3,4,4,0,1,1,2,2,4,3,3,1,3,3,1,2,4,3,1,2,2,2,1,3,2,2,2,1,2
"Klamath County, OR",US,42.6953,-121.6142,1,4,2,2,2,3,2,2,3,1,3,4,5,4,3,4,2,2,2,1,2,3,2,2,2,2,2,3,4,1,1,2,3,3,2,1,2,2,2,4,2,2,1,1,2,1,2,2,1,1,2,1,1,1,3,1,1,1,1,2,2,3,2,1,1,2,3,2,1,1,1,1,2,3,3,3,3,3,2
"Madera County, CA",US,37.2519,-119.6963,1,1,1,1,1,1,1,1,1,1,1,1,1,1,1,1,2,1,1,1,1,1,1,1,1,1,1,1,1,1,1,1,1,2,1,1,1,1,1,1,4,1,1,1,1,1,1,1,1,1,1,1,1,1,1,1,1,1,1,2,1,1,1,1,1,1,2,1,1,1,1,1,1,2,2,3,2,1,1
"Pierce County, WA",US,47.0676,-122.1295,4,4,2,4,3,3,4,4,3,1,3,4,4,2,3,4,2,1,3,2,1,3,2,3,2,2,3,2,2,2,2,4,4,1,1,2,4,3,4,3,1,1,2,0,2,3,3,3,1,1,2,1,1,1,4,2,1,1,1,2,2,1,3,3,2,2,1,1,1,1,2,2,1,1,2,3,2,1,1
"Tulsa County, OK",US,36.1593,-95.941,3,5,2,3,2,3,2,2,4,6,5,4,4,4,3,4,5,4,5,2,2,3,5,3,4,2,1,1,5,4,1,2,2,3,5,5,4,2,1,2,5,4,3,2,5,3,4,1,2,5,3,5,1,4,4,4,3,5,3,3,3,6,3,1,2,3,2,4,6,7,2,2,5,6,3,3,2,3,4
"Douglas County, CO",US,39.2587,-104.9389,4,4,2,3,4,4,4,3,5,3,2,2,3,4,5,4,5,5,2,2,2,2,2,1,2,2,2,2,2,1,3,3,5,5,3,2,2,3,2,4,2,2,3,3,2,4,2,2,2,2,2,2,3,3,3,5,6,2,3,3,3,3,3,2,4,2,3,4,4,2,3,4,3,6,2,3,3,3,4
"Providence County, RI",US,41.8882,-71.4774,3,4,3,1,1,5,1,2,4,3,3,5,6,2,1,2,4,6,1,3,4,1,1,1,1,3,3,3,3,3,1,1,0,2,2,1,1,2,5,4,1,3,1,3,1,4,2,2,2,2,4,3,2,3,2,2,1,2,5,4,3,3,3,3,5,3,3,5,3,3,4,2,2,4,4,2,3,2,2
"Chatham County, NC",US,35.7211,-79.1781,2,2,1,1,3,3,1,2,2,1,1,4,3,1,2,1,3,2,2,3,3,3,2,1,3,2,1,1,2,1,1,2,1,3,2,3,2,3,5,1,1,2,4,2,4,2,2,1,1,1,2,2,3,1,1,1,2,2,4,2,3,1,3,3,1,1,3,3,1,2,3,1,1,3,2,2,1,1,2
"Delaware County, PA",US,39.9078,-75.3879,2,3,1,1,2,5,2,1,4,2,2,4,5,1,1,1,5,4,2,4,4,2,1,0,2,4,2,3,3,2,1,1,0,2,2,1,2,1,5,3,1,3,1,2,2,4,2,1,1,2,3,2,2,2,1,1,1,2,6,4,4,3,3,2,4,2,2,4,2,2,4,2,2,3,3,2,3,1,2
"Douglas County, NE",US,41.3148,-96.1951,4,4,2,5,4,5,2,3,5,5,6,4,2,3,3,5,3,6,7,4,2,5,4,3,4,2,1,3,1,1,4,2,3,2,7,6,1,2,5,3,6,2,3,6,4,7,3,3,5,2,4,2,6,4,2,4,6,4,2,3,5,4,3,4,4,8,3,8,8,5,2,3,7,2,4,3,2,3,2
"Fayette County, KY",US,38.0606,-84.4803,5,3,4,2,4,4,1,3,3,4,5,8,2,1,2,3,4,4,7,5,2,1,1,2,2,4,3,2,1,2,1,1,2,5,4,4,4,2,4,2,3,3,2,2,3,2,2,2,2,3,2,3,1,2,3,3,3,4,4,4,3,3,4,4,3,2,5,1,3,4,4,1,2,4,3,3,1,2,3
"Marion County, IN",US,39.8362,-86.1752,1,0,0,0,0,1,0,0,0,0,0,1,0,0,0,1,1,0,3,3,0,0,0,0,0,1,1,0,0,0,0,0,0,1,0,0,1,0,0,0,1,0,0,0,1,0,0,0,0,1,0,1,0,0,0,1,2,1,1,1,0,0,0,1,0,0,5,0,1,2,0,0,0,1,0,0,0,0,0
"Middlesex County, MA",US,42.4672,-71.2874,3,4,3,1,1,5,1,2,3,3,3,5,6,2,1,2,4,6,2,3,4,1,1,0,1,3,3,3,3,3,1,1,0,1,2,0,1,2,4,5,0,3,1,3,1,4,2,2,2,2,4,3,2,3,1,2,1,2,6,5,3,3,3,3,5,3,3,6,2,3,3,2,2,4,5,3,3,2,1
"Nassau County, NY",US,40.6546,-73.5594,4,6,3,2,2,7,3,2,6,3,3,6,7,2,2,2,7,6,3,5,5,2,1,1,2,6,4,4,4,4,2,1,1,3,3,2,3,3,7,4,3,4,1,4,2,5,3,3,1,3,4,3,4,4,3,2,2,3,9,7,6,5,5,3,5,3,4,5,3,4,4,2,3,5,4,2,4,2,2
"Ramsey County, MN",US,44.9964,-93.0616,3,2,2,1,2,4,2,4,3,3,3,3,2,2,2,2,2,4,4,3,1,4,3,1,2,3,1,1,1,0,2,2,3,4,3,2,2,2,1,2,2,2,3,4,3,4,3,1,3,4,2,2,3,2,2,1,2,3,2,2,3,3,3,4,2,4,2,4,4,3,1,2,4,5,2,2,3,3,2
"Washoe County, NV",US,40.5608,-119.6035,1,4,2,1,2,2,1,1,3,2,2,5,4,5,6,2,4,2,1,2,1,3,2,1,2,1,3,2,4,1,1,1,1,4,4,1,2,2,1,4,4,1,1,1,1,2,2,4,2,2,3,2,1,1,3,2,1,1,2,2,3,4,2,1,1,2,4,5,2,1,2,1,3,4,6,3,2,4,2
"Wayne County, PA",US,41.6739,-75.2479,2,4,2,1,2,5,3,1,4,3,3,4,5,1,1,2,6,5,3,4,5,2,1,0,1,4,3,3,4,3,1,1,1,1,3,2,3,2,4,3,1,2,1,3,2,4,2,2,1,3,4,3,2,2,2,1,0,2,6,4,4,3,2,2,4,2,2,4,2,3,3,2,2,4,4,2,3,3,2
"Yolo County, CA",US,38.7646,-121.9018,2,1,2,1,2,1,2,2,1,2,2,2,2,3,3,2,5,1,2,1,1,3,1,1,1,1,3,2,3,3,2,1,1,3,5,5,1,1,1,3,9,6,5,2,1,1,1,1,5,2,2,2,3,2,1,4,4,1,2,1,2,5,7,3,1,2,3,3,1,2,3,1,3,4,4,4,1,2,1
"Santa Clara County, CA",US,37.3541,-121.9552,1,2,1,1,2,1,1,1,1,3,1,2,1,1,2,1,4,1,1,1,1,3,1,1,1,1,2,1,1,2,1,1,1,4,2,2,1,1,1,1,4,2,2,1,2,1,1,2,2,1,1,1,1,2,1,1,2,1,1,1,2,2,3,2,1,2,2,2,1,1,1,2,1,4,3,3,1,1,1
"Clark County, NV",US,36.0796,-115.094,3,1,3,1,1,1,2,1,1,2,3,1,1,1,1,1,2,3,1,2,1,1,1,1,1,1,1,3,1,5,2,1,1,4,7,6,1,1,1,1,5,5,5,1,1,1,1,1,2,2,2,2,1,1,2,2,4,1,1,1,1,6,5,4,1,1,2,4,4,3,2,1,2,4,5,4,4,3,2
"Fort Bend County, TX",US,29.5693,-95.8143,1,2,2,3,2,3,2,2,3,5,7,4,2,2,3,3,3,4,3,5,2,2,5,3,1,3,2,2,3,4,2,2,2,3,5,4,6,5,3,3,5,4,4,3,4,2,3,1,4,3,3,6,4,2,3,2,3,7,1,2,3,5,3,2,3,4,2,2,4,4,2,3,4,4,4,3,2,3,5
"Grant County, WA",US,47.1981,-119.3732,3,4,3,2,5,4,4,4,4,1,3,2,4,4,2,3,2,1,1,2,1,2,1,1,1,2,2,1,2,2,1,4,7,2,2,2,1,1,2,4,2,1,3,1,2,4,3,4,2,1,2,2,1,1,5,4,1,1,1,3,5,3,4,5,4,2,2,2,1,1,2,5,2,4,7,5,3,2,2
"Santa Rosa County, FL",US,30.769000000000002,-86.9824,2,1,4,3,3,1,1,2,1,3,4,5,1,2,2,1,2,3,3,4,3,3,1,2,2,1,1,1,1,3,1,1,2,1,2,3,4,5,3,2,3,4,3,4,4,3,1,2,1,2,2,3,4,1,1,2,1,3,2,2,2,2,3,3,3,3,4,2,2,3,1,2,2,1,1,1,2,1,2
"Williamson County, TN",US,35.9179,-86.8622,3,2,3,2,4,2,1,3,1,4,6,7,1,1,1,3,4,3,6,4,3,2,1,2,3,2,2,2,1,2,1,1,2,4,4,5,2,3,3,2,4,4,3,2,4,2,2,2,3,4,4,4,2,1,2,4,2,4,3,3,2,4,4,3,1,2,5,1,3,4,4,1,3,4,2,3,1,2,3
"New York County, NY",US,40.7128,-74.006,3,4,3,2,1,3,4,2,4,2,3,3,4,2,2,2,3,3,2,3,2,2,1,1,2,5,3,3,2,2,2,1,1,3,2,1,3,4,5,4,3,3,1,3,1,3,3,3,2,3,2,2,3,4,2,1,1,3,7,7,4,3,2,2,5,2,3,2,3,3,4,2,2,4,3,2,4,2,2
"Montgomery County, MD",US,39.1547,-77.2405,2,3,1,2,2,5,2,1,3,2,3,5,4,1,1,2,6,4,3,5,4,2,0,1,3,3,3,3,4,2,1,1,0,3,2,1,3,1,6,2,2,4,2,2,4,4,2,2,1,2,4,1,3,2,1,1,1,2,7,3,4,2,3,3,3,2,3,5,2,2,4,2,2,4,3,2,3,2,3
"Suffolk County, MA",US,42.3601,-71.0589,4,4,3,2,1,5,1,2,4,4,3,6,6,2,1,2,5,6,2,3,4,2,1,2,2,4,3,3,3,3,2,2,1,2,3,1,2,3,4,5,2,4,1,3,1,4,3,3,3,3,4,3,2,3,2,3,1,2,6,4,3,3,3,3,5,3,3,6,3,3,3,3,3,4,4,3,3,2,2
"Denver County, CO",US,39.7392,-104.9903,1,2,1,2,2,2,3,1,2,2,1,1,1,1,1,2,1,2,1,1,1,0,3,1,1,1,1,1,1,1,1,2,3,3,2,1,1,2,1,1,1,1,1,1,1,1,1,1,2,1,2,1,1,1,1,3,4,2,3,1,1,2,1,1,2,2,1,1,2,1,2,1,2,2,2,1,2,1,2
"Summit County, CO",US,39.5912,-106.064,2,2,2,2,2,3,2,2,3,2,2,2,2,3,4,3,2,3,2,2,1,1,3,3,1,2,2,2,2,1,2,2,2,3,3,2,2,3,5,3,2,2,2,2,3,3,3,2,3,1,2,2,2,2,2,4,3,2,3,2,2,2,3,2,2,2,2,2,2,2,2,3,3,2,2,2,2,2,2
"Bergen County, NJ",US,40.9263,-74.077,2,3,2,1,1,5,2,1,4,2,2,3,4,1,1,1,5,5,1,3,4,1,0,0,1,3,2,2,3,2,1,1,0,2,2,1,2,2,4,3,1,2,1,2,1,4,2,2,1,2,3,2,2,2,1,1,1,2,6,4,4,3,2,2,4,2,2,4,2,3,3,2,2,3,3,2,3,2,2
"Harris County, TX",US,29.7752,-95.3103,1,2,1,2,2,2,2,2,3,4,6,4,1,2,2,2,2,3,2,4,2,2,4,3,1,2,2,2,3,4,2,2,2,3,4,3,4,4,3,2,4,4,3,2,3,2,2,1,3,2,3,5,3,2,3,2,2,6,1,2,3,5,3,2,3,4,3,3,4,4,2,3,4,3,4,2,2,3,4
"San Francisco County, CA",US,37.7749,-122.4194,1,3,1,2,2,2,2,3,2,3,2,3,2,3,4,2,5,2,3,3,2,4,1,2,1,1,3,2,3,2,2,1,2,5,5,4,1,1,2,2,7,2,2,1,3,1,2,2,1,2,1,1,2,3,3,2,1,1,2,2,5,3,5,1,2,3,3,2,2,2,2,2,2,4,4,4,2,2,3
"Contra Costa County, CA",US,37.8534,-121.9018,3,3,4,4,3,3,4,3,3,4,2,3,3,4,3,2,5,1,2,4,3,4,1,1,2,1,4,3,3,4,4,2,1,5,5,5,3,3,3,3,9,4,4,3,3,2,2,3,4,2,1,2,2,3,4,4,3,2,2,2,5,5,6,3,2,3,5,3,2,2,3,2,3,6,5,4,2,1,2
"Orange County, CA",US,33.7879,-117.8531,3,1,1,1,1,1,2,1,1,1,1,1,1,1,1,1,1,1,1,1,1,1,1,1,1,1,0,1,1,2,1,1,1,2,2,4,1,1,1,1,2,2,2,1,1,1,1,1,1,1,1,1,1,1,1,1,2,1,1,1,1,2,1,1,1,1,1,1,1,1,2,1,1,1,1,1,2,1,1
"Norfolk County, MA",US,42.1767,-71.1449,2,3,2,1,1,3,1,1,3,2,3,4,5,1,1,1,3,4,1,2,2,1,1,1,1,3,3,2,2,2,1,1,0,1,2,1,1,2,4,4,1,3,1,3,1,3,2,2,2,1,3,2,2,2,2,2,1,2,5,4,3,2,3,3,5,2,3,4,2,3,3,2,1,3,4,2,2,1,2
"Maricopa County, AZ",US,33.2918,-112.4291,3,1,1,1,1,1,1,2,2,2,2,1,1,1,1,1,1,1,1,2,2,1,1,1,1,1,1,2,1,1,2,1,1,2,4,2,2,1,1,1,2,2,2,1,1,1,1,1,1,1,1,2,4,3,2,2,4,3,2,2,1,3,2,3,1,2,3,3,3,1,2,1,2,3,1,1,2,2,4
"Wake County, NC",US,35.8032,-78.5661,2,2,2,1,3,3,1,2,2,2,2,4,3,2,2,1,3,3,2,4,3,3,2,2,3,2,2,1,2,1,2,2,2,3,2,3,2,4,6,1,1,2,4,3,4,3,2,1,1,1,2,2,3,1,2,1,2,2,4,2,3,1,3,3,1,2,4,3,1,3,3,1,1,3,2,3,2,2,2
"Westchester County, NY",US,41.122,-73.7949,2,3,2,1,1,5,2,1,4,2,2,3,5,1,1,1,5,5,2,4,4,1,0,0,1,4,2,3,3,3,1,1,0,2,2,1,2,2,4,3,1,2,1,2,1,4,2,2,1,2,4,3,2,2,1,1,1,2,6,4,4,3,2,2,5,2,2,4,2,3,3,2,2,4,3,2,3,2,2
"Grafton County, NH",US,43.9088,-71.82600000000001,2,3,2,1,1,4,1,1,2,3,2,2,3,1,1,2,3,5,2,3,4,2,1,1,1,3,2,2,3,4,1,1,0,1,2,1,2,2,3,3,1,2,1,3,1,4,1,1,2,2,4,2,2,2,1,1,1,1,5,4,2,2,2,1,5,3,2,4,2,1,1,3,2,4,5,4,2,2,1
"Hillsborough, FL",US,27.9904,-82.3018,2,1,2,3,4,2,1,1,2,3,4,3,2,2,1,1,1,4,3,2,3,4,3,3,2,2,1,1,2,1,2,1,2,2,0,1,2,6,3,2,3,2,2,2,3,2,3,2,1,1,1,3,4,3,2,2,3,3,3,2,3,1,2,3,3,4,4,3,3,3,2,1,1,1,1,1,2,1,2
"Placer County, CA",US,39.0916,-120.8039,1,1,1,1,1,1,1,1,1,1,1,1,1,2,2,1,2,1,1,1,1,1,1,1,1,1,1,1,1,1,1,1,1,1,2,2,1,1,1,1,3,2,2,1,1,1,1,1,2,1,1,1,1,1,1,1,2,1,1,1,1,2,2,2,1,1,1,1,1,1,1,1,2,2,2,2,1,1,1
"San Mateo, CA",US,37.563,-122.3255,1,3,2,1,2,3,1,2,2,3,1,3,2,2,3,2,4,1,2,2,1,3,1,1,1,1,3,1,2,2,2,1,1,6,4,3,1,1,1,3,6,2,2,1,2,1,2,3,1,2,1,1,2,3,3,2,1,1,1,2,5,3,4,2,1,2,3,2,1,1,2,2,2,4,3,4,2,1,2
"Sonoma County, CA",US,38.578,-122.9888,1,1,1,1,1,2,1,1,1,1,1,1,1,1,1,1,2,0,0,0,1,1,0,0,0,0,1,1,1,1,1,1,1,3,2,1,1,0,1,2,2,1,1,1,0,1,1,2,1,0,1,0,1,1,2,1,1,1,1,1,2,2,2,1,1,1,0,1,1,1,1,1,1,1,1,1,1,1,0
"Umatilla, OR",US,45.775,-118.7606,4,8,5,4,6,4,5,3,6,3,4,8,6,4,2,4,2,2,2,2,1,2,3,3,3,2,3,3,4,3,1,4,5,2,2,3,4,7,5,6,2,1,5,2,3,6,4,5,3,2,2,2,2,3,7,5,1,2,2,2,6,2,6,5,4,2,2,3,2,2,2,5,2,3,3,1,1,1,1
"Fulton County, GA",US,33.8034,-84.3963,2,1,1,1,2,1,1,2,1,1,1,2,1,1,1,1,2,1,1,2,2,1,1,2,1,2,1,1,1,1,1,1,1,1,1,1,2,2,2,1,1,1,2,1,2,2,1,1,1,1,1,2,1,0,0,1,1,2,2,1,2,1,1,1,1,1,2,1,1,1,1,1,1,1,1,1,1,1,1
"Washington County, OR",US,45.547,-123.1386,3,2,2,2,2,3,4,3,1,1,3,3,3,1,1,3,1,1,2,1,1,3,2,2,2,2,2,2,2,2,1,3,3,1,1,2,2,2,3,2,1,1,1,0,1,1,2,1,1,2,3,1,0,1,4,1,0,1,1,2,2,1,2,2,1,1,1,1,1,1,1,2,2,1,2,4,2,1,1
"Snohomish County, WA",US,48.033,-121.8339,3,2,2,3,2,2,3,3,1,1,3,2,2,1,1,5,2,1,3,3,3,3,2,2,2,2,3,2,2,2,2,3,3,1,1,2,2,1,2,2,1,1,1,0,2,1,2,1,1,1,2,2,1,1,3,2,1,1,1,2,2,1,2,2,2,2,1,1,1,1,2,2,1,1,2,2,1,1,1
"Humboldt County, CA",US,40.745,-123.8695,1,2,1,4,2,1,1,2,2,2,2,3,2,3,2,5,2,3,3,1,3,3,3,3,2,3,2,3,2,1,1,1,1,3,2,1,2,1,1,3,2,1,2,1,1,2,1,1,1,1,2,2,1,1,1,1,1,1,1,2,3,3,2,2,1,1,1,1,1,1,1,1,1,2,2,3,2,2,1
"Sacramento County, CA",US,38.4747,-121.3542,1,1,1,1,1,1,1,1,1,2,1,1,1,3,2,1,4,2,1,1,1,2,1,0,1,1,2,1,2,2,1,0,0,2,4,3,1,1,1,2,6,4,2,1,1,1,1,1,3,1,1,1,1,2,1,3,1,1,1,1,3,3,5,1,0,2,2,2,1,1,2,1,1,3,3,3,1,1,1
"San Diego County, CA",US,32.7157,-117.1611,1,1,1,1,1,1,0,1,1,2,1,1,1,1,1,1,1,2,1,1,1,1,1,1,1,1,1,1,1,1,1,1,1,2,3,2,1,1,1,1,3,1,1,1,1,1,1,1,1,1,1,1,2,2,2,2,1,1,1,1,2,3,2,1,1,2,1,2,1,2,3,1,2,2,1,1,2,2,3
"San Benito, CA",US,36.5761,-120.9876,1,2,2,2,2,3,3,1,2,3,1,2,2,1,2,1,4,1,1,2,2,1,1,1,1,1,2,2,2,3,2,2,1,4,4,3,1,1,1,2,4,2,2,1,1,1,1,2,3,1,1,1,2,2,2,2,2,1,1,2,3,3,2,1,1,2,2,2,2,2,2,1,2,4,5,5,2,2,1
"Los Angeles, CA",US,34.0522,-118.2437,1,1,1,1,1,1,1,1,1,1,1,1,1,1,1,1,1,1,1,1,1,1,1,1,1,1,1,1,1,2,1,1,1,1,4,2,1,1,1,1,1,2,1,1,1,1,1,1,1,1,1,1,1,2,1,1,1,1,1,1,1,2,2,2,1,1,1,2,1,1,3,1,1,1,1,1,2,1,1
"King County, WA",US,47.6062,-122.3321,5,3,2,4,4,3,5,5,2,1,4,3,4,2,2,4,3,2,2,1,1,5,3,3,4,1,4,3,2,3,2,6,4,2,1,3,3,1,4,3,1,1,2,0,3,3,4,2,1,2,2,1,1,2,5,2,1,1,1,3,2,1,4,4,1,2,1,2,1,1,3,2,1,2,4,4,3,1,1
"Cook County, IL",US,41.7377,-87.6976,6,4,4,2,3,5,3,3,3,6,3,7,2,2,3,2,4,4,6,5,2,2,4,3,2,3,3,1,1,1,1,1,4,5,2,7,4,4,2,2,4,2,3,2,4,3,5,1,3,4,2,3,4,4,4,3,6,6,3,3,3,4,1,4,2,5,5,3,6,6,3,2,3,5,3,3,2,2,2
"Skagit, WA",US,48.4242,-121.7114,3,3,2,3,2,2,2,2,2,1,2,2,2,1,1,3,2,1,2,2,2,2,2,2,2,1,2,2,1,2,2,3,3,1,1,1,1,1,1,1,1,1,1,1,1,2,2,2,1,1,2,2,1,1,2,2,1,1,1,2,2,1,1,2,2,2,1,1,1,1,2,2,1,2,3,2,1,1,1
"Thurston, WA",US,46.8646,-122.7696,5,3,2,4,3,4,5,5,2,1,5,4,4,1,3,4,2,1,3,1,1,4,3,4,3,2,3,2,2,3,2,5,4,1,1,3,4,3,4,3,0,1,2,0,2,3,3,3,1,1,1,1,1,2,5,2,0,0,1,2,3,1,3,3,1,2,1,1,1,1,2,2,1,1,3,3,2,1,1
"Island, WA",US,48.1976,-122.5795,7,6,5,8,6,7,4,7,5,2,8,6,6,3,3,7,5,3,7,4,4,7,6,7,5,3,6,5,3,5,5,8,7,3,2,6,3,1,3,5,1,1,3,1,4,3,5,5,2,2,1,2,1,3,6,4,2,1,2,4,5,1,4,2,4,5,1,2,2,1,4,4,1,3,4,4,3,1,1
"Whatcom, WA",US,48.8787,-121.9719,3,3,2,5,3,3,2,3,2,1,3,2,2,2,2,4,2,1,3,3,2,3,2,3,2,1,3,2,1,3,2,4,4,1,1,1,1,1,2,1,1,1,2,1,2,2,2,2,1,1,1,1,1,1,3,2,1,1,1,2,2,1,2,3,2,2,1,1,1,1,2,3,1,2,4,3,2,1,1
"Marin, CA",US,38.0834,-122.7633,1,3,2,2,2,2,1,2,2,3,1,2,2,2,2,1,3,1,1,3,2,3,1,1,1,1,3,1,2,2,2,1,1,5,2,2,1,1,1,3,3,2,1,1,1,1,1,3,1,1,1,1,1,2,4,1,1,1,1,1,5,2,3,1,1,2,2,2,1,1,1,1,1,2,3,3,2,1,1
"Calaveras, CA",US,38.196,-120.6805,1,1,1,1,1,1,1,1,0,1,1,1,0,1,1,1,2,1,1,0,1,1,1,0,1,1,1,1,0,1,1,1,0,1,2,1,1,0,1,1,2,1,1,1,1,1,1,1,1,1,1,1,1,1,1,1,1,1,1,1,1,1,2,1,1,1,1,1,0,1,1,1,1,2,2,3,1,1,1
"Stanislaus, CA",US,37.5091,-120.9876,1,1,2,2,2,3,1,1,1,3,1,2,1,1,2,1,3,1,1,1,1,2,1,0,1,1,2,2,1,4,1,1,1,3,6,3,1,1,1,2,6,3,1,1,1,2,1,2,3,1,1,1,2,2,1,3,1,1,1,1,2,2,4,1,1,1,1,2,1,1,3,1,2,3,3,3,2,2,1
"San Joaquin, CA",US,36.6066,-120.189,1,1,1,1,2,4,1,1,1,2,1,2,1,1,2,2,4,1,1,1,1,1,1,1,1,1,2,2,2,3,1,1,1,4,5,2,1,1,1,2,3,3,1,1,1,2,1,2,2,2,1,1,2,2,2,2,1,1,1,2,3,3,2,1,1,1,2,2,2,1,3,1,2,2,4,5,3,2,2
"Essex, MA",US,42.632,-70.7829,6,7,5,3,3,8,3,4,6,6,6,7,7,4,3,3,6,10,4,5,6,3,2,3,3,7,5,5,5,5,3,3,1,3,4,1,3,5,7,8,3,6,2,5,2,7,4,5,4,5,6,4,4,5,3,4,2,3,9,7,5,6,5,4,8,4,5,9,4,4,3,4,3,7,6,4,5,4,4
"Charlton, GA",US,30.7917,-82.0843,2,1,1,3,4,2,1,2,1,2,2,3,2,1,1,1,2,4,2,3,2,3,3,2,2,2,1,1,1,1,3,2,2,3,1,1,2,5,4,1,2,2,2,1,3,2,3,1,1,1,1,3,4,2,1,2,2,2,3,2,3,1,2,3,2,2,4,2,2,2,1,1,1,1,1,1,3,1,2
"Collier, FL",US,26.07,-81.4279,1,1,2,3,4,3,1,1,3,4,4,4,3,3,2,1,1,3,3,2,2,4,3,2,1,1,2,2,1,1,2,1,2,2,1,2,2,5,3,2,4,3,2,2,3,1,3,2,1,2,1,2,3,4,3,2,3,3,3,3,2,2,2,3,2,3,3,4,4,4,2,2,1,1,2,1,2,2,2
"Pinellas, FL",US,27.8764,-82.7779,3,2,2,3,5,4,1,1,3,4,4,4,2,2,2,1,2,5,3,3,5,6,5,3,2,3,2,2,3,2,2,2,3,4,1,2,3,7,5,3,4,2,2,3,4,3,4,2,1,2,2,3,6,5,3,3,4,4,5,3,5,2,4,4,4,5,6,5,4,4,2,2,2,2,2,2,2,2,2
"Alachua, FL",US,29.7938,-82.4944,2,1,2,3,5,2,1,2,2,2,3,3,2,2,1,1,1,4,2,3,3,3,3,3,2,2,1,1,2,2,3,2,2,2,1,1,2,6,5,1,2,2,3,2,3,2,3,2,1,2,1,3,5,3,1,2,3,2,3,2,3,1,3,4,3,5,4,3,3,2,1,1,1,1,1,1,3,2,2
"Nassau, FL",US,30.5927,-81.8224,2,1,1,3,4,2,1,2,1,2,3,3,2,2,1,1,2,4,2,3,2,3,4,3,2,2,1,1,1,1,3,2,2,3,1,1,2,5,4,1,2,2,2,1,3,2,3,1,1,1,1,3,4,3,1,2,2,2,3,2,3,1,2,3,2,3,4,3,3,2,1,1,1,1,1,1,3,1,2
"Pasco, FL",US,28.3232,-82.4319,2,1,2,4,5,2,1,1,2,3,4,4,2,2,2,1,1,5,3,2,3,4,3,3,2,2,1,1,2,1,3,1,2,2,1,1,2,7,4,2,3,2,2,2,4,3,4,2,1,2,1,3,5,4,2,2,4,3,3,2,3,1,3,3,3,5,4,3,4,3,2,1,1,1,1,1,2,2,2
"Dallas, TX",US,32.7767,-96.79700000000001,1,3,3,3,1,3,2,1,4,5,5,4,3,2,2,3,4,3,5,2,1,2,4,2,2,3,2,2,5,5,1,1,1,3,4,4,5,4,2,2,4,4,3,2,3,2,4,3,4,3,3,5,2,3,4,5,4,6,2,1,4,6,3,1,4,2,2,3,4,6,2,3,4,3,3,3,2,2,4
"Tarrant, TX",US,32.7732,-97.3517,1,3,2,3,1,2,1,1,3,4,4,4,2,2,2,3,4,2,4,1,1,2,4,2,2,3,2,2,4,4,1,1,1,3,4,4,4,3,2,2,3,4,3,2,3,2,3,2,3,3,3,5,1,3,3,4,3,5,2,1,3,4,2,1,4,2,2,2,4,4,2,3,3,2,2,3,1,2,3
"Montgomery, TX",US,30.3883,-95.6963,1,2,1,2,1,2,2,2,3,4,5,4,1,1,1,2,2,3,3,3,2,2,3,2,1,2,1,1,3,4,2,2,1,3,4,3,4,4,2,2,4,3,3,2,3,2,2,1,3,3,3,4,2,1,3,2,3,5,1,2,3,4,3,1,3,3,2,2,3,3,1,3,4,3,3,2,1,2,4
"Middlesex, NJ",US,40.5726,-74.4927,2,4,1,1,1,5,2,1,4,2,1,3,5,1,1,1,5,4,1,4,4,2,1,1,1,4,3,3,3,2,1,1,0,2,2,1,2,2,4,3,1,3,1,2,1,3,2,2,1,2,3,2,2,3,2,1,1,2,6,5,4,3,2,2,5,2,2,4,2,3,3,2,2,4,3,2,3,2,2
"Jefferson, CO",US,39.58,-105.2663,4,5,3,5,5,3,5,3,3,2,2,2,3,3,4,2,2,5,1,2,2,2,3,2,2,3,2,2,3,1,3,5,6,4,2,1,3,4,2,3,2,2,2,3,2,4,2,2,2,2,2,2,3,3,2,4,4,3,4,3,3,2,3,3,4,2,2,3,3,1,3,3,2,2,2,2,2,2,3
"Multnomah, OR",US,45.5146,-122.5863,3,3,2,3,3,3,5,5,2,1,4,4,4,2,2,4,1,2,3,4,3,4,2,3,3,2,3,3,3,2,2,4,4,1,1,2,3,4,4,2,1,1,1,1,2,2,3,2,1,2,5,4,1,1,4,1,1,1,1,2,2,1,2,3,1,2,2,1,1,1,1,2,1,1,4,6,3,1,1
"Polk, OR",US,44.9267,-123.4919,4,3,4,4,3,3,5,3,2,1,5,4,5,1,2,3,1,2,3,1,1,4,3,4,4,2,4,3,4,3,2,5,4,1,2,2,3,4,4,3,1,1,1,1,1,2,3,2,1,2,1,1,1,1,4,1,1,1,1,2,2,1,2,3,1,2,1,2,1,1,1,2,1,1,1,3,3,2,1
"Deschutes, OR",US,43.8325,-121.2617,5,6,4,5,5,5,6,5,5,2,6,6,7,5,4,6,3,4,4,3,4,5,4,4,4,4,4,4,6,3,3,5,6,3,2,2,5,5,5,5,2,2,3,1,4,3,4,4,2,2,3,3,2,2,7,2,2,2,1,5,4,3,3,3,3,4,3,2,1,1,2,3,2,3,3,3,3,2,1
"McHenry, IL",US,42.3334,-88.2668,6,5,5,2,3,6,4,4,4,7,3,8,2,3,3,3,5,4,7,6,2,3,5,3,2,3,3,2,1,1,1,2,4,6,3,6,4,3,3,2,4,2,4,2,3,2,4,1,3,5,2,2,4,4,3,3,6,4,3,3,2,4,2,4,2,5,4,3,5,4,2,1,3,5,3,3,1,2,2
"Lake, IL",US,42.3689,-87.8272,4,3,3,2,3,4,3,3,3,6,3,8,2,2,3,2,4,3,5,5,2,2,4,3,2,2,2,1,1,1,1,1,3,4,3,5,4,3,3,1,4,2,3,2,4,3,4,1,3,4,2,3,3,3,3,3,6,4,3,4,2,3,2,3,2,4,5,3,4,4,3,2,3,4,3,3,2,2,2
"Bucks, PA",US,40.4108,-75.2479,2,3,1,0,2,5,2,1,4,2,2,3,5,1,1,1,5,4,2,4,4,2,0,0,1,4,3,3,3,2,1,0,0,2,2,1,2,1,4,3,1,3,1,2,2,4,1,1,1,2,3,2,2,2,1,1,1,2,6,4,4,3,2,2,4,2,2,4,2,2,3,2,2,4,3,2,3,2,2
"Hanover, VA",US,37.7772,-77.5161,2,2,2,2,2,3,2,1,3,1,1,4,3,1,1,1,4,3,2,4,3,3,1,0,2,2,2,2,2,1,1,0,1,3,2,2,3,1,6,2,1,3,1,2,3,3,1,2,2,1,2,1,3,1,1,2,1,1,5,4,3,1,4,4,2,2,2,4,2,3,5,1,1,3,1,2,2,2,2
"Lancaster, SC",US,34.7253,-80.6771,3,2,1,2,4,2,1,2,2,2,2,4,2,1,2,1,3,3,2,3,3,3,3,2,3,2,1,2,1,2,2,2,2,3,2,3,3,4,6,1,1,1,5,2,5,2,2,0,1,1,3,3,3,1,1,1,2,2,3,3,3,1,3,3,1,2,4,3,1,2,3,2,1,3,2,2,1,1,2
"Sullivan, TN",US,36.4933,-82.3452,4,3,1,1,4,3,1,2,3,2,2,4,2,0,1,1,3,2,3,4,2,2,1,1,2,3,3,1,1,0,0,1,1,4,1,1,1,2,5,2,1,1,1,2,3,2,1,1,1,2,2,2,2,1,1,1,2,3,4,3,3,1,2,3,1,1,4,2,1,1,2,2,1,3,1,2,1,1,2
"Johnson, IN",US,39.4638,-86.1345,6,4,4,1,4,4,2,2,3,5,4,5,2,2,2,3,4,4,7,6,2,1,2,3,3,4,3,2,1,2,1,1,3,5,3,4,5,3,3,3,3,2,2,2,4,2,4,1,3,4,2,4,2,3,3,3,3,4,4,3,2,4,3,4,3,3,7,1,4,5,4,1,2,4,3,4,1,2,3
"Howard, IN",US,40.4483,-86.1345,8,5,5,2,4,6,3,3,4,7,5,5,3,3,3,3,6,5,9,7,2,1,4,3,3,5,4,2,2,1,1,1,4,7,3,5,5,4,3,2,5,2,3,2,5,2,4,1,4,4,3,4,3,5,4,3,5,6,5,4,3,5,4,5,3,4,8,2,5,7,5,2,3,6,2,3,2,3,3
"St. Joseph, IN",US,41.6228,-86.3377,7,5,5,2,3,5,4,3,4,7,3,5,2,3,3,3,6,4,8,6,1,2,4,3,3,4,4,2,2,1,1,1,4,6,1,4,4,4,3,2,4,2,3,2,4,3,5,1,4,5,3,3,4,5,4,2,5,6,4,4,3,5,3,4,3,4,7,3,6,7,5,1,3,6,2,2,2,3,3
"Knox, NE",US,42.6712,-97.8722,4,4,3,6,3,6,3,3,5,3,5,2,4,4,3,5,3,7,8,3,1,7,3,5,3,1,2,3,1,1,3,3,3,3,6,3,3,3,5,4,6,4,4,7,3,9,3,1,5,3,3,3,5,3,3,3,6,3,2,3,5,5,4,5,5,8,5,7,7,5,3,3,7,2,4,4,4,3,2
"Stark, OH",US,40.8685,-81.2519,6,4,4,1,3,4,4,2,4,3,4,6,4,2,3,2,6,3,5,6,2,1,2,1,4,3,4,3,3,2,1,0,1,5,2,4,4,2,4,2,3,3,2,2,3,2,3,2,2,4,3,2,3,4,3,2,2,2,7,5,4,3,4,4,3,2,4,3,3,4,5,1,2,6,1,3,2,2,2
"Anoka, MN",US,45.3293,-93.2197,3,3,3,2,2,5,3,5,3,4,4,3,2,3,3,3,2,5,6,4,1,5,4,2,3,3,1,2,1,0,2,2,4,5,4,2,2,2,2,2,2,3,4,6,4,5,4,1,3,5,2,3,4,2,4,2,3,3,2,2,3,4,4,5,3,5,2,5,4,4,1,2,4,6,2,2,4,3,2
"Olmsted, MN",US,43.9952,-92.3814,5,5,4,2,4,7,4,5,4,6,4,4,2,3,4,4,3,6,7,5,2,6,6,2,3,5,2,2,2,0,2,3,5,6,4,4,1,1,1,3,4,3,4,7,5,6,6,2,4,6,3,3,6,4,4,2,4,3,3,2,4,5,4,5,3,7,3,7,6,4,2,2,7,6,3,2,4,3,3
"Summit, UT",US,40.8298,-110.9984,3,7,5,4,6,5,6,4,6,4,4,5,5,7,8,6,8,7,3,2,5,4,6,4,3,3,4,5,3,2,4,4,3,6,5,4,4,7,6,4,2,3,3,4,4,7,6,6,5,3,3,3,5,3,5,7,3,3,3,4,6,5,4,3,4,4,6,6,3,5,4,5,5,3,9,9,5,7,4
"Fairfield, CT",US,41.256,-73.3709,2,4,2,1,2,5,2,1,4,2,2,3,5,2,1,1,5,6,2,4,4,2,1,1,1,4,2,3,3,3,1,1,0,2,2,1,3,2,5,3,2,3,1,3,1,4,2,2,1,3,4,3,2,2,2,1,1,2,6,5,4,3,2,2,5,2,2,5,2,3,3,2,2,4,4,3,3,2,2
"Litchfield, CT",US,41.7866,-73.2765,2,3,2,1,2,6,2,1,4,3,3,4,5,1,1,2,5,6,2,4,5,2,1,1,1,4,2,3,4,3,1,1,0,2,2,1,3,3,4,3,1,3,1,3,2,4,2,2,2,3,4,2,2,2,1,1,0,2,6,5,3,3,3,3,5,2,2,5,3,3,3,3,2,4,4,3,3,2,2
"Orleans, LA",US,29.9511,-90.0715,1,1,5,2,2,1,2,3,2,2,3,4,2,1,2,2,1,2,2,5,4,3,2,2,2,1,2,2,2,2,2,3,2,2,3,3,4,4,1,2,3,5,2,4,4,4,2,2,2,2,2,4,4,2,2,2,1,3,2,2,1,3,3,2,4,3,3,2,2,3,2,2,2,2,3,2,2,1,3
"Pennington, SD",US,43.8901,-102.2548,4,4,4,4,5,5,4,4,4,4,3,3,3,4,5,2,6,9,5,2,4,5,4,5,2,4,4,2,3,2,6,3,5,5,5,3,4,4,2,4,4,6,5,6,3,6,4,3,4,4,2,5,4,3,4,5,5,3,4,4,4,7,6,7,6,7,4,5,7,2,3,4,8,4,7,4,5,4,4
"Beadle, SD",US,44.4797,-98.2213,4,3,3,5,3,6,3,2,6,4,4,2,5,6,4,5,4,9,10,4,2,9,1,5,3,2,3,2,2,3,3,3,3,4,5,2,4,4,4,4,4,4,4,7,2,8,3,3,4,3,1,4,3,2,3,2,5,1,2,1,4,4,3,3,3,7,5,6,6,5,1,3,6,3,4,5,4,4,2
"Charles Mix, SD",US,43.0985,-98.3965,4,3,3,6,3,6,3,3,5,3,4,2,4,4,3,5,4,7,9,3,1,6,2,5,3,1,2,2,1,1,2,3,3,3,6,3,3,3,4,4,5,4,4,7,2,7,3,2,4,3,2,3,3,2,3,3,6,2,2,2,4,5,3,5,4,8,5,5,6,4,2,3,7,2,4,4,3,3,2
"Davison, SD",US,43.7242,-98.2213,4,3,3,6,3,7,4,3,6,4,4,2,5,5,3,5,4,8,9,3,2,8,2,5,3,2,3,3,1,2,3,3,4,4,5,2,4,4,4,4,5,4,4,7,2,8,3,2,5,3,2,3,4,2,3,2,6,2,2,2,4,5,3,4,3,8,5,6,6,5,2,3,6,3,4,5,4,4,2
"Minnehaha, SD",US,43.6632,-96.8351,4,3,3,5,3,7,3,3,6,4,5,3,4,5,4,5,3,8,10,5,2,7,4,3,3,1,2,2,1,1,3,2,3,4,6,3,3,3,5,3,5,3,4,7,3,8,4,4,4,3,2,3,4,2,3,3,6,3,2,2,4,5,3,4,3,9,4,6,6,5,2,3,6,3,4,4,3,3,2
"Bon Homme, SD",US,42.9815,-97.8722,4,3,3,6,3,6,3,3,5,3,5,2,3,4,3,5,3,7,9,3,1,6,2,5,3,1,2,3,1,2,2,3,3,3,6,3,3,3,5,3,5,4,4,7,3,7,3,2,5,4,3,3,4,3,3,3,6,3,2,2,5,5,4,5,4,9,4,6,6,5,2,3,7,2,4,4,4,3,2
"Socorro, NM",US,33.8837,-106.7235,3,2,5,3,2,2,4,2,3,2,5,3,2,2,2,2,3,4,3,3,1,2,3,2,1,3,2,3,4,2,4,3,2,3,5,5,3,4,3,3,3,2,6,1,1,2,1,2,2,3,3,5,2,2,5,4,6,1,2,2,3,3,2,3,3,2,4,3,4,2,3,3,2,7,2,3,3,5,5
"Bernalillo, NM",US,35.0178,-106.6291,2,2,4,2,1,1,4,1,2,2,4,2,2,3,2,1,3,2,2,2,1,1,4,3,1,3,1,3,3,2,4,2,2,2,5,3,3,4,3,2,3,2,6,2,2,2,2,2,2,2,2,4,1,1,4,4,5,2,3,1,2,2,2,3,2,2,3,3,4,2,3,2,2,5,2,3,2,4,4
"Oakland, MI",US,42.5922,-83.3362,6,4,4,2,3,4,5,3,4,4,3,5,3,2,3,2,6,3,6,5,2,2,3,2,3,2,4,3,2,1,1,1,2,5,2,4,3,4,4,2,3,2,3,2,3,2,5,3,3,5,4,3,4,4,4,2,5,5,7,6,4,3,3,3,4,2,5,2,4,5,4,2,2,7,2,3,2,3,2
"Wayne, MI",US,42.2791,-83.3362,6,4,4,2,3,4,5,3,4,4,3,5,3,2,3,2,6,2,6,5,2,2,3,1,3,3,4,2,2,1,1,1,2,5,1,3,3,4,4,1,3,2,3,2,2,2,5,2,3,5,4,3,4,4,4,2,4,5,6,5,4,3,3,3,3,2,5,2,4,5,4,1,2,6,2,3,2,3,2
"New Castle, DE",US,39.5393,-75.6674,2,2,1,1,1,4,2,1,3,1,1,4,4,1,1,1,4,2,1,3,3,1,0,0,2,3,2,2,2,2,1,0,1,2,1,1,2,1,4,3,1,2,1,1,3,4,1,1,1,2,3,1,2,1,1,1,1,1,4,3,3,1,1,1,1,1,1,3,1,1,2,1,1,3,2,1,2,1,1
,Cuba,22.0,-80.0,0,1,2,2,1,3,3,2,4,5,5,4,4,4,4,3,4,4,4,2,1,3,4,2,1,1,1,1,1,1,2,1,2,3,2,2,2,4,3,1,4,3,2,2,2,2,3,2,2,3,3,2,2,4,4,2,2,2,3,3,4,3,2,2,2,2,1,4,6,5,4,3,3,3,4,4,3,3,4
,Guyana,5.0,-58.75,1,2,2,1,1,1,1,1,2,2,2,2,2,2,1,1,1,1,2,2,2,2,1,1,1,1,1,1,1,1,1,1,1,1,2,2,2,2,2,2,1,1,2,1,2,2,2,1,1,2,2,2,2,1,1,2,1,2,2,2,2,2,2,2,2,2,2,2,2,2,2,2,1,1,1,1,1,2,2
Australian Capital Territory,Australia,-35.4735,149.0124,1,1,1,2,2,1,2,2,2,2,2,2,2,1,1,1,2,2,1,1,2,2,4,2,1,1,1,1,1,1,1,2,2,2,2,1,1,2,4,5,2,1,2,1,0,1,1,1,2,2,1,1,1,1,1,1,2,1,1,1,1,2,1,1,1,1,1,1,1,1,1,1,1,2,1,2,1,1,1
United Kingdom,United Kingdom,55.3781,-3.4360000000000004,4,9,5,4,5,8,9,4,3,4,8,3,8,7,8,7,3,3,2,3,2,2,2,3,6,5,5,4,6,8,7,7,3,8,6,2,1,3,10,10,9,10,6,4,5,8,10,9,7,6,7,10,10,5,4,4,4,5,4,7,9,4,4,1,0,2,7,6,5,7,6,8,3,6,6,5,5,4,2
,Kazakhstan,48.0196,66.9237,6,4,3,4,3,4,1,0,2,4,3,1,2,6,6,4,11,3,1,2,5,8,11,4,7,10,9,11,2,3,4,4,3,2,4,6,5,7,6,4,4,2,6,6,4,4,5,4,2,5,3,3,3,3,3,3,8,9,2,6,4,4,3,1,2,6,4,2,1,2,2,4,2,2,3,2,4,2,1
French Polynesia,France,-17.6797,149.4068,3,4,7,7,7,6,6,6,7,7,6,6,6,6,4,2,4,4,2,3,4,4,3,2,3,3,4,3,5,5,7,7,6,4,4,5,3,3,3,1,2,3,4,4,7,4,3,5,4,3,2,4,6,6,5,2,1,2,4,5,6,5,2,1,1,2,4,4,2,2,5,10,13,12,8,9,11,11,10
Manitoba,Canada,53.7609,-98.8139,3,2,2,2,4,5,4,5,3,4,4,4,7,3,3,3,3,5,6,3,4,4,4,3,5,3,2,1,2,2,4,5,3,3,5,4,3,1,3,2,3,4,6,6,3,6,6,2,3,5,4,5,5,3,4,3,2,2,4,4,2,7,3,2,4,2,6,7,7,2,1,4,5,5,2,2,6,4,2
Saskatchewan,Canada,52.9399,-106.4509,2,2,2,2,4,3,5,1,5,4,2,4,3,2,2,2,2,3,4,1,3,3,2,2,2,3,1,2,1,2,3,5,2,6,2,4,3,2,2,2,4,4,4,2,3,4,2,1,4,2,4,5,4,2,3,2,2,2,2,3,4,6,5,2,2,3,3,6,2,2,3,3,5,4,3,3,5,2,0
,Ethiopia,9.145,40.4897,2,2,2,2,2,3,3,2,2,2,3,3,2,3,2,2,2,2,2,3,2,2,2,2,2,3,2,2,2,2,2,2,2,3,2,2,2,3,3,3,2,3,3,2,3,2,2,2,2,2,3,2,3,3,2,2,4,3,2,2,3,2,3,2,2,2,2,3,2,2,2,2,2,2,2,2,2,2,2
,Sudan,12.8628,30.2176,4,3,7,6,6,4,4,5,5,5,5,5,4,3,3,3,5,5,5,5,5,5,5,5,6,6,5,4,4,4,4,4,4,4,4,3,3,4,7,7,7,7,6,5,3,3,4,4,5,5,6,5,5,5,6,6,5,4,5,5,5,5,4,4,3,3,5,6,5,4,2,5,5,5,4,4,4,5,4
,Guinea,9.9456,-9.6966,2,2,2,2,1,1,0,1,1,2,2,2,2,2,2,1,1,2,2,1,1,1,2,3,2,1,2,1,1,2,1,1,1,2,2,2,1,2,2,1,1,2,3,2,2,2,2,1,1,1,1,2,2,1,2,2,2,1,1,1,1,1,1,2,1,2,2,2,2,2,2,1,2,1,1,2,2,3,3
Grand Princess,Canada,37.6489,-122.6655,2,6,6,3,5,6,3,4,5,6,3,7,5,4,5,4,8,2,4,5,3,7,2,2,1,1,5,2,4,5,5,2,4,11,8,5,3,2,3,8,9,3,2,3,3,2,4,7,3,3,2,2,3,6,8,5,3,2,3,3,10,6,7,3,2,3,3,3,3,3,3,2,2,5,5,6,3,2,3
,Kenya,-0.0236,37.9062,2,1,1,1,1,1,1,1,1,1,1,1,1,1,1,2,2,2,2,2,2,2,2,1,1,1,1,1,1,1,1,1,1,1,1,2,2,2,1,2,2,1,1,1,1,1,1,1,1,1,1,1,1,1,1,1,1,1,1,1,1,1,1,1,1,1,1,1,1,1,1,1,1,1,1,1,1,1,1
,Antigua and Barbuda,17.0608,-61.7964,3,3,5,6,6,6,5,6,7,9,11,11,11,11,10,9,7,6,7,8,7,7,6,5,3,2,2,3,3,2,4,4,5,5,4,6,7,8,9,9,8,8,8,8,9,8,8,8,8,9,9,8,6,3,2,3,5,6,4,5,5,5,6,7,6,6,6,7,5,7,8,6,6,6,3,3,2,3,6
Alabama,US,32.3182,-86.9023,2,1,3,2,4,1,1,3,1,3,4,5,1,1,2,1,3,3,3,4,4,3,1,3,3,2,1,1,0,2,1,2,2,2,2,3,4,4,4,2,3,3,3,4,4,3,2,2,2,2,2,4,3,1,1,2,1,3,3,3,2,2,3,3,3,3,4,2,2,3,2,1,3,2,1,1,1,1,2
,Uruguay,-32.5228,-55.7658,4,6,5,5,3,3,5,3,3,3,3,2,3,5,4,4,4,1,3,3,2,2,5,4,2,3,4,4,3,3,5,2,3,3,5,6,6,4,4,4,6,3,5,6,4,4,1,3,4,6,1,6,7,4,3,3,4,2,2,2,1,3,4,4,3,4,4,4,2,2,5,5,3,5,4,4,3,5,4
,Ghana,7.9465,-1.0232,2,3,3,2,2,1,1,1,1,1,3,2,2,2,2,2,2,2,2,1,1,1,2,2,2,1,1,1,1,1,1,1,1,2,1,1,1,2,2,1,2,2,2,1,2,2,1,2,2,1,2,2,2,2,2,2,1,2,2,2,2,3,2,2,2,2,2,2,3,2,2,2,3,2,2,2,2,3,3
Puerto Rico,US,18.2208,-66.5901,1,1,2,2,2,1,1,2,2,3,4,5,4,5,4,3,2,2,3,3,2,2,2,2,1,1,1,0,1,0,1,1,2,1,1,2,2,3,3,3,2,3,3,3,4,3,2,3,2,3,3,3,1,1,1,1,2,2,1,1,1,1,2,2,2,2,2,1,2,4,2,2,2,1,2,3,3,3,2
,Namibia,-22.9576,18.4904,4,3,3,3,3,3,3,3,4,3,4,4,3,3,4,4,3,2,4,2,2,2,3,3,3,3,3,2,2,3,4,5,5,4,3,4,2,3,4,4,3,3,2,3,3,3,3,3,2,3,2,3,2,3,3,4,4,2,3,4,5,3,3,5,4,3,3,3,2,3,1,2,2,2,2,3,4,3,3
,Seychelles,-4.6796,55.492,2,2,2,2,3,3,3,2,2,4,4,4,4,3,2,4,6,3,3,4,4,4,4,3,2,2,2,5,4,5,5,5,5,7,7,7,9,6,5,5,6,5,4,2,2,2,5,3,2,3,5,4,5,4,3,2,3,3,3,6,5,4,4,5,7,6,5,3,3,4,3,3,3,2,2,4,2,2,1
,Trinidad and Tobago,10.6918,-61.2225,2,3,3,2,2,2,1,3,3,3,4,4,3,3,3,3,3,3,3,3,3,3,2,2,1,2,2,2,2,3,3,3,3,3,3,3,3,4,3,3,3,3,3,3,3,3,3,3,3,3,3,3,2,2,2,3,3,2,2,3,3,3,3,2,3,4,3,3,3,3,3,3,3,3,2,1,2,2,3
,Venezuela,6.4238,-66.5897,2,3,3,2,2,2,3,2,3,3,3,4,4,3,2,2,2,2,2,2,2,2,2,2,2,2,2,2,2,2,2,2,3,2,2,2,3,3,3,3,3,3,2,2,3,2,3,3,2,2,3,3,2,2,2,2,3,2,2,2,2,2,2,2,2,2,2,2,2,3,2,2,2,1,2,2,3,3,2
,Eswatini,-26.5225,31.4659,1,1,1,1,1,1,1,2,1,2,1,1,1,1,1,1,1,1,2,2,1,1,1,1,2,1,3,1,1,1,2,1,1,1,1,1,1,1,1,1,2,2,1,1,1,1,1,1,2,1,1,1,1,3,2,1,1,1,2,2,1,1,1,1,1,1,1,1,1,1,1,1,1,1,1,2,1,1,1
,Gabon,-0.8037,11.6094,1,1,1,1,0,1,1,1,1,1,1,0,1,1,1,1,1,1,1,1,1,1,1,1,1,1,1,1,1,1,1,1,1,1,1,1,1,1,1,1,1,1,1,1,1,1,1,1,0,0,1,1,1,1,1,1,1,1,1,1,1,1,0,1,1,1,1,1,1,1,1,1,0,1,1,1,1,1,1
,Guatemala,15.7835,-90.2308,1,1,1,1,2,1,1,1,1,1,1,1,1,1,1,1,1,1,1,1,1,1,1,1,1,1,1,1,1,1,1,1,1,1,2,1,1,1,1,1,2,1,2,2,1,1,1,1,2,1,1,1,1,1,1,1,1,1,2,1,1,2,2,1,1,1,2,1,1,1,1,1,1,2,2,2,1,2,2
,Mauritania,21.0079,10.9408,6,6,6,5,3,3,5,4,2,1,4,4,4,6,5,5,5,5,3,2,2,2,2,3,2,1,1,2,2,1,1,1,1,3,4,2,1,6,4,4,5,6,4,2,3,5,6,5,5,5,3,4,5,6,6,3,2,1,3,4,3,2,1,2,4,3,1,2,3,2,7,6,3,1,1,2,3,3,2
,Rwanda,-1.9403,29.8739,1,1,1,1,1,1,1,1,1,1,1,0,0,1,1,1,0,1,0,1,1,1,0,0,0,1,0,0,0,0,0,0,0,0,0,0,0,1,1,1,1,1,1,1,1,1,1,1,1,1,1,1,1,1,1,0,0,1,1,0,0,0,0,0,1,0,1,1,0,0,0,1,1,0,0,1,0,0,1
,Saint Lucia,13.9094,-60.9789,4,4,5,3,3,4,6,6,6,8,10,9,9,9,8,8,6,6,6,8,6,6,6,5,4,4,4,3,3,4,5,6,6,5,5,6,7,8,8,7,7,8,7,7,8,8,7,7,7,8,8,7,5,4,4,5,5,4,5,5,5,5,5,6,7,7,6,6,5,6,6,6,6,6,5,4,3,4,5
,Saint Vincent and the Grenadines,12.9843,-61.2872,6,5,6,5,4,4,7,7,7,9,12,10,10,10,9,9,8,7,7,9,7,7,5,6,6,5,5,5,5,6,7,7,7,6,6,7,7,9,9,8,8,9,8,8,10,9,8,8,8,9,8,8,6,5,5,6,6,5,5,6,6,6,6,7,8,9,8,7,7,7,7,7,6,7,6,5,4,5,6
,Suriname,3.9193,-56.0278,1,1,1,1,1,1,1,1,1,1,1,1,1,1,0,1,1,1,1,1,1,1,1,1,1,1,1,1,1,1,1,1,1,1,1,1,1,1,1,1,1,1,1,1,1,1,1,1,1,1,1,1,1,1,1,1,1,1,1,1,1,1,1,1,1,1,1,1,1,1,1,1,1,1,1,1,1,1,1
French Guiana,France,3.9339,-53.1258,1,1,1,1,1,1,1,1,2,2,1,1,1,1,1,1,1,1,1,2,2,2,1,1,1,1,1,1,1,1,1,1,1,1,1,2,2,2,1,1,1,1,1,1,1,1,1,1,1,1,1,1,1,0,1,1,1,1,1,1,1,1,1,1,1,1,1,1,1,2,1,1,1,1,1,1,1,1,1
Guam,US,13.4443,144.7937,4,4,4,4,4,4,5,4,4,4,3,3,3,4,4,4,3,2,2,3,5,6,5,5,4,4,4,3,3,2,1,2,4,5,4,3,2,3,3,2,2,5,6,6,6,5,5,5,5,5,5,5,6,6,6,5,5,3,3,5,5,4,4,4,4,3,4,3,2,2,3,3,4,3,2,3,3,4,4
,Kosovo,42.6026,20.903000000000002,1,0,0,0,3,3,1,1,0,0,1,1,0,0,0,0,0,0,1,1,0,0,1,0,0,0,0,2,2,1,2,1,1,3,3,4,4,1,0,0,4,4,1,0,1,2,0,0,1,1,2,1,2,0,2,3,5,3,2,1,2,4,2,1,1,2,1,2,1,1,1,1,1,2,3,2,1,2,0
Newfoundland and Labrador,Canada,53.1355,-57.6604,1,3,3,4,3,2,4,4,2,6,4,4,4,4,3,3,2,4,5,4,2,4,4,6,5,4,2,5,1,2,3,3,3,3,11,7,6,6,3,4,5,4,2,2,6,6,6,5,3,4,4,7,7,6,4,2,2,2,2,3,3,1,1,4,4,10,7,3,3,6,3,1,2,3,7,7,4,7,6
Prince Edward Island,Canada,46.5107,-63.4168,7,8,8,3,3,9,5,3,7,11,6,7,10,4,3,4,3,15,7,7,6,5,4,6,3,1,7,5,9,9,9,5,2,6,6,5,7,4,8,8,5,6,3,5,7,7,5,6,5,4,8,7,4,6,5,4,2,2,10,8,3,6,4,5,8,11,6,12,6,4,5,5,3,7,9,7,6,6,6
,Central African Republic,6.6111,20.9394,2,3,3,2,2,2,3,3,3,3,3,3,2,2,2,2,2,2,2,3,3,3,3,3,3,3,2,3,2,2,2,2,2,2,2,2,2,3,4,4,4,3,3,2,3,2,2,2,2,2,2,3,4,3,2,3,3,2,3,3,3,2,1,2,1,2,2,2,2,2,2,2,2,1,2,1,2,3,2
,Congo (Brazzaville),-4.0383,21.7587,0,1,1,1,1,0,1,1,1,1,0,1,0,0,0,0,1,1,0,1,1,1,1,0,1,1,0,1,1,1,0,1,1,1,1,0,1,1,1,1,1,1,0,1,1,1,1,1,0,1,1,1,1,1,1,1,1,1,1,0,1,1,1,0,1,0,0,1,1,1,1,1,1,0,0,1,1,1,1
,Equatorial Guinea,1.5,10.0,1,1,1,1,1,1,1,1,1,1,1,1,1,0,1,1,1,1,1,1,1,1,1,1,1,1,1,1,1,1,1,1,1,1,1,1,1,1,1,1,1,1,1,1,1,1,1,1,1,0,1,1,1,1,1,1,1,1,1,1,1,1,1,1,1,1,1,1,1,1,1,1,1,1,1,1,1,1,1
Mayotte,France,-12.8275,45.1662,5,6,4,3,3,2,2,1,1,1,2,1,4,3,2,2,3,6,8,9,10,11,7,6,4,3,1,3,4,4,3,3,2,4,2,1,1,1,1,1,2,2,3,3,3,4,4,2,1,1,1,3,5,4,4,5,3,2,3,5,2,1,3,4,3,4,3,4,4,3,2,2,3,4,5,4,3,2,2
,Uzbekistan,41.3775,64.5853,2,1,1,3,2,2,1,2,4,3,2,2,1,2,3,2,2,3,2,1,2,4,3,4,2,3,4,2,3,4,2,2,4,4,4,6,2,5,6,5,4,5,4,3,2,6,2,4,6,4,3,4,4,4,2,3,5,3,5,2,2,3,8,5,2,3,8,6,3,1,1,1,2,2,2,2,2,5,6
Netherlands,Netherlands,52.1326,5.2913,2,4,6,5,3,4,5,4,6,4,6,7,5,9,8,5,5,4,3,1,2,1,1,1,2,4,5,7,6,7,7,8,6,6,5,2,2,3,5,12,11,10,7,5,4,8,12,8,7,5,8,7,10,8,6,6,5,4,6,9,8,4,4,3,4,5,4,7,5,8,5,9,5,4,5,2,4,5,3
Nova Scotia,Canada,44.681999999999995,-63.7443,6,4,4,1,1,6,2,1,4,5,3,5,4,2,2,2,2,8,3,4,3,2,1,3,1,2,5,3,4,4,5,3,2,4,4,3,3,2,4,6,3,4,2,4,2,4,3,5,2,3,6,4,2,4,3,2,1,1,7,5,2,4,3,3,6,6,3,8,4,2,3,3,1,5,6,4,4,3,4
Guadeloupe,France,16.25,-61.5833,2,2,3,4,4,4,3,4,5,6,8,7,7,8,6,6,4,4,4,5,5,4,4,3,2,2,2,2,2,2,3,3,4,3,3,4,5,6,6,7,5,6,6,6,6,5,5,5,6,6,6,6,4,2,1,2,3,4,3,3,3,3,4,5,5,4,4,4,3,5,6,5,4,4,2,2,1,2,4
,Benin,9.3077,2.3158,3,4,3,3,2,1,1,1,2,1,2,1,1,2,3,3,3,2,2,1,1,2,3,3,4,2,1,1,2,2,3,3,3,2,2,2,2,3,3,2,2,3,4,2,2,2,2,2,1,2,2,2,2,3,3,3,1,1,1,1,2,3,2,1,1,1,2,2,2,2,2,2,2,2,1,1,2,2,2
,Liberia,6.4281,-9.4295,1,1,1,1,1,1,1,1,1,1,1,1,1,1,1,1,1,1,1,1,1,1,1,1,1,1,1,1,1,1,1,1,1,1,1,1,1,1,1,1,1,1,1,1,1,1,1,2,1,1,1,1,1,1,2,1,1,1,2,2,2,1,1,1,1,1,2,1,1,1,1,1,1,2,2,1,2,2,1
Curacao,Netherlands,12.1696,-68.99,7,6,6,6,5,2,3,5,7,8,11,10,9,9,8,8,9,8,9,9,9,8,6,3,3,3,2,4,4,5,6,7,8,7,8,7,8,9,9,7,6,8,9,8,8,8,8,8,8,9,8,8,7,5,5,5,6,6,6,6,6,7,7,8,8,9,9,7,7,8,8,7,7,6,5,5,5,6,5
,Somalia,5.1521,46.1996,5,5,5,4,3,4,5,5,5,3,3,4,6,5,5,6,6,6,5,5,5,5,5,5,6,5,7,7,6,5,5,4,5,5,6,6,6,6,5,3,3,3,5,7,8,6,5,5,4,4,3,5,5,6,6,4,5,5,5,4,4,4,5,4,2,3,3,4,3,5,6,6,6,5,5,4,5,5,5
,Tanzania,-6.369,34.8888,1,1,1,2,1,1,1,2,1,1,1,2,1,1,1,1,1,2,2,1,3,2,1,1,1,1,1,1,1,1,1,1,1,1,1,1,1,2,2,2,1,1,1,2,2,1,1,1,2,2,2,1,2,2,1,1,1,2,2,1,1,1,1,1,0,1,1,1,1,1,1,1,2,1,1,1,1,1,1
Virgin Islands,US,18.3358,-64.8963,3,3,4,6,7,4,5,6,7,9,11,12,11,12,10,9,6,6,8,10,7,7,6,4,3,3,4,3,2,2,3,4,6,3,3,6,7,8,8,9,7,8,8,9,9,8,7,9,7,8,8,8,5,3,3,4,7,7,5,5,3,3,5,6,6,6,6,4,5,8,7,6,5,4,4,7,7,7,6
Cayman Islands,United Kingdom,19.3133,-81.2546,3,5,6,7,4,7,8,6,10,11,11,9,9,9,8,10,9,11,10,7,4,7,9,4,4,4,4,1,1,3,2,5,3,7,7,7,7,9,6,5,8,7,7,6,6,5,6,6,6,7,6,4,4,7,7,7,5,5,3,10,10,9,8,6,6,6,3,8,12,11,9,7,6,6,7,7,8,7,7
Reunion,France,-21.1351,55.2471,3,1,2,2,2,2,2,3,4,3,3,3,1,1,1,1,2,1,2,5,3,4,4,4,8,6,4,2,1,2,3,4,4,4,5,5,3,3,4,5,5,6,4,2,1,2,3,3,3,3,3,2,2,1,1,2,2,2,1,1,1,1,4,4,2,2,2,4,4,4,5,4,3,4,3,4,4,4,3
,Barbados,13.1939,-59.5432,5,5,5,4,4,4,6,6,7,9,11,9,9,9,8,8,6,6,7,8,7,6,6,6,5,4,3,4,4,5,6,6,6,5,5,6,7,8,9,8,8,8,8,8,9,8,8,7,8,8,8,8,5,4,4,6,5,5,5,6,6,5,5,6,7,7,7,6,5,6,7,6,6,6,5,4,3,4,5
,Montenegro,42.5,19.3,4,3,2,1,4,4,3,2,1,1,2,2,1,1,1,2,1,1,1,3,1,1,2,1,0,1,1,1,1,1,1,1,0,0,1,3,4,2,2,1,1,1,1,1,1,2,1,1,1,1,3,2,2,1,1,1,2,2,1,1,1,2,2,1,1,1,0,2,1,2,1,1,1,1,3,1,1,3,1
,Kyrgyzstan,41.2044,74.7661,1,0,1,0,0,0,0,1,1,1,0,0,1,1,1,1,1,1,1,0,0,1,1,1,1,0,0,1,0,0,0,1,0,1,0,0,0,1,1,1,1,1,1,1,1,1,1,0,1,1,0,1,1,1,1,1,1,1,0,0,0,1,0,0,0,1,1,1,1,1,0,1,1,1,1,1,1,0,1
,Mauritius,-20.2,57.5,3,1,1,2,2,3,2,1,3,2,2,4,3,3,4,5,4,4,3,2,3,2,4,5,5,5,4,1,1,2,4,5,5,6,7,6,5,5,4,4,5,7,6,4,3,5,4,4,4,4,4,4,2,1,1,2,3,4,4,2,2,2,3,1,2,4,3,4,6,6,3,3,3,2,2,2,5,2,2
Aruba,Netherlands,12.5186,-70.0358,8,8,7,7,7,4,4,6,8,9,11,11,10,10,9,9,10,10,11,10,10,9,6,3,4,4,3,4,5,5,7,9,10,8,9,9,9,10,10,9,7,10,10,9,10,9,9,9,10,10,9,9,7,6,5,6,8,7,7,7,7,8,9,9,10,11,10,8,8,10,9,8,7,7,6,6,7,7,6
,Zambia,-15.4167,28.2833,2,1,1,1,2,2,2,1,1,1,2,3,1,2,1,1,2,2,3,3,2,1,2,3,3,2,1,3,3,3,4,3,3,3,3,2,2,2,2,2,2,3,3,3,3,3,1,1,2,3,2,1,1,1,2,4,3,3,2,3,3,3,3,3,3,3,3,3,2,2,2,2,3,2,2,2,3,3,3
,Djibouti,11.8251,42.5903,2,3,3,3,2,1,2,3,2,1,2,2,2,1,2,4,4,3,2,1,2,2,1,2,2,2,2,4,4,3,3,2,2,3,4,3,3,3,2,2,1,2,2,3,4,4,4,4,3,2,1,1,2,3,3,2,1,1,2,2,1,1,2,3,2,2,2,2,3,4,5,6,6,3,1,1,2,3,2
,"Gambia, The",13.4432,-15.3101,4,4,4,4,4,4,3,3,4,4,4,3,3,3,3,4,4,4,3,1,1,2,2,3,3,4,4,2,2,3,4,3,2,1,3,4,4,4,4,4,3,3,3,4,4,4,3,3,4,2,2,2,2,2,4,4,5,3,2,3,4,3,3,2,2,2,2,2,2,2,2,3,3,4,4,3,3,3,3
Montserrat,United Kingdom,16.7425,-62.1874,3,3,5,6,6,6,6,6,7,9,12,11,11,11,10,9,7,6,7,8,7,7,6,5,2,2,2,3,2,2,4,5,6,5,4,6,7,9,9,10,8,8,9,9,9,8,8,8,8,9,9,9,6,3,2,3,5,6,4,5,5,6,6,7,7,7,7,7,6,8,8,7,7,6,4,4,2,3,6
,"Bahamas, The",25.0343,-77.3963,4,2,4,6,5,8,5,3,6,10,11,9,8,7,7,5,4,7,9,4,3,6,10,8,5,2,2,3,4,3,5,2,5,8,2,4,5,8,6,6,9,8,5,6,6,4,3,5,4,7,5,4,6,10,7,7,7,7,6,5,7,7,7,6,6,5,6,9,11,11,9,7,5,6,5,5,5,4,5
Greenland,Denmark,71.7069,-42.6043,-1000,-1000,-1000,-1000,-1000,-1000,-1000,-1000,-1000,-1000,-1000,-1000,-1000,-1000,-1000,-1000,-1000,-1000,-1000,-1000,-1000,-1000,-1000,-1000,-1000,8,9,9,8,7,6,6,7,6,4,6,7,11,8,13,7,7,3,5,7,11,9,8,6,6,6,6,4,4,5,5,5,6,5,4,5,7,10,9,6,5,6,6,5,6,4,4,4,4,2,8,11,6,5
New Caledonia,France,-20.9043,165.618,5,5,5,7,7,6,6,6,6,7,7,7,9,10,9,8,7,7,7,6,5,5,7,7,7,8,7,5,6,7,7,6,6,6,6,8,9,9,9,9,11,13,10,4,2,6,7,8,7,6,4,4,5,6,6,6,6,3,3,3,4,3,3,3,5,6,6,5,5,4,3,2,2,4,14,6,4,7,10
Bermuda,United Kingdom,32.3078,-64.7505,8,9,7,4,8,15,6,4,9,9,8,8,5,2,4,7,6,15,8,9,11,4,9,16,11,5,3,7,10,8,6,7,10,14,11,5,7,7,11,5,5,5,5,7,6,9,9,7,3,5,6,5,12,11,9,6,4,7,10,4,9,12,7,6,10,9,11,11,11,5,3,5,4,4,2,4,9,5,2
,Chad,15.4542,18.7322,4,7,9,8,7,4,5,6,6,6,5,5,3,3,3,7,8,8,7,6,6,7,7,6,7,6,5,5,6,6,7,6,5,5,6,5,4,5,8,8,9,9,7,6,4,5,7,7,6,7,6,5,7,7,9,8,5,3,4,6,6,5,3,3,4,6,5,4,4,5,4,7,7,6,4,3,5,7,6
,El Salvador,13.7942,-88.8965,1,1,1,1,2,4,3,2,3,2,2,1,2,2,2,2,3,2,2,2,3,3,2,1,1,1,1,1,1,1,1,1,1,3,1,1,1,1,1,1,1,1,1,1,1,2,3,2,1,1,1,1,3,3,2,1,1,1,3,4,4,2,1,1,1,1,3,4,3,3,2,2,1,1,1,1,1,1,1
,Fiji,-17.7134,178.065,1,1,1,1,1,1,1,1,2,2,2,1,1,1,2,1,2,2,1,1,1,1,1,1,1,1,0,0,0,0,1,1,1,1,1,1,1,1,1,1,1,1,0,1,2,2,2,2,1,1,1,1,1,0,0,0,0,0,0,0,0,1,1,1,1,0,0,0,0,0,1,1,1,1,1,2,1,0,0
,Nicaragua,12.8654,-85.2072,2,2,2,1,2,4,3,3,5,4,4,4,4,4,4,4,4,4,4,3,3,3,3,1,1,2,2,1,1,1,1,2,2,4,3,3,2,1,1,3,4,4,3,3,3,4,4,3,4,4,4,4,3,3,3,2,1,1,2,4,4,4,3,2,2,3,4,4,4,4,4,3,3,3,3,4,3,3,3
